Feature	baseMean	log2FoldChange	lfcSE	stat	p.value	q.value
Ruminococcus__gnavus__ref_mOTU_v25_01594_	1.76744186046512	-3.01379601001178	0.75064643607228	-4.01493414900006	5.94623943902184e-05	0.0274121638138907
Clostridiales_species_incertae_sedis__meta_mOTU_v25_13377_	2.12403100775194	0.836615030174605	0.265013518809651	3.15687680361511	0.00159468704786285	0.245050243021592
Mogibacterium_sp__BX12__mags_db_all_26_	1.17829457364341	-1.73462451259591	0.536429613806633	-3.23364793432376	0.00122220019550626	0.245050243021592
Clostridiales_species_incertae_sedis__meta_mOTU_v25_13012_	1.17054263565891	-2.96000607612646	1.01074025897704	-2.92855266210754	0.0034054413935422	0.261651413737159
Clostridiales_species_incertae_sedis__meta_mOTU_v25_12563_	7.51162790697674	0.900048456844558	0.297513497064343	3.02523571443182	0.00248439423397581	0.261651413737159
Bacteroidales_species_incertae_sedis__meta_mOTU_v25_12262_	2.27131782945736	0.946647298201665	0.322472289272532	2.93559269956875	0.0033291112441253	0.261651413737159
Eubacterium__eligens__ref_mOTU_v25_02376_	7.12403100775194	1.18834296175798	0.465489086830119	2.55289113188526	0.0106832883196853	0.32103112292637
uncultured_Blautia_sp___ref_mOTU_v25_11916_	1.29457364341085	0.71858983375173	0.278391260625595	2.58122267249672	0.00984510571318759	0.32103112292637
Clostridiales_species_incertae_sedis__meta_mOTU_v25_12251_	6.54263565891473	-2.08188310229278	0.769482171714313	-2.70556379188695	0.00681885501548491	0.32103112292637
Bacteroides_cellulosilyticus_fragilis__ref_mOTU_v25_01597_	1.30232558139535	-2.14232599903362	0.833781902036351	-2.56940813155263	0.0101872399034069	0.32103112292637
Clostridiales_species_incertae_sedis__meta_mOTU_v25_14166_	4.24806201550388	0.761777623064396	0.278628260241463	2.73402856696671	0.00625646161101305	0.32103112292637
Eubacterium_species_incertae_sedis__ext_mOTU_v26_16236_	6.02325581395349	1.08323423937533	0.395754823633145	2.73713464672627	0.00619769201936353	0.32103112292637
Eubacterium_sp__CAG_38__ref_mOTU_v25_07679_	4.04651162790698	1.39759583831445	0.530989004505424	2.63206173095091	0.00848684410188718	0.32103112292637
Faecalibacterium_species_incertae_sedis__ext_mOTU_v26_18129_	1.42635658914729	1.50045503869517	0.591146689307571	2.53821101570017	0.0111420780191365	0.32103112292637
Bifidobacterium_species_incertae_sedis__ext_mOTU_v26_26736_	1.22480620155039	2.18128402208033	0.812563887082265	2.68444617925716	0.00726500794076655	0.32103112292637
Clostridiales_species_incertae_sedis__meta_mOTU_v25_12356_	10.1860465116279	0.898417664907907	0.348358834195203	2.5790006645977	0.00990865960431455	0.32103112292637
Eggerthella_lenta__ref_mOTU_v25_00719_	2.17829457364341	-1.4796550837388	0.630490214442189	-2.34683274989111	0.0189337515917036	0.325793299734852
Streptococcus_parasanguinis__ref_mOTU_v25_00312_	2.75193798449612	-1.00373584894987	0.428225659354071	-2.34394139403951	0.0190811693987875	0.325793299734852
Odoribacter_splanchnicus__ref_mOTU_v25_03697_	3.65891472868217	0.596807710722241	0.240446419089781	2.48208192486908	0.0130617241271111	0.325793299734852
Prevotella_sp__CAG_279__meta_mOTU_v25_12279_	7.50387596899225	-3.23850652624103	1.33017314267532	-2.43465036418309	0.0149061851762906	0.325793299734852
Bacteroides_species_incertae_sedis__ext_mOTU_v26_17779_	5	1.24778066983282	0.506888342363616	2.46164799137899	0.0138300327974209	0.325793299734852
Oscillibacter_species_incertae_sedis__ext_mOTU_v26_18125_	2.86821705426357	0.997685751279168	0.397796598903898	2.50802986759621	0.0121406404629274	0.325793299734852
Bacteria_species_incertae_sedis__ext_mOTU_v26_16372_	0.426356589147287	1.95639206558381	0.807642241116768	2.42234985490433	0.0154204966577875	0.325793299734852
Sutterella_wadsworthensis__ref_mOTU_v25_03066_	5.32558139534884	1.68471304332218	0.717063674019957	2.34946086987986	0.0188006201049071	0.325793299734852
Eubacterium__rectale__ref_mOTU_v25_03657_	96.8992248062015	0.756122605855553	0.31551921977221	2.39643913420374	0.0165552427871407	0.325793299734852
Flavonifractor_species_incertae_sedis__ext_mOTU_v26_17316_	1.48062015503876	0.987446639740081	0.421040562925664	2.34525299149008	0.0190141727853265	0.325793299734852
Clostridiales_species_incertae_sedis__meta_mOTU_v25_12522_	2.68217054263566	0.835629104963641	0.345737898147317	2.4169439030013	0.0156514290236601	0.325793299734852
Clostridiales_species_incertae_sedis__mags_db_all_139_	0.868217054263566	2.35468085588181	1.02926151980337	2.28773816039645	0.022152773998615	0.340414293778717
Oscillibacter_sp__57_20__meta_mOTU_v25_12610_	12.1472868217054	0.960173120649412	0.416601124754473	2.30477803250122	0.0211790080152599	0.340414293778717
Faecalibacterium_species_incertae_sedis__ext_mOTU_v26_18130_	5.69767441860465	1.13417572375433	0.493480836652198	2.298317664063	0.0215437158207395	0.340414293778717
Faecalicatena_contorta__ref_mOTU_v25_03445_	0.713178294573643	0.965360057418912	0.42880670970784	2.25127087698008	0.0243683861792725	0.359142027874129
Ruminococcus__torques__ref_mOTU_v25_03703_	2.43410852713178	-1.11367477657021	0.49662376856742	-2.24249189639625	0.0249295984641478	0.359142027874129
Eubacterium_ventriosum__ref_mOTU_v25_11151_	3.43410852713178	0.938467118861802	0.429752708930941	2.1837375294186	0.0289815403646374	0.381728288802796
unassigned	238.53488372093	0.357692389313021	0.162675278238729	2.19881221772433	0.0278912773950602	0.381728288802796
Lachnospiraceae_species_incertae_sedis__meta_mOTU_v25_12240_	57.8604651162791	0.536878194083509	0.244671626789507	2.19428055932856	0.0282152461723937	0.381728288802796
uncultured_Clostridium_sp___ref_mOTU_v25_06391_	1.03100775193798	0.738767704713068	0.352962783481197	2.09304702730061	0.0363449567444392	0.408659147785036
Oscillibacter_species_incertae_sedis__ext_mOTU_v26_17930_	1.05426356589147	0.682914495837068	0.325540033147381	2.09778959974454	0.0359237356554153	0.408659147785036
Clostridiales_species_incertae_sedis__meta_mOTU_v25_12587_	1.02325581395349	1.41683885154811	0.672225454668822	2.10768402432206	0.0350583300913726	0.408659147785036
Clostridium_sp___ref_mOTU_v25_03675_	0.449612403100775	1.27784360949987	0.606333475117369	2.1074930907493	0.0350748599683528	0.408659147785036
Clostridium_species_incertae_sedis__ext_mOTU_v26_17427_	3.67441860465116	0.535792737320204	0.255725572371049	2.09518638418682	0.0361544271666132	0.408659147785036
Clostridiales_species_incertae_sedis__meta_mOTU_v25_13729_	0.976744186046512	-1.7644280627126	0.833964641590075	-2.11571087636097	0.0343694049766581	0.408659147785036
Lachnospiraceae_species_incertae_sedis__ext_mOTU_v26_18135_	4.04651162790698	1.3420077158609	0.645999977753711	2.07741139640184	0.0377636052493163	0.414500524284162
Clostridium_sp___ref_mOTU_v25_03618_	0.868217054263566	1.30852725959065	0.633477810359713	2.06562445943863	0.0388639530559041	0.416657729273762
Faecalibacterium_prausnitzii__ref_mOTU_v25_06108_	99.7209302325581	0.629529695309879	0.307776789659204	2.04540990893741	0.0408144628613886	0.427624258615912
Oscillibacter_species_incertae_sedis__ext_mOTU_v26_17445_	0.465116279069767	1.28981750081821	0.677901803948501	1.90266126053294	0.0570847599516161	0.474533117651021
Oscillibacter_species_incertae_sedis__ext_mOTU_v26_26398_	0.868217054263566	1.51637426635956	0.768171067558366	1.97400596091097	0.0483810651508321	0.474533117651021
Oscillibacter_sp__57_20__ref_mOTU_v25_10413_	1.21705426356589	0.877287398232665	0.461846865194489	1.89952008846748	0.0574961279241577	0.474533117651021
Faecalibacterium_species_incertae_sedis__meta_mOTU_v25_12403_	23.7054263565891	0.926884501294018	0.484344562655133	1.91368825575933	0.055660000558651	0.474533117651021
Clostridium_species_incertae_sedis__meta_mOTU_v25_12417_	6.7906976744186	0.935999467293496	0.471927935187355	1.98335253648824	0.0473280648682669	0.474533117651021
Sutterella_species_incertae_sedis__ext_mOTU_v26_26637_	0.666666666666667	1.77882193957876	0.919951940044325	1.9336031178901	0.0531619436330122	0.474533117651021
Ruminococcaceae_species_incertae_sedis__ext_mOTU_v26_17927_	0.705426356589147	0.867500975061258	0.444583970899684	1.95126462455616	0.0510255749245415	0.474533117651021
Firmicutes_sp___ref_mOTU_v25_02743_	0.689922480620155	-0.910595438637778	0.462393817081106	-1.96930712522494	0.0489178334734474	0.474533117651021
Oscillibacter_species_incertae_sedis__ext_mOTU_v26_17503_	1.03875968992248	1.28308756536546	0.658843358849084	1.94748501010446	0.0514766151428224	0.474533117651021
Ruminococcaceae_species_incertae_sedis__meta_mOTU_v25_12664_	2.04651162790698	-1.98004782090014	1.04301095307035	-1.89839599965024	0.0576439362005579	0.474533117651021
Faecalibacterium_species_incertae_sedis__meta_mOTU_v25_12331_	12.1240310077519	0.983879394686422	0.51018344955831	1.9284815991938	0.0537952508434828	0.474533117651021
Alistipes_species_incertae_sedis__ext_mOTU_v26_26506_	0.550387596899225	2.02223187766662	1.04449560665657	1.93608461804812	0.0528573381279754	0.474533117651021
Eggerthella_sp___ref_mOTU_v25_03631_	0.511627906976744	2.1843316606378	1.15980595853327	1.88335957801094	0.0596516544340211	0.482445836738311
Ruminococcaceae_species_incertae_sedis__meta_mOTU_v25_12898_	0.852713178294574	-1.45479435405767	0.807359383399866	-1.80191669778011	0.0715585126993633	0.488655611450054
Clostridiales_species_incertae_sedis__ext_mOTU_v26_26282_	0.426356589147287	1.45191773554771	0.814599439609015	1.78237016249924	0.074688887890496	0.488655611450054
Clostridiales_species_incertae_sedis__meta_mOTU_v25_12776_	2.0077519379845	0.806785900069143	0.445235883839623	1.81204150283572	0.0699797839295562	0.488655611450054
Clostridia_species_incertae_sedis__meta_mOTU_v25_14185_	0.558139534883721	1.67243392322134	0.912652506237086	1.83249803379916	0.0668772544204277	0.488655611450054
Clostridium__leptum__ref_mOTU_v25_03688_	2.31007751937985	0.704820227147078	0.391500797658243	1.80030342559441	0.0718127403104636	0.488655611450054
Ruminococcaceae_bacterium_D16__ref_mOTU_v25_11463_	1.6046511627907	-1.64559903428533	0.928430039523781	-1.77245345823731	0.0763193145865595	0.488655611450054
Clostridiales_species_incertae_sedis__meta_mOTU_v25_12447_	0.976744186046512	-1.25218605514422	0.699387378318407	-1.7904041364815	0.0733889658240942	0.488655611450054
Bacteroides_rodentium_uniformis__ref_mOTU_v25_00855_	36.4186046511628	0.787022135569462	0.430227695345242	1.82931536970884	0.0673523774851761	0.488655611450054
Ruminococcaceae_species_incertae_sedis__ext_mOTU_v26_17626_	1.01550387596899	-1.15494667934198	0.622197361147965	-1.8562384726465	0.0634195745956658	0.488655611450054
Clostridiales_species_incertae_sedis__meta_mOTU_v25_12361_	10.7984496124031	0.81882037629783	0.449377771807861	1.82212033542222	0.0684367288060694	0.488655611450054
Clostridium_phoceensis__ref_mOTU_v25_08865_	5.4031007751938	0.656305329972574	0.356579635714976	1.84055751993975	0.0656864277679056	0.488655611450054
Faecalibacterium_prausnitzii__ref_mOTU_v25_06110_	88.8449612403101	0.590105719147201	0.331948721088454	1.77770143898207	0.0754529032303978	0.488655611450054
Ruminococcaceae_species_incertae_sedis__meta_mOTU_v25_12259_	53.062015503876	0.639641050037641	0.348561702788456	1.83508700158561	0.0664927995747921	0.488655611450054
Clostridiales_species_incertae_sedis__meta_mOTU_v25_12252_	24.2403100775194	0.837895815010412	0.449241195488076	1.86513575207653	0.0621623783352365	0.488655611450054
Clostridiales_species_incertae_sedis__meta_mOTU_v25_13006_	1.21705426356589	-0.755996688048227	0.420954553185921	-1.79591046664444	0.0725087575626858	0.488655611450054
Clostridium_species_incertae_sedis__meta_mOTU_v25_12399_	1.53488372093023	1.00795387070684	0.571757586545655	1.76290423498623	0.077916642667415	0.490727228211347
Intestinimonas_butyriciproducens__ref_mOTU_v25_03928_	0.503875968992248	0.728577607844468	0.414469197847803	1.7578570654411	0.0787718327280687	0.490727228211347
Bacteroides_finegoldii__ref_mOTU_v25_03474_	1.44961240310078	1.44798691182074	0.83192273983766	1.74053051140698	0.0817659073094476	0.502587776928738
Ruminococcaceae_species_incertae_sedis__ext_mOTU_v26_16287_	0.348837209302326	0.931086298933094	0.536871702240683	1.73428082546933	0.0828682679493267	0.502661467429469
Clostridiales_sp___ref_mOTU_v25_02968_	1.63565891472868	0.500129984760684	0.292459564626875	1.71008250456352	0.0872506175233631	0.515673521516287
Clostridiales_species_incertae_sedis__meta_mOTU_v25_12887_	1.0077519379845	1.55590201733977	0.906761747154605	1.7158884593689	0.0861824593682101	0.515673521516287
Eubacterium_sp__CAG_180__ref_mOTU_v25_07675_	15.1782945736434	-1.92667070249848	1.14207639192662	-1.68698934337334	0.0916054010872021	0.534558100015192
Ruminococcus_species_incertae_sedis__ext_mOTU_v26_26708_	0.798449612403101	1.57692360841949	0.949473975035756	1.66083921190162	0.0967457435390432	0.551747257331992
Faecalibacterium_species_incertae_sedis__ext_mOTU_v26_26216_	5.69767441860465	0.842471602560128	0.507559050072904	1.65984943513295	0.0969447458652742	0.551747257331992
Atopobiaceae_species_incertae_sedis__meta_mOTU_v25_13944_	2.05426356589147	1.16469267007392	0.718010097708558	1.62211182515524	0.104779406654684	0.552685428805417
Parabacteroides_distasonis__ref_mOTU_v25_03640_	7.89147286821705	0.472508267092637	0.293136302525558	1.61190634875883	0.106982320455114	0.552685428805417
Flavonifractor_species_incertae_sedis__ext_mOTU_v26_17315_	1.87596899224806	0.696947361226992	0.432874520398064	1.61004477830224	0.107388081118411	0.552685428805417
Oscillibacter_species_incertae_sedis__ext_mOTU_v26_28927_	1.0077519379845	0.841861016899901	0.511961058903174	1.64438486533235	0.100096729342511	0.552685428805417
Clostridiales_species_incertae_sedis__meta_mOTU_v25_12873_	5.90697674418605	0.95659450237771	0.584253481125228	1.63729362901763	0.101569131481814	0.552685428805417
Clostridiales_species_incertae_sedis__meta_mOTU_v25_12272_	6.7906976744186	1.08791581678914	0.678988886167622	1.60225865099147	0.109098425208878	0.552685428805417
Romboutsia_timonensis__ref_mOTU_v25_09389_	0.612403100775194	0.599216430622875	0.368488169618757	1.6261483543497	0.103918099677554	0.552685428805417
Lachnospiraceae_species_incertae_sedis__ext_mOTU_v26_16177_	1.93798449612403	0.616777017918702	0.37974694154732	1.62417902671073	0.10433760569306	0.552685428805417
Bacteroides_faecis_thetaiotaomicron__ref_mOTU_v25_01657_	6.66666666666667	-0.625660338050074	0.389879105490887	-1.60475472842363	0.10854779252315	0.552685428805417
Eggerthella_species_incertae_sedis__meta_mOTU_v25_12316_	6.37984496124031	1.22042803291493	0.757010733416737	1.61216740931344	0.106925515157307	0.552685428805417
Clostridium_sp__CAG_58__ref_mOTU_v25_07640_	2.10852713178295	0.791234802121564	0.495812599947612	1.59583439832946	0.110525771154218	0.553830222848853
Clostridiales_species_incertae_sedis__meta_mOTU_v25_12631_	3.37984496124031	0.672914891318734	0.425461403832192	1.58161206929158	0.113738157054427	0.563441861500832
Lachnospiraceae_species_incertae_sedis__ext_mOTU_v26_17479_	0.418604651162791	0.824439837648249	0.531693532143902	1.55059218855631	0.120999445311459	0.563441861500832
Firmicutes_bacterium_ADurb_Bin467__meta_mOTU_v25_12694_	1.36434108527132	0.8576728165171	0.547976967722921	1.56516216380608	0.117544890683103	0.563441861500832
Bacteroides_sp___ref_mOTU_v25_03475_	6.30232558139535	0.545142683938577	0.346009961414915	1.57551153067779	0.115138419033741	0.563441861500832
Firmicutes_species_incertae_sedis__ext_mOTU_v26_26969_	1.87596899224806	0.69694733746992	0.449407483110487	1.55081382411822	0.120946306734375	0.563441861500832
Clostridiales_species_incertae_sedis__ext_mOTU_v26_26512_	0.542635658914729	1.92968999413634	1.23780863666013	1.55895664078015	0.119006642916418	0.563441861500832
Bacteria_sp___ref_mOTU_v25_03594_	1.76744186046512	1.77047287450913	1.1311152904047	1.56524528447996	0.117525407128564	0.563441861500832
Firmicutes_bacterium_CAG_170__ref_mOTU_v25_07733_	0.558139534883721	-1.19980891691382	0.783957096115575	-1.5304522694657	0.125904819394006	0.569986887189445
uncultured_Blautia_sp___ref_mOTU_v25_03662_	1.03875968992248	0.938076134164686	0.613279508029072	1.52960619404916	0.126114235343435	0.569986887189445
Adlercreutzia_equolifaciens__mags_db_all_3_	2.6046511627907	-0.695289077422261	0.45347062801575	-1.53326154874602	0.125211424589298	0.569986887189445
Clostridiales_species_incertae_sedis__meta_mOTU_v25_13863_	1.68992248062015	0.423894412829085	0.280233191378209	1.5126488434305	0.130368880350322	0.578681347821828
3576_143_bin_2_clean__mags_db_all_128_	0.705426356589147	-0.858360088336586	0.567720079728368	-1.51194245013718	0.130548503630087	0.578681347821828
Faecalibacterium_species_incertae_sedis__ext_mOTU_v26_26928_	0.387596899224806	1.53720353543326	1.0200650718854	1.50696615127898	0.131819333638685	0.578749645785082
Clostridiales_Family_XIII__Incertae_Sedis_species_incertae_sedis__ext_mOTU_v26_26457_	0.689922480620155	0.861023302035029	0.575141546059975	1.49706330195322	0.134376787521593	0.578950458387424
Lachnospiraceae_species_incertae_sedis__ext_mOTU_v26_17428_	0.713178294573643	0.646845235664403	0.431601291892161	1.49871014710962	0.133948843165354	0.578950458387424
Anaeromassilibacillus_species_incertae_sedis__meta_mOTU_v25_13295_	1	0.540828355787899	0.367510865292355	1.47159827603374	0.141129391392297	0.602413420665269
Firmicutes_bacterium_CAG_102__ref_mOTU_v25_07726_	6.26356589147287	0.567354329184477	0.390902318280046	1.45139668570095	0.146669432110477	0.616070377424797
Alistipes_indistinctus__ref_mOTU_v25_11860_	2.11627906976744	-0.933657244512564	0.643810920288931	-1.45020411286835	0.147001608496155	0.616070377424797
Clostridiales_species_incertae_sedis__meta_mOTU_v25_12786_	4.3953488372093	0.410050407920351	0.287179341345592	1.42785482409369	0.153333648913213	0.633414469008428
Bifidobacterium_ruminantium__ref_mOTU_v25_02702_	7.43410852713178	1.2591556624122	0.88942987963381	1.41568851153349	0.156866723487577	0.633414469008428
Streptococcus_sanguinis_cristatus__ref_mOTU_v25_01591_	0.372093023255814	-0.928835253558638	0.654491691978726	-1.41917042636628	0.155849335659933	0.633414469008428
Clostridiales_Family_XIII__Incertae_Sedis_species_incertae_sedis__ext_mOTU_v26_17436_	0.682170542635659	0.757876610768216	0.536631708503917	1.41228443783374	0.157866226726976	0.633414469008428
Lachnospiraceae_species_incertae_sedis__ext_mOTU_v26_26654_	0.643410852713178	-0.878894068631405	0.622536286102316	-1.41179572701559	0.158010116997764	0.633414469008428
Firmicutes_sp___ref_mOTU_v25_02374_	4.36434108527132	0.798391035547344	0.576943154961096	1.38382963500309	0.166410626517732	0.655686314740809
Clostridiales_species_incertae_sedis__meta_mOTU_v25_12437_	18.5736434108527	1.12008176684891	0.80928378282963	1.38404079089858	0.16634596495024	0.655686314740809
Bacteria_species_incertae_sedis__meta_mOTU_v25_12280_	0.48062015503876	1.79749345138684	1.30876479598398	1.37342741560787	0.16961951172447	0.657097436176309
Bacteroides_eggerthii__ref_mOTU_v25_01577_	10.3953488372093	1.51500447361907	1.10008864607217	1.37716581207191	0.168460989156551	0.657097436176309
Clostridiales_species_incertae_sedis__ext_mOTU_v26_26520_	1.11627906976744	1.03351019308912	0.762816749692866	1.35486038226775	0.175462044114792	0.671867410137603
Clostridiales_species_incertae_sedis__meta_mOTU_v25_14425_	1.27131782945736	0.58348941495187	0.431546734451599	1.35208858825767	0.176346977498156	0.671867410137603
Bacteroides_clarus__ref_mOTU_v25_01578_	1.83720930232558	1.19032937339767	0.90062869441254	1.32166494447981	0.18627974682201	0.703893141679891
Clostridiales_species_incertae_sedis__meta_mOTU_v25_14315_	1.03875968992248	0.981337345745726	0.747455225569354	1.31290452213806	0.189215122899286	0.709172127289193
Acinetobacter_sp___ref_mOTU_v25_03673_	0.961240310077519	-1.31064470701204	1.01491538340665	-1.29138323099681	0.196570822463191	0.711292246753879
Clostridia_species_incertae_sedis__ext_mOTU_v26_26753_	0.224806201550388	0.941804208350003	0.735383151811798	1.2806986480852	0.200299534821094	0.711292246753879
Erysipelotrichaceae_species_incertae_sedis__ext_mOTU_v26_16223_	0.51937984496124	-0.585379739630599	0.448225904960994	-1.30599265493488	0.191555055406145	0.711292246753879
Clostridium_species_incertae_sedis__meta_mOTU_v25_12234_	0.75968992248062	0.917737459306079	0.70931823563391	1.29383034751096	0.195724027715816	0.711292246753879
Eubacteriaceae_bacterium_CHKCI005__ref_mOTU_v25_09413_	0.286821705426357	-0.676769266968084	0.531835932921383	-1.27251512181695	0.203190154720111	0.711292246753879
Faecalibacterium_prausnitzii__meta_mOTU_v25_13917_	1.58914728682171	0.885608399759866	0.694762377796706	1.2746925107954	0.202418098669795	0.711292246753879
Clostridiales_species_incertae_sedis__meta_mOTU_v25_12327_	6.7984496124031	0.959395839463258	0.74589096527182	1.2862414000599	0.198358826639817	0.711292246753879
Alistipes_putredinis__ref_mOTU_v25_03683_	35.8294573643411	0.552175324061165	0.429964557428435	1.28423451310419	0.19905991258025	0.711292246753879
Ruminococcaceae_species_incertae_sedis__meta_mOTU_v25_12239_	74.5348837209302	0.380471976124444	0.29930784189734	1.27117276217221	0.203667194298291	0.711292246753879
Clostridiales_species_incertae_sedis__meta_mOTU_v25_12309_	8.5968992248062	0.885044159466072	0.713412209233962	1.24057893600728	0.214761337301884	0.744398319520065
Parabacteroides_species_incertae_sedis__ext_mOTU_v26_26689_	1.2093023255814	1.00570559477061	0.830344337459075	1.21119100763445	0.225822208325434	0.752021310655286
Intestinibacter_bartlettii__ref_mOTU_v25_03687_	0.310077519379845	-0.564920065228857	0.463542629707734	-1.2187014290035	0.222957535399916	0.752021310655286
Roseburia_species_incertae_sedis__meta_mOTU_v25_12366_	49.4263565891473	0.615456861230348	0.509156398992425	1.20877762205932	0.22674829106526	0.752021310655286
Clostridiales_sp___ref_mOTU_v25_05137_	2.37209302325581	-0.368962433057562	0.302436608525644	-1.21996617689977	0.222477697034682	0.752021310655286
Faecalibacterium_prausnitzii__ref_mOTU_v25_06109_	83.8914728682171	0.479500885789889	0.393172882250525	1.2195675425152	0.222628856859864	0.752021310655286
Firmicutes_sp___ref_mOTU_v25_03629_	0.573643410852713	0.835936115177424	0.687370140367591	1.21613678873275	0.223932818354389	0.752021310655286
Clostridium_species_incertae_sedis__ext_mOTU_v26_17404_	1.97674418604651	0.377477187306133	0.318874283737436	1.18378058864399	0.236499928135314	0.757128242155416
Clostridium__citroniae__ref_mOTU_v25_04828_	0.410852713178295	0.575175055202667	0.482967697385452	1.19091827117296	0.233685671002462	0.757128242155416
Parabacteroides_johnsonii__ref_mOTU_v25_05400_	1.72868217054264	1.01136012544822	0.846788465149989	1.19434801850906	0.232341861435508	0.757128242155416
Ruminococcaceae_species_incertae_sedis__meta_mOTU_v25_13455_	1.70542635658915	-0.53807231468598	0.449707630999642	-1.19649362740391	0.231503983929306	0.757128242155416
Bacteroides_stercoris__ref_mOTU_v25_01579_	18.8449612403101	0.816376646675425	0.688464477405864	1.18579341922118	0.235703890989042	0.757128242155416
Clostridiales_species_incertae_sedis__meta_mOTU_v25_13304_	0.457364341085271	0.838210591900347	0.712015264768959	1.17723682816314	0.239100993044426	0.760176260644692
Clostridium_sp___ref_mOTU_v25_03599_	0.558139534883721	-0.815055167739337	0.705589757150769	-1.15514030565097	0.248032975123793	0.76228801021379
Collinsella_species_incertae_sedis__ext_mOTU_v26_17335_	1.61240310077519	0.677885100672986	0.586352980341097	1.15610412737843	0.247638568012128	0.76228801021379
Eubacterium__siraeum__ref_mOTU_v25_02370_	14.3953488372093	-0.692802726826487	0.5957327951032	-1.16294206483373	0.244853009049818	0.76228801021379
bacterium_LF_3__ref_mOTU_v25_03628_	1.82945736434109	-0.497120402118677	0.428891574497692	-1.15908176256643	0.246422858965253	0.76228801021379
Clostridium_sp__AT4__meta_mOTU_v25_12609_	0.596899224806202	-1.02920820211115	0.884213635966586	-1.16398137310567	0.244431560491687	0.76228801021379
Oscillibacter_sp___ref_mOTU_v25_04664_	31.1550387596899	0.476082703285672	0.416379867553054	1.143385500561	0.252878569833406	0.766954083507895
Eubacterium_ramulus__ref_mOTU_v25_03570_	5.4031007751938	-0.444989592822046	0.388079485340545	-1.14664549307872	0.251528166327147	0.766954083507895
Clostridiales_species_incertae_sedis__ext_mOTU_v26_16398_	0.37984496124031	1.07554382838981	0.945621886552137	1.13739312053297	0.255373981903469	0.769460167696072
Clostridiales_species_incertae_sedis__ext_mOTU_v26_18011_	1.12403100775194	-0.553147494262235	0.52188759868282	-1.05989775510725	0.289191117064827	0.796039329711647
Clostridium_sp__CAG_138__meta_mOTU_v25_12233_	11.1782945736434	0.832326035173382	0.753639987874693	1.10440800457071	0.269416190064389	0.796039329711647
Blautia_obeum__ref_mOTU_v25_05139_	12.9302325581395	0.366798733602206	0.33782429425691	1.08576777880652	0.277581745145225	0.796039329711647
Ruminococcaceae_species_incertae_sedis__ext_mOTU_v26_16294_	0.51937984496124	0.402978476669266	0.408414589137773	0.986689720168949	0.323794771094679	0.796039329711647
Clostridiales_species_incertae_sedis__meta_mOTU_v25_13701_	1.86821705426357	0.483510468990305	0.488587802547737	0.989608145084759	0.322365687292988	0.796039329711647
Alistipes_obesi__ref_mOTU_v25_06695_	8.89147286821705	0.383873431761014	0.392032249454852	0.97918840170628	0.327486898296419	0.796039329711647
Clostridiales_species_incertae_sedis__ext_mOTU_v26_28740_	0.201550387596899	1.03906439086293	0.979972385504999	1.06029966377826	0.289008292160554	0.796039329711647
Ruminococcaceae_species_incertae_sedis__ext_mOTU_v26_17317_	0.294573643410853	0.650023322808004	0.608190331381683	1.06878273012214	0.28516758291664	0.796039329711647
Clostridiales_species_incertae_sedis__meta_mOTU_v25_13187_	3.44961240310078	0.50097017589791	0.494347263399651	1.01339728767327	0.310870434433561	0.796039329711647
Clostridiales_species_incertae_sedis__meta_mOTU_v25_13147_	3.69767441860465	0.520790353922706	0.518336805716988	1.0047335018055	0.315025191725482	0.796039329711647
Ruminococcaceae_species_incertae_sedis__ext_mOTU_v26_17884_	0.372093023255814	0.534931906650158	0.492254659456544	1.08669749767474	0.27717052026041	0.796039329711647
Prevotella_sp___ref_mOTU_v25_03648_	8.03875968992248	1.66262484852354	1.65158704974329	1.00668314684471	0.314087063504156	0.796039329711647
Ruminococcaceae_species_incertae_sedis__ext_mOTU_v26_26965_	0.224806201550388	0.837249426856903	0.854493739005268	0.979819264482335	0.32717534103832	0.796039329711647
uncultured_Clostridium_sp___ref_mOTU_v25_11605_	0.372093023255814	0.737275554122442	0.664691989576199	1.10919879535862	0.267344432175308	0.796039329711647
Clostridiales_species_incertae_sedis__meta_mOTU_v25_13415_	3.66666666666667	0.792008461092995	0.759963135035616	1.0421669480795	0.297334283920441	0.796039329711647
Prevotella_copri__ref_mOTU_v25_03701_	62.9302325581395	0.8907673708122	0.811684188108766	1.09743097606435	0.272453038643233	0.796039329711647
Clostridiales_species_incertae_sedis__ext_mOTU_v26_26595_	0.372093023255814	-0.615170910909199	0.631402274624166	-0.974293149759986	0.329911004970618	0.796039329711647
Clostridiales_species_incertae_sedis__meta_mOTU_v25_12691_	1.98449612403101	1.06360504990114	1.07188174122752	0.992278354031006	0.321061759476592	0.796039329711647
Clostridium_species_incertae_sedis__meta_mOTU_v25_12640_	8.68217054263566	0.606316432095724	0.610535242150819	0.993089981111929	0.320666106029931	0.796039329711647
Oscillibacter_sp__57_20__meta_mOTU_v25_12282_	2.34108527131783	0.391304458305618	0.370284502670994	1.05676704124261	0.290617919689701	0.796039329711647
Bacteroides_massiliensis__ref_mOTU_v25_02135_	11.1860465116279	0.617835588260785	0.631558921676624	0.978270699779828	0.327940457368012	0.796039329711647
Propionibacterium_freudenreichii__ref_mOTU_v25_05391_	0.527131782945736	0.875418596117718	0.864822520500251	1.01225231231413	0.311417429622144	0.796039329711647
Ruminococcaceae_species_incertae_sedis__ext_mOTU_v26_17811_	0.286821705426357	0.786998221669006	0.771577131947225	1.01998645253115	0.307734885865331	0.796039329711647
Clostridiales_species_incertae_sedis__ext_mOTU_v26_26621_	1.6046511627907	0.888213957087125	0.856700507649119	1.03678467464024	0.299836219391075	0.796039329711647
Bacteroides_dorei_vulgatus__ref_mOTU_v25_02367_	29.9612403100775	0.329559034349941	0.31402629026046	1.0494631964623	0.293964985400256	0.796039329711647
Roseburia_sp___ref_mOTU_v25_03650_	8.27131782945736	-0.646605617415412	0.612085026290943	-1.05639835911957	0.290786255350065	0.796039329711647
Anaerotruncus_colihominis__ref_mOTU_v25_03438_	0.937984496124031	-0.577998241576856	0.574069276880755	-1.00684406021073	0.314009717548329	0.796039329711647
Collinsella_species_incertae_sedis__ext_mOTU_v26_17328_	1.58914728682171	-0.981970400203183	1.00934986478901	-0.972874158365738	0.330615849807976	0.796039329711647
Dehalococcoidales_species_incertae_sedis__meta_mOTU_v25_12342_	9.27131782945736	1.43940290727605	1.48236431866094	0.97101831793705	0.331539156843029	0.796039329711647
Roseburia_sp__40_7__meta_mOTU_v25_12352_	5.58914728682171	0.44770595447526	0.434328801929394	1.03079959810734	0.302634806779377	0.796039329711647
Clostridiales_species_incertae_sedis__meta_mOTU_v25_12334_	9.86821705426357	0.647758701023161	0.609715467657542	1.06239506029226	0.288056375356457	0.796039329711647
Alistipes_species_incertae_sedis__ext_mOTU_v26_17843_	1.53488372093023	0.890769773743169	0.827867621503317	1.07598093053287	0.281935784951194	0.796039329711647
Clostridiales_species_incertae_sedis__meta_mOTU_v25_13923_	0.325581395348837	0.624897727315111	0.618225489054569	1.0107925641674	0.312115722789742	0.796039329711647
Firmicutes_species_incertae_sedis__ext_mOTU_v26_26597_	2.24806201550388	0.485426454980795	0.498706579013183	0.973370866575159	0.330369012935142	0.796039329711647
Clostridiales_species_incertae_sedis__meta_mOTU_v25_12690_	1.27131782945736	1.04819357766477	0.983092396315633	1.0662208166731	0.286323834162964	0.796039329711647
Ruminococcus_bicirculans__ref_mOTU_v25_02792_	27.0232558139535	0.52143386425028	0.521351914149402	1.00015718768581	0.317234444205078	0.796039329711647
Clostridium_species_incertae_sedis__ext_mOTU_v26_17323_	0.945736434108527	0.327834679658093	0.312536302174883	1.04894912167563	0.294201535641184	0.796039329711647
Clostridiales_Family_XIII__Incertae_Sedis_species_incertae_sedis__ext_mOTU_v26_17501_	1.97674418604651	0.377477136896511	0.377813361335558	0.999110077955267	0.317741369658185	0.796039329711647
Ruminococcaceae_species_incertae_sedis__ext_mOTU_v26_16292_	0.27906976744186	-0.748903520417885	0.700354936465591	-1.06931997109537	0.284925514599746	0.796039329711647
Oscillibacter_species_incertae_sedis__ext_mOTU_v26_17998_	0.868217054263566	-0.798365188895603	0.834881418564044	-0.956261776994335	0.338939995806327	0.805419268385137
uncultured_Clostridium_sp___ref_mOTU_v25_11606_	0.744186046511628	0.416839716687437	0.434610575843827	0.959110845101073	0.33750290751753	0.805419268385137
Collinsella_species_incertae_sedis__ext_mOTU_v26_28721_	0.790697674418605	0.461927528218539	0.485626233071995	0.951199702076346	0.34150300965625	0.807348140777082
Roseburia_species_incertae_sedis__ext_mOTU_v26_17394_	0.744186046511628	0.668378172173714	0.709794806386435	0.941649848885802	0.346371939191223	0.813447921451254
Clostridiales_species_incertae_sedis__meta_mOTU_v25_13140_	0.751937984496124	-0.701804000664995	0.747211406068625	-0.939230845467769	0.347612235414094	0.813447921451254
Eubacterium__eligens__ref_mOTU_v25_02375_	0.813953488372093	0.738767280900851	0.807057741025588	0.915383427165998	0.359990375603335	0.837255870146731
Clostridiales_species_incertae_sedis__ext_mOTU_v26_16178_	0.434108527131783	-0.560867336987062	0.614537656809158	-0.912665531188493	0.361418477568763	0.837255870146731
Clostridiales_species_incertae_sedis__meta_mOTU_v25_12382_	0.643410852713178	0.769141038996353	0.849602162778201	0.905295528534509	0.365308844650196	0.837847648675325
Clostridiales_species_incertae_sedis__meta_mOTU_v25_12851_	0.558139534883721	-0.620159782724878	0.684938467080191	-0.905424081915772	0.36524076252532	0.837847648675325
Clostridium_sp___ref_mOTU_v25_03621_	0.906976744186046	-0.800389909797576	0.898262496956258	-0.89104233173452	0.372906460666548	0.851039001818212
Eubacterium_sp___ref_mOTU_v25_02373_	0.441860465116279	0.542045052489041	0.612311678381717	0.885243694717069	0.376025210535297	0.853929172693458
Ruminococcus_sp__CAG_177__meta_mOTU_v25_12400_	27.1860465116279	0.738764648476961	0.844403245162943	0.874895558145804	0.381630736158598	0.854037715384046
Coprococcus_comes__ref_mOTU_v25_03690_	16.1627906976744	0.255394703971153	0.291706806885826	0.875518493029594	0.381291852463002	0.854037715384046
Ruminococcaceae_species_incertae_sedis__ext_mOTU_v26_17708_	0.37984496124031	-0.64759074045053	0.736436677570968	-0.879356990456418	0.37920774433851	0.854037715384046
Clostridiales_species_incertae_sedis__meta_mOTU_v25_12284_	19.4728682170543	0.337868990524252	0.39491669488241	0.855544966577965	0.392249521820776	0.857000140091838
Collinsella_species_incertae_sedis__meta_mOTU_v25_12451_	2.34883720930233	-0.804887367961471	0.938351570247267	-0.857767380033662	0.391020925345889	0.857000140091838
Clostridiales_species_incertae_sedis__ext_mOTU_v26_17908_	0.48062015503876	0.473765165980626	0.547293686253438	0.865650706157127	0.386681739857982	0.857000140091838
Fusicatenibacter_saccharivorans__ref_mOTU_v25_02680_	12.6666666666667	0.496359010110238	0.57357949060087	0.865370917621657	0.386835237967509	0.857000140091838
Ruminococcaceae_species_incertae_sedis__ext_mOTU_v26_26976_	0.209302325581395	0.797534865712525	0.929779367970702	0.85776786750301	0.391020656119288	0.857000140091838
Clostridium__glycyrrhizinilyticum__ref_mOTU_v25_03672_	0.387596899224806	-0.5754561849844	0.684353021726436	-0.84087622428068	0.400417279232387	0.865399261947097
Ruminococcaceae_species_incertae_sedis__meta_mOTU_v25_12396_	14.9612403100775	0.553251210063429	0.658288380337926	0.840438972626895	0.400662305383047	0.865399261947097
Clostridium__clostridioforme_bolteae__ref_mOTU_v25_03442_	0.837209302325581	-0.431156991457731	0.51417361119787	-0.838543600970234	0.401725470838783	0.865399261947097
Clostridiales_species_incertae_sedis__meta_mOTU_v25_12288_	14.4651162790698	0.354644379671353	0.435256203466603	0.814794543642994	0.415189924720912	0.886122941186761
Faecalibacterium_species_incertae_sedis__ext_mOTU_v26_26377_	0.751937984496124	0.885315353702513	1.08230168862924	0.817993137222013	0.413361105982167	0.886122941186761
Clostridiales_species_incertae_sedis__ext_mOTU_v26_26470_	0.162790697674419	1.09660983770999	1.38528931069004	0.791610697669899	0.428587707336988	0.905849608878347
Clostridiales_species_incertae_sedis__meta_mOTU_v25_12256_	0.852713178294574	-0.611728754685652	0.775684356933003	-0.788631031705191	0.430327688382555	0.905849608878347
Clostridiales_species_incertae_sedis__meta_mOTU_v25_13486_	6.54263565891473	-0.812248055827173	1.02833462697741	-0.789867456097063	0.429605179021024	0.905849608878347
uncultured_Eubacterium_sp___ref_mOTU_v25_08868_	1.37209302325581	0.298195133082508	0.383348033076001	0.777870518050602	0.436645350271449	0.906727506644766
Clostridiales_species_incertae_sedis__meta_mOTU_v25_12668_	2.84496124031008	0.473177121668906	0.603572364861646	0.78396087895338	0.43306306578444	0.906727506644766
Alistipes_ihumii__ref_mOTU_v25_07379_	5.2015503875969	-0.338048081280872	0.434494567419365	-0.778026025247389	0.436553670761987	0.906727506644766
Clostridium_species_incertae_sedis__meta_mOTU_v25_12696_	0.147286821705426	0.847786141293863	1.12795975771828	0.751610272877842	0.45228546369001	0.911312456238729
Ruminococcaceae_species_incertae_sedis__meta_mOTU_v25_12264_	6.31007751937984	0.549615420633015	0.763365660886647	0.719989709773739	0.471531331300223	0.911312456238729
Clostridiales_species_incertae_sedis__meta_mOTU_v25_12411_	6.54263565891473	0.585914532827642	0.818322607557748	0.715994556934314	0.473994709868752	0.911312456238729
Alistipes_shahii__ref_mOTU_v25_01014_	18.9457364341085	0.293304218016459	0.398053675199826	0.736845898657305	0.46121606747001	0.911312456238729
Intestinimonas_massiliensis__ref_mOTU_v25_02970_	0.418604651162791	0.542754968791454	0.776114752375662	0.699323092532514	0.484350138621307	0.911312456238729
Clostridium_sp___ref_mOTU_v25_03680_	7.76744186046512	0.218126102972071	0.301849964930788	0.72263087067804	0.469906696913775	0.911312456238729
Clostridiales_species_incertae_sedis__meta_mOTU_v25_13659_	1.35658914728682	0.394813123543519	0.598219149538993	0.65998075094683	0.509266182069976	0.911312456238729
Bacteroidales_species_incertae_sedis__meta_mOTU_v25_12895_	3.22480620155039	-0.916583818821996	1.32863033874479	-0.689871209540442	0.490275182542394	0.911312456238729
Coprococcus_eutactus__ref_mOTU_v25_02378_	27.4651162790698	0.672951253328992	0.8797231745857	0.764957969472515	0.44429657295564	0.911312456238729
Oscillibacter_species_incertae_sedis__ext_mOTU_v26_16336_	0.674418604651163	0.372445576631381	0.545766737137826	0.682426302827842	0.494969428541722	0.911312456238729
Desulfovibrio_species_incertae_sedis__ext_mOTU_v26_16415_	1.02325581395349	0.393475586369622	0.525423293898228	0.748873510061463	0.453933447868703	0.911312456238729
Ruminococcus_sp__CAG_254__meta_mOTU_v25_12276_	9.31007751937985	-0.694806722935878	0.971347783860201	-0.715301701903998	0.474422637159992	0.911312456238729
Clostridiales_Family_XIII__Incertae_Sedis_species_incertae_sedis__ext_mOTU_v26_16322_	0.395348837209302	-0.39876695326055	0.544035499200046	-0.73297965637702	0.463570837365936	0.911312456238729
Clostridiales_species_incertae_sedis__ext_mOTU_v26_16427_	0.883720930232558	-0.331621353097445	0.469399929912838	-0.706479340887467	0.479890095749761	0.911312456238729
Eubacterium_species_incertae_sedis__meta_mOTU_v25_12314_	2.58139534883721	0.344747730316953	0.51975536479887	0.663288450039108	0.507145832369478	0.911312456238729
Collinsella_species_incertae_sedis__ext_mOTU_v26_17351_	0.589147286821705	0.616148265829939	0.879663457960319	0.70043635466978	0.483654839144975	0.911312456238729
Clostridiales_species_incertae_sedis__meta_mOTU_v25_12463_	12.5891472868217	0.344355217355289	0.511506298564196	0.67321794144451	0.500808648623106	0.911312456238729
Eggerthellaceae_species_incertae_sedis__ext_mOTU_v26_17307_	0.922480620155039	-0.415037220081307	0.628399200649922	-0.660467453892454	0.508953897555347	0.911312456238729
Clostridiales_sp___ref_mOTU_v25_03634_	6.54263565891473	-0.739590267787146	1.05769575880057	-0.699246698905025	0.484397870917958	0.911312456238729
Clostridiales_species_incertae_sedis__meta_mOTU_v25_12445_	2.44961240310078	0.328483610539956	0.434875583174936	0.755350779047575	0.450038538081515	0.911312456238729
Clostridiales_species_incertae_sedis__meta_mOTU_v25_13168_	4.55813953488372	0.305808073882672	0.427408652319371	0.715493409464637	0.474304211798122	0.911312456238729
Ruminococcus_sp___ref_mOTU_v25_03681_	2.55038759689922	0.428520952823567	0.61963091008902	0.691574525812476	0.48920456390921	0.911312456238729
Lachnospiraceae_species_incertae_sedis__ext_mOTU_v26_16452_	0.294573643410853	-0.50007944598585	0.660472080303723	-0.757154557927543	0.448957271210846	0.911312456238729
Flavonifractor_plautii__ref_mOTU_v25_02971_	4.16279069767442	-0.294655357837424	0.442057599293833	-0.666554218970838	0.505056920170915	0.911312456238729
Actinomyces_viscosus_oris__ref_mOTU_v25_02019_	0.65891472868217	-0.276828897184562	0.376238705461036	-0.735779953434991	0.461864622903954	0.911312456238729
Ruminococcus_species_incertae_sedis__ext_mOTU_v26_16285_	0.573643410852713	-0.37776072745767	0.567990683137568	-0.665082612571966	0.505997655079263	0.911312456238729
Roseburia_inulinivorans__ref_mOTU_v25_00860_	15.015503875969	-0.254753053378766	0.374428370420472	-0.680378607776666	0.496264762695945	0.911312456238729
Roseburia_sp__CAG_471__ref_mOTU_v25_03598_	1.1937984496124	0.776949606322012	1.05254021296305	0.738166197123046	0.460413461312849	0.911312456238729
Ruminococcaceae_species_incertae_sedis__ext_mOTU_v26_16202_	0.364341085271318	-0.582750163436071	0.868450342217387	-0.671023010881835	0.502205870626134	0.911312456238729
Flavonifractor_plautii__ref_mOTU_v25_05238_	1.55038759689922	-0.281131732268775	0.391998489741697	-0.717175549461998	0.473265783999246	0.911312456238729
Streptococcus_sp___ref_mOTU_v25_00283_	0.387596899224806	-0.366346942159565	0.481994441160217	-0.760064662317941	0.447215934259892	0.911312456238729
Mogibacterium_species_incertae_sedis__meta_mOTU_v25_12290_	0.155038759689922	0.606256426936958	0.800356809155725	0.757482687723344	0.448760733928331	0.911312456238729
Ruthenibacterium_lactatiformans__ref_mOTU_v25_04716_	3.90697674418605	0.268263772359325	0.40719531108513	0.65880859886238	0.510018684836425	0.911312456238729
Clostridiales_species_incertae_sedis__meta_mOTU_v25_12742_	0.325581395348837	0.520342983131854	0.78305288119869	0.664505546975727	0.506366799887165	0.911312456238729
Anaerostipes_hadrus__ref_mOTU_v25_00857_	11.7906976744186	-0.198805554864552	0.297343672314551	-0.668605298767688	0.503747291594433	0.911312456238729
Dialister_invisus__ref_mOTU_v25_03691_	28.1395348837209	0.619998452899513	0.883499140569661	0.701753317495874	0.482833016097506	0.911312456238729
Clostridium_species_incertae_sedis__ext_mOTU_v26_17403_	0.364341085271318	0.567352075949084	0.873758782745932	0.649323459921154	0.51612932517107	0.915136995784089
Methanobrevibacter_smithii__ref_mOTU_v25_03695_	2.83720930232558	0.446197128873704	0.68699364853048	0.649492364053359	0.51602018046095	0.915136995784089
Eggerthellaceae_species_incertae_sedis__ext_mOTU_v26_17308_	1.03875968992248	0.405343852468868	0.635551203166665	0.637783156493485	0.523614845416414	0.924852274854279
Collinsella_species_incertae_sedis__ext_mOTU_v26_17334_	1	-0.386762827071261	0.61251334187683	-0.631435759237772	0.527755640881	0.926471198004407
Sutterella_wadsworthensis__ref_mOTU_v25_04772_	2.62015503875969	0.618471824905415	0.981358988608774	0.630219758604538	0.528550813612059	0.926471198004407
Clostridiales_species_incertae_sedis__meta_mOTU_v25_13749_	0.465116279069767	0.444784763267364	0.712980727112413	0.623838410147147	0.532733711635585	0.926755626656622
Ruminococcus_callidus__ref_mOTU_v25_11153_	12.906976744186	0.629964382570989	1.00794974997978	0.624995822047307	0.531973800182986	0.926755626656622
Firmicutes_bacterium_CAG_114__ref_mOTU_v25_07728_	5.93798449612403	0.43088439144247	0.699308724159952	0.616157609016063	0.537790503300364	0.932035421133337
Clostridiales_species_incertae_sedis__meta_mOTU_v25_12763_	0.627906976744186	0.686678663776454	1.12570584328585	0.609998311612289	0.541862926004179	0.93557606325066
Oscillibacter_species_incertae_sedis__ext_mOTU_v26_17772_	0.65891472868217	0.353114108113584	0.587415169488434	0.601132089287212	0.547752011838499	0.939156784363381
Streptococcus_sp___ref_mOTU_v25_01350_	5.41085271317829	-0.244225956787554	0.406539881746901	-0.600742922780701	0.548011225582971	0.939156784363381
Ruminococcaceae_species_incertae_sedis__ext_mOTU_v26_16365_	0.596899224806202	-0.26123198366046	0.440082821226965	-0.593597320913679	0.552781473345069	0.943823182266951
Clostridiales_species_incertae_sedis__ext_mOTU_v26_26664_	0.550387596899225	0.362391979392938	0.624702320193979	0.580103463166921	0.561844848481035	0.955758210884713
Butyricicoccus_species_incertae_sedis__meta_mOTU_v25_12617_	5.94573643410853	0.33090874367091	0.584303556127208	0.566330189506614	0.571169341520522	0.968048038385884
Roseburia_species_incertae_sedis__meta_mOTU_v25_12537_	2.68217054263566	0.491972738359641	0.888066888333516	0.553981625508911	0.579591420839857	0.978723974385253
Blautia_obeum__ref_mOTU_v25_05140_	6.91472868217054	0.187638639793217	0.344200467341111	0.545143477702667	0.585654842111724	0.985353584720821
Bifidobacterium_bifidum__ref_mOTU_v25_03116_	16.7286821705426	-0.307223325623092	0.832185069485949	-0.369176685437132	0.711996032688821	0.986653477174244
Anaerotruncus_rubiinfantis__ref_mOTU_v25_09169_	0.387596899224806	0.156427190765712	0.459549908606708	0.340392170330264	0.733561214217982	0.986653477174244
Firmicutes_species_incertae_sedis__meta_mOTU_v25_12744_	0.418604651162791	0.340411537123785	0.997405628616978	0.341296988263247	0.732880014967823	0.986653477174244
Clostridiales_species_incertae_sedis__meta_mOTU_v25_12635_	12.4108527131783	-0.178863627043668	0.40565852258886	-0.440921654750856	0.659269716078123	0.986653477174244
Coprococcus_catus__ref_mOTU_v25_11851_	7.75193798449612	-0.0823535050004807	0.271129943658973	-0.303741829062101	0.761324587629744	0.986653477174244
Clostridiales_species_incertae_sedis__meta_mOTU_v25_12254_	15.2558139534884	-0.0909999299120236	0.786958628637156	-0.11563496046751	0.907941854306164	0.986653477174244
Ruminococcus_species_incertae_sedis__meta_mOTU_v25_12766_	7.35658914728682	0.219440812950903	1.39853575720652	0.156907545495455	0.875317713077641	0.986653477174244
Firmicutes_bacterium_CAG_341__ref_mOTU_v25_07738_	3.27131782945736	0.442306498643692	1.46928911328262	0.301034353719201	0.763388298351959	0.986653477174244
Burkholderiales_species_incertae_sedis__meta_mOTU_v25_12785_	1.48062015503876	0.428911674248913	0.944302396000965	0.454210087854606	0.64967762297118	0.986653477174244
Lachnospiraceae_species_incertae_sedis__ext_mOTU_v26_16262_	0.364341085271318	-0.269086521013679	0.55577031166924	-0.484168577133034	0.628266235579137	0.986653477174244
Bacteroides_plebeius__ref_mOTU_v25_05069_	12.1240310077519	0.581894835183266	1.11799712573767	0.520479723773284	0.602729256521074	0.986653477174244
Alistipes_senegalensis__ref_mOTU_v25_01017_	1.13178294573643	0.124057914410714	0.508186158240362	0.244119034725927	0.807138630865633	0.986653477174244
Alistipes_finegoldii__ref_mOTU_v25_03682_	5.26356589147287	0.160174416212772	0.485782067405802	0.329724843628222	0.741607880082388	0.986653477174244
Ruminococcaceae_species_incertae_sedis__ext_mOTU_v26_17886_	1.55038759689922	-0.0343984990195659	0.508681194498381	-0.067622902893996	0.94608582325551	0.986653477174244
Ruminococcaceae_species_incertae_sedis__ext_mOTU_v26_17393_	1.35658914728682	0.0663424489617255	0.503474630818505	0.131769199281942	0.895166849490746	0.986653477174244
Clostridia_bacterium_UC5_1_2E3__ref_mOTU_v25_09093_	0.356589147286822	0.181552924701901	0.640635249665163	0.283395153165225	0.776873943382176	0.986653477174244
Akkermansia_muciniphila__ref_mOTU_v25_03591_	16.4496124031008	0.066215753428573	0.781647504679157	0.0847130618753176	0.932489511422777	0.986653477174244
uncultured_Clostridium_sp___ref_mOTU_v25_11607_	0.333333333333333	-0.139406106656867	0.55672157758772	-0.250405431132946	0.802273829946451	0.986653477174244
Bacteroides_species_incertae_sedis__ext_mOTU_v26_17504_	0.565891472868217	0.033511302659895	0.620695659122634	0.0539899098170976	0.956943203317049	0.986653477174244
Roseburia_intestinalis__ref_mOTU_v25_03702_	9.93798449612403	-0.0344523100619443	0.60646606510725	-0.0568083064232977	0.954697897056835	0.986653477174244
Parabacteroides_species_incertae_sedis__ext_mOTU_v26_26659_	0.682170542635659	0.0542697479170388	0.53425387414047	0.101580448067598	0.919089699341273	0.986653477174244
Clostridiales_species_incertae_sedis__ext_mOTU_v26_17903_	0.271317829457364	0.538174291907342	1.08301927227254	0.496920327907065	0.619245235961657	0.986653477174244
Christensenella_massiliensis__ref_mOTU_v25_10002_	0.527131782945736	-0.211110885494245	0.539379084966647	-0.39139612821157	0.695504453770298	0.986653477174244
Clostridiales_species_incertae_sedis__ext_mOTU_v26_24979_	0.534883720930233	0.24691486442722	0.649220666180725	0.380325022430025	0.703704163382988	0.986653477174244
Roseburia_species_incertae_sedis__ext_mOTU_v26_17371_	1.37209302325581	0.190330902053174	0.723563561627503	0.26304655478375	0.792514696683895	0.986653477174244
Actinobacteria_sp___ref_mOTU_v25_01911_	0.868217054263566	0.0163018175990431	0.352469615186493	0.0462502777449845	0.963110769475943	0.986653477174244
Bifidobacterium_catenulatum_kashiwanohense__ref_mOTU_v25_02701_	10.1782945736434	0.377438415026386	0.808366933803985	0.466914713161571	0.640560898225788	0.986653477174244
Ruminococcus_species_incertae_sedis__ext_mOTU_v26_26707_	2.23255813953488	-0.199832131717438	1.00925308203948	-0.198000021276745	0.843045047083618	0.986653477174244
Roseburia_hominis__ref_mOTU_v25_00861_	8.98449612403101	0.196540872151966	0.374337114212076	0.525037098086453	0.599557401840562	0.986653477174244
Adlercreutzia_equolifaciens__ref_mOTU_v25_08094_	2.5968992248062	-0.120228198199349	0.406369013974138	-0.295859659730358	0.767337259437138	0.986653477174244
Christensenella_minuta__ref_mOTU_v25_06399_	0.255813953488372	0.0802402901931154	0.694310389832335	0.115568327030929	0.907994666033753	0.986653477174244
Anaerostipes_hadrus__ref_mOTU_v25_00856_	12.4263565891473	0.0665075550174528	0.379971417473764	0.17503304711609	0.861053666557181	0.986653477174244
Lachnospira_sp___ref_mOTU_v25_05263_	0.255813953488372	-0.233424021292433	0.722760205857617	-0.322961916553576	0.746724083987515	0.986653477174244
Clostridiales_species_incertae_sedis__ext_mOTU_v26_17948_	0.193798449612403	0.130491574909037	0.747796627089583	0.174501422153921	0.861471413197535	0.986653477174244
uncultured_Eubacterium_sp___meta_mOTU_v25_13514_	6.37984496124031	0.0634411468188688	0.288788552510464	0.219680268720381	0.826120172581495	0.986653477174244
Clostridiales_species_incertae_sedis__ext_mOTU_v26_26949_	0.565891472868217	0.212699293985209	0.838654363922884	0.253619730767617	0.799789351977407	0.986653477174244
Dorea_longicatena__ref_mOTU_v25_03692_	27.015503875969	-0.13725746558527	0.311617903940824	-0.440467199892774	0.65959876335456	0.986653477174244
Clostridiales_species_incertae_sedis__ext_mOTU_v26_17847_	0.449612403100775	-0.102933432433985	0.673389267347122	-0.152858736284141	0.878509677083062	0.986653477174244
Clostridium__saccharolyticum__ref_mOTU_v25_03601_	0.286821705426357	-0.153995077871188	0.58568429750372	-0.262931887584385	0.792603078035785	0.986653477174244
Bacteroides_species_incertae_sedis__ext_mOTU_v26_17683_	0.302325581395349	0.199384193576768	0.793529038428448	0.251262630503907	0.801611065069033	0.986653477174244
Collinsella_aerofaciens__ref_mOTU_v25_03626_	22.2945736434109	0.0954680782656475	0.325993712933265	0.292852513647068	0.76963488685768	0.986653477174244
Firmicutes_sp___ref_mOTU_v25_03641_	8.62015503875969	0.190624004453097	0.813968714360919	0.234190824647068	0.814836837852763	0.986653477174244
Clostridiales_species_incertae_sedis__meta_mOTU_v25_13115_	0.674418604651163	0.227805941458797	0.658711664094956	0.345835596780868	0.729466271559598	0.986653477174244
Massilioclostridium_coli__ref_mOTU_v25_10237_	0.232558139534884	-0.0316092033758762	0.566380787118133	-0.0558091024533346	0.955493883538394	0.986653477174244
Dorea_formicigenerans__ref_mOTU_v25_03668_	10.1627906976744	-0.0284590944534844	0.2304944237243	-0.123469774208182	0.901735107811428	0.986653477174244
Coriobacteriia_species_incertae_sedis__ext_mOTU_v26_26765_	0.503875968992248	-0.119962685975256	0.828468185917576	-0.144800594656982	0.884868312705983	0.986653477174244
Oscillibacter_sp___ref_mOTU_v25_03341_	7.03875968992248	0.0986329417878317	0.363156088141358	0.271599306768166	0.785930132543164	0.986653477174244
Clostridiales_species_incertae_sedis__ext_mOTU_v26_16417_	0.434108527131783	-0.24720304557258	0.517961628332847	-0.477261310588291	0.633176057488141	0.986653477174244
Clostridiales_species_incertae_sedis__meta_mOTU_v25_13165_	0.868217054263566	0.249383198582495	0.673142385449522	0.370476148840275	0.71102774476149	0.986653477174244
Pseudoflavonifractor_species_incertae_sedis__meta_mOTU_v25_14283_	1.44961240310078	-0.184363426272141	0.51975213315436	-0.354714131047899	0.722803763434325	0.986653477174244
Eubacterium_sp__CAG_156__ref_mOTU_v25_07673_	0.410852713178295	-0.0453877473297352	0.663431853558509	-0.0684135787063659	0.945456412911414	0.986653477174244
Clostridiales_species_incertae_sedis__ext_mOTU_v26_17600_	0.775193798449612	0.0663425616584549	0.653389344483725	0.101536032410929	0.919124955620382	0.986653477174244
Lachnospiraceae_species_incertae_sedis__ext_mOTU_v26_17374_	0.263565891472868	-0.265844499247073	0.525978258527404	-0.505428684431492	0.613257776172576	0.986653477174244
Flavonifractor_species_incertae_sedis__ext_mOTU_v26_16369_	0.147286821705426	0.325012537637298	0.994321667105436	0.326868606397204	0.743767266422116	0.986653477174244
Clostridiales_sp___ref_mOTU_v25_03658_	9.81395348837209	-0.1498255748632	0.361681683909385	-0.414247061791322	0.678693179049059	0.986653477174244
Bittarella_massiliensis__ref_mOTU_v25_04646_	1.03875968992248	-0.0788554146373785	0.305508548772954	-0.25811197413	0.796320490600734	0.986653477174244
Clostridium_sp__CAG_217__meta_mOTU_v25_12270_	14.1782945736434	0.573434956428329	1.29134174371683	0.44406134876259	0.65699822995027	0.986653477174244
Clostridium_species_incertae_sedis__ext_mOTU_v26_17477_	1.27131782945736	0.166980610271411	0.565104925555833	0.295486028735584	0.767622623589429	0.986653477174244
Clostridiales_species_incertae_sedis__meta_mOTU_v25_13662_	4.10077519379845	-0.0259810898814701	0.358772418103545	-0.0724166311858781	0.942270349770764	0.986653477174244
Clostridiales_species_incertae_sedis__ext_mOTU_v26_16181_	0.992248062015504	-0.313320504501826	0.596391476619954	-0.525360466714864	0.599332630257405	0.986653477174244
Ruminococcaceae_species_incertae_sedis__meta_mOTU_v25_12789_	1.0077519379845	0.0356238809104298	0.692073700169565	0.0514741145367923	0.958947728107086	0.986653477174244
Clostridium__spiroforme__ref_mOTU_v25_11181_	0.263565891472868	0.0478199331208847	0.494031242716594	0.0967953622890953	0.922888906998433	0.986653477174244
Clostridiales_species_incertae_sedis__ext_mOTU_v26_26501_	1.03100775193798	-0.115381254728214	0.546349119837046	-0.211185944186434	0.832742178331276	0.986653477174244
Oscillibacter_species_incertae_sedis__meta_mOTU_v25_12353_	4.6046511627907	0.15380403935523	1.0323671927193	0.148981913063417	0.881567904962696	0.986653477174244
Parasutterella_excrementihominis__ref_mOTU_v25_03674_	2.03875968992248	-0.2814101544687	0.610538383551501	-0.46092131477752	0.644855058848601	0.986653477174244
Ruminococcaceae_species_incertae_sedis__ext_mOTU_v26_17494_	0.612403100775194	0.126324685813007	0.538074190813793	0.234771873413872	0.814385799411337	0.986653477174244
Firmicutes_bacterium_CAG_227__ref_mOTU_v25_07734_	1.21705426356589	-0.117048599442813	1.03623885252938	-0.11295523146725	0.91006604809666	0.986653477174244
Clostridiaceae_species_incertae_sedis__meta_mOTU_v25_12983_	2.36434108527132	-0.0349565800437395	0.580290203146514	-0.0602398245812079	0.951964627861608	0.986653477174244
Azospirillum_sp__51_20__ref_mOTU_v25_10408_	2.10852713178295	0.185512938307547	1.11389030678879	0.166545069273795	0.867728018234986	0.986653477174244
Mediterraneibacter_massiliensis__ref_mOTU_v25_05273_	0.178294573643411	0.0907770380907154	0.776266275647162	0.116940592343827	0.906907130772485	0.986653477174244
Faecalibacterium_species_incertae_sedis__meta_mOTU_v25_12303_	8.85271317829457	0.538241460823875	1.38740943451614	0.387947095812842	0.698055184737567	0.986653477174244
Allisonella_histaminiformans__ref_mOTU_v25_10689_	0.434108527131783	-0.351757583164311	0.69420232073182	-0.506707587484716	0.612360005987109	0.986653477174244
Blautia_species_incertae_sedis__ext_mOTU_v26_17669_	0.333333333333333	0.0697039217807492	0.859157793559847	0.0811305237562206	0.935338151246209	0.986653477174244
Azospirillum_sp__CAG_239__ref_mOTU_v25_07592_	2.44186046511628	-0.213312394640958	1.17837686862971	-0.181022218205124	0.856350136507382	0.986653477174244
Bilophila_wadsworthia__ref_mOTU_v25_04300_	6.7984496124031	0.0311083453528579	0.369640078004789	0.0841584752410284	0.932930432972698	0.986653477174244
Collinsella_bouchesdurhonensis__ref_mOTU_v25_03627_	1.93023255813953	-0.287900283458914	0.86439842067543	-0.333064333035167	0.739085721865525	0.986653477174244
Clostridiales_species_incertae_sedis__meta_mOTU_v25_13332_	1.38759689922481	0.129557863130309	0.713214612950104	0.181653405269436	0.855854734679956	0.986653477174244
Clostridiales_species_incertae_sedis__meta_mOTU_v25_13390_	5.18604651162791	-0.0450462636714648	0.933916641891751	-0.0482337091458384	0.961529985428828	0.986653477174244
Blautia_obeum_wexlerae__ref_mOTU_v25_02154_	44.4341085271318	-0.12609975730895	0.243436732473962	-0.517998068851164	0.604459616711057	0.986653477174244
Ruminococcus__torques__ref_mOTU_v25_03659_	6.56589147286822	-0.143176678499682	0.406706690217335	-0.352039152400398	0.724808900176573	0.986653477174244
Eubacterium_sp__CAG_202__meta_mOTU_v25_12308_	20.968992248062	-0.397928280855938	1.20756857482226	-0.32952851635321	0.741756243503075	0.986653477174244
Ruminococcaceae_species_incertae_sedis__ext_mOTU_v26_17469_	7.93023255813953	-0.261233615663259	0.931666495206414	-0.28039391456852	0.77917530534813	0.986653477174244
Butyricicoccus_sp___ref_mOTU_v25_02967_	0.705426356589147	-0.168122673567213	0.37416137313502	-0.449331987849381	0.653192185727099	0.986653477174244
3576_121_bin_27_clean__mags_db_all_113_	1.15503875968992	-0.243530117578458	0.450671055334314	-0.540372217598497	0.588940363576258	0.986653477174244
Ruminococcaceae_species_incertae_sedis__ext_mOTU_v26_18070_	0.891472868217054	0.134946294022224	0.418347545000495	0.322569824144813	0.74702104987841	0.986653477174244
Candidatus_Flemingibacterium_merdigallinarum__mags_db_all_110_	0.27906976744186	0.192089562001549	0.679601552386991	0.282650269598215	0.77744494133179	0.986653477174244
Clostridiales_species_incertae_sedis__meta_mOTU_v25_12494_	3.3953488372093	0.356791493007184	0.726869089940337	0.490860731244563	0.623524952609071	0.986653477174244
Clostridiales_species_incertae_sedis__meta_mOTU_v25_13774_	1.04651162790698	0.248962370798809	0.697233196760701	0.357071883489587	0.721037992581591	0.986653477174244
Clostridiales_species_incertae_sedis__ext_mOTU_v26_18262_	0.263565891472868	-0.265844427118599	0.568417463492623	-0.467692223045235	0.640004703355987	0.986653477174244
Lachnoclostridium_species_incertae_sedis__ext_mOTU_v26_16281_	0.193798449612403	0.13049141691658	0.645338890470359	0.202206032897646	0.839755656978363	0.986653477174244
Parabacteroides_merdae__ref_mOTU_v25_05401_	9.4108527131783	-0.0867418858368385	0.388363346076685	-0.223352401077806	0.823261246990078	0.986653477174244
Alistipes_finegoldii_onderdonkii__ref_mOTU_v25_03069_	10.8914728682171	-0.0759296999456968	0.531239633389668	-0.142929283083067	0.886346031444317	0.986653477174244
Clostridiales_species_incertae_sedis__meta_mOTU_v25_12253_	11.3488372093023	-0.272544707749056	0.621926058342953	-0.438226866510817	0.661221834716669	0.986653477174244
Clostridiales_species_incertae_sedis__ext_mOTU_v26_17443_	1.30232558139535	0.0362356605535928	0.521529568437425	0.0694795899342004	0.944607878260376	0.986653477174244
Oxalobacteraceae_species_incertae_sedis__ext_mOTU_v26_17454_	0.689922480620155	0.178052910900121	0.523557452447987	0.340082850635785	0.733794136120275	0.986653477174244
Sutterellaceae_species_incertae_sedis__ext_mOTU_v26_17688_	0.914728682170543	-0.0919510569123927	0.668706630024179	-0.137505825101611	0.890630988716899	0.986653477174244
Blautia_massiliensis__ref_mOTU_v25_03342_	24.2480620155039	0.0451751577368743	0.261029996685831	0.173065005211819	0.862600331635052	0.986653477174244
3576_012_bin_41_clean__mags_db_all_7_	1.63565891472868	-0.0783681587756886	0.36013898856574	-0.217605317013276	0.827736641387623	0.986653477174244
Rikenellaceae_sp___ref_mOTU_v25_03593_	1.8062015503876	0.163082382516845	0.995589555047313	0.163804834723377	0.869884785533789	0.986653477174244
Clostridiales_species_incertae_sedis__meta_mOTU_v25_13202_	1.23255813953488	0.234724826333436	0.994747729354432	0.235964174038142	0.813460470221132	0.986653477174244
Clostridiales_species_incertae_sedis__meta_mOTU_v25_12323_	1.01550387596899	0.316076530570118	0.702690732692679	0.449808878735211	0.652848255239374	0.986653477174244
Lachnospiraceae_species_incertae_sedis__ext_mOTU_v26_16332_	0.27906976744186	-0.226129840958912	0.553992622109365	-0.408182044190241	0.683140029643423	0.986653477174244
Bifidobacterium_longum__ref_mOTU_v25_01099_	16.4728682170543	-0.122334490569797	0.40744584718743	-0.300247238778511	0.763988574902506	0.986653477174244
Clostridium__symbiosum__ref_mOTU_v25_04652_	0.302325581395349	-0.11428019992899	0.747367862251133	-0.152910240995336	0.878469059741933	0.986653477174244
uncultured_Anaerotruncus_sp___ref_mOTU_v25_12068_	0.271317829457364	-0.298264418289589	0.627304837231624	-0.475469660979929	0.63445225284006	0.986653477174244
Roseburia_sp__CAG_182__meta_mOTU_v25_12852_	1.10852713178295	0.123431488423995	0.837224004944062	0.147429466540728	0.882793048700621	0.986653477174244
Blautia_sp___ref_mOTU_v25_03597_	1.2015503875969	0.41187297414785	0.966066204241991	0.426340319472224	0.66985988216647	0.986653477174244
Bacteroides_species_incertae_sedis__ext_mOTU_v26_18052_	2.7906976744186	0.15380466182374	0.737341280677884	0.208593585974649	0.834765518087618	0.986653477174244
Ruminococcus__torques__ref_mOTU_v25_03660_	17.6356589147287	-0.0670778219008092	0.332886732707445	-0.201503440390219	0.84030493956343	0.986653477174244
Ruminococcus_lactaris__ref_mOTU_v25_01595_	4.01550387596899	-0.209317790022295	0.582920774282299	-0.359084457540582	0.719531908381929	0.986653477174244
Clostridiales_species_incertae_sedis__meta_mOTU_v25_13280_	6.46511627906977	0.215643700928392	0.637683005350116	0.338167552089606	0.735236926598126	0.986653477174244
Clostridiales_species_incertae_sedis__meta_mOTU_v25_12351_	1.32558139534884	0.0383280287939281	0.540339876699135	0.070933185660975	0.943450931548907	0.986653477174244
Clostridium_sp__CAG_127__meta_mOTU_v25_12306_	16.4108527131783	0.254873387030761	0.859548134400799	0.29652020268584	0.766832840801408	0.986653477174244
Clostridiales_species_incertae_sedis__ext_mOTU_v26_26672_	1.7906976744186	0.0972212707344451	0.869877459359812	0.111764329203329	0.911010271441884	0.986653477174244
Eisenbergiella_tayi__ref_mOTU_v25_03446_	0.27906976744186	0.192089610164828	0.720260368870703	0.266694682182785	0.789704248676033	0.986653477174244
Clostridiales_species_incertae_sedis__ext_mOTU_v26_17865_	1.09302325581395	0.107511620116618	0.509275066591697	0.211107174038846	0.832803642310513	0.986653477174244
Pseudoflavonifractor_capillosus__ref_mOTU_v25_02969_	0.503875968992248	0.0865995603218781	0.565200917322711	0.153219072488576	0.878225517587166	0.986653477174244
Holdemania_sp__Marseille_P2844__ref_mOTU_v25_05920_	0.263565891472868	-0.265844244679061	0.663758740420425	-0.400513361994563	0.688778443827416	0.986653477174244
Senegalimassilia_anaerobia__ref_mOTU_v25_06538_	2.72093023255814	0.2814527538026	0.537765824615911	0.523374191737867	0.60071388040609	0.986653477174244
Oscillibacter_species_incertae_sedis__ext_mOTU_v26_16208_	1.13178294573643	-0.106430427621832	0.510178894646653	-0.208613936677143	0.834749630052548	0.986653477174244
Collinsella_species_incertae_sedis__ext_mOTU_v26_17637_	0.418604651162791	0.340411532472561	0.990711978335282	0.343602923873559	0.731144925524603	0.986653477174244
Clostridiales_species_incertae_sedis__meta_mOTU_v25_12952_	1.10852713178295	0.123431644962593	0.386222713231203	0.319586706669693	0.749281652839909	0.986653477174244
Clostridiales_species_incertae_sedis__meta_mOTU_v25_12470_	2.37984496124031	-0.350815284178969	0.684127151130843	-0.512792517588406	0.608096464341225	0.986653477174244
Desulfovibrio_piger__ref_mOTU_v25_06282_	3.13178294573643	0.500056461222623	1.13453838582084	0.440757639822677	0.659388463210985	0.986653477174244
Actinomyces_sp__ICM39__ref_mOTU_v25_01912_	0.271317829457364	0.119954820059083	0.643534605065145	0.186399952877344	0.852131129380373	0.986653477174244
Eubacterium__hallii__ref_mOTU_v25_03632_	7.74418604651163	-0.0528049084231166	0.257301626709814	-0.205225707658157	0.837395785083613	0.986653477174244
Haemophilus_influenzae_parainfluenzae__ref_mOTU_v25_01068_	0.891472868217054	-0.0388396835824769	0.66774383469883	-0.0581655442764135	0.953616765920297	0.986653477174244
Lachnospiraceae_species_incertae_sedis__ext_mOTU_v26_16311_	0.465116279069767	0.248700055648424	0.51994790201921	0.478317259638131	0.63242441369991	0.986653477174244
Bacteroides_species_incertae_sedis__ext_mOTU_v26_26380_	0.341085271317829	0.246393239398354	0.767454547853805	0.321052549740431	0.748170568093928	0.986653477174244
Clostridiales_species_incertae_sedis__meta_mOTU_v25_12774_	1.93798449612403	0.37358556304696	0.904347185807627	0.413099713152012	0.679533559573572	0.986653477174244
Lachnospiraceae_species_incertae_sedis__ext_mOTU_v26_16248_	3.36434108527132	0.0681751444569888	0.302866911518305	0.225099348473623	0.821901987818328	0.986653477174244
Clostridiales_species_incertae_sedis__meta_mOTU_v25_12755_	3.36434108527132	0.334683367418904	0.761815329438934	0.439323487577223	0.660427157709077	0.986653477174244
Eggerthellaceae_species_incertae_sedis__ext_mOTU_v26_15443_	3.51162790697674	0.052267010630279	0.439075565989518	0.119038759336307	0.905244648571164	0.986653477174244
Holdemanella_biformis__meta_mOTU_v25_12329_	7	0.189604940410754	0.71046453090967	0.26687460409598	0.789565710688757	0.986653477174244
Eubacterium_species_incertae_sedis__meta_mOTU_v25_12260_	1.13953488372093	0.153805227467679	0.555367620263828	0.276943094728162	0.781823801422176	0.986653477174244
Clostridium_sp__Marseille_P3244__ref_mOTU_v25_10248_	0.286821705426357	-0.0494403988927706	0.480271720286418	-0.102942556899428	0.918008561575058	0.986653477174244
Alistipes_species_incertae_sedis__ext_mOTU_v26_33183_	1.10077519379845	0.229356174451881	0.674082779675353	0.340249271109317	0.73366881621243	0.986653477174244
Provencibacterium_massiliense__ref_mOTU_v25_10126_	0.232558139534884	0.177500555797022	0.673492423121815	0.26355241678037	0.792124828291816	0.986653477174244
Clostridiales_species_incertae_sedis__meta_mOTU_v25_13922_	1.23255813953488	-0.055648180248446	1.09005161415755	-0.0510509589873446	0.959284914056453	0.986653477174244
Clostridiales_species_incertae_sedis__meta_mOTU_v25_12516_	1.2093023255814	-0.431156344701938	1.34754185152937	-0.319957665294479	0.749000423062146	0.986653477174244
Actinomyces_sp___ref_mOTU_v25_01913_	0.457364341085271	0.0737559394025632	0.522341846023508	0.141202432782389	0.887710024250449	0.986653477174244
Clostridium__asparagiforme_lavalense__ref_mOTU_v25_06317_	0.294573643410853	0.1272491513416	0.47634901490846	0.267134280452021	0.78936577434597	0.986653477174244
Clostridiales_species_incertae_sedis__meta_mOTU_v25_12265_	24.4883720930233	-0.271716196064697	0.610210296079837	-0.445282876756223	0.656115340706138	0.986653477174244
uncultured_Clostridium_sp___ref_mOTU_v25_11611_	0.178294573643411	0.404441355080205	0.776266275647162	0.521008535045566	0.602360825679046	0.986653477174244
Lachnospiraceae_species_incertae_sedis__ext_mOTU_v26_17986_	1.10077519379845	-0.196691858018495	0.519281359328734	-0.378777043475535	0.70485343601501	0.986653477174244
Senegalimassilia_anaerobia__mags_db_all_14_	2.81395348837209	-0.221406437171473	0.600415063957691	-0.36875563333147	0.712309877056917	0.986653477174244
Eggerthellaceae_species_incertae_sedis__ext_mOTU_v26_16295_	1.4031007751938	0.0324989909755705	0.35937669900359	0.090431547358739	0.927944288221119	0.986653477174244
Barnesiella_intestinihominis__ref_mOTU_v25_03595_	9.7984496124031	0.157227772548298	0.362991252914495	0.433144796977611	0.664909580123858	0.986653477174244
Eggerthellales_species_incertae_sedis__meta_mOTU_v25_13811_	1.34108527131783	0.0525216586584471	1.000435317582	0.0524988050055941	0.958131247490873	0.986653477174244
Phocea_massiliensis__ref_mOTU_v25_05236_	0.565891472868217	0.033511187077502	0.402294731249025	0.0833000893982828	0.933612929213514	0.986653477174244
Clostridiales_species_incertae_sedis__meta_mOTU_v25_13792_	0.728682170542636	0.130721776646983	0.663705309314561	0.196957557537072	0.843860751323949	0.986653477174244
Actinomyces_species_incertae_sedis__ext_mOTU_v26_19569_	0.37984496124031	-0.124816992661606	0.631120815190691	-0.197770362912041	0.84322473511791	0.986653477174244
Clostridiales_species_incertae_sedis__ext_mOTU_v26_26617_	0.806201550387597	-0.217032132919212	0.6536525392333	-0.33202981690208	0.739866744336343	0.986653477174244
Clostridiales_sp___ref_mOTU_v25_03605_	3.8062015503876	0.184546683320817	1.1668676189416	0.158155629931876	0.874334165819629	0.986653477174244
Eggerthellaceae_species_incertae_sedis__meta_mOTU_v25_12569_	5.83720930232558	0.136526663068795	0.590505239504343	0.231203135781476	0.817156993997393	0.986653477174244
Faecalibacterium_sp___ref_mOTU_v25_03636_	17.9922480620155	0.18539035068197	0.648804447858663	0.28574149159094	0.775076123295876	0.986653477174244
Clostridium_species_incertae_sedis__ext_mOTU_v26_23670_	0.255813953488372	0.289349991512258	0.800982069621111	0.361244030904623	0.717917029396295	0.986653477174244
Ruminococcaceae_species_incertae_sedis__ext_mOTU_v26_17318_	0.178294573643411	0.195331953109157	0.859954692615326	0.22714214456474	0.820313213756302	0.986653477174244
Oscillibacter_species_incertae_sedis__ext_mOTU_v26_26586_	0.255813953488372	0.0802404372324465	0.788098526308138	0.101815235727358	0.918903332135935	0.986653477174244
Ruminococcaceae_species_incertae_sedis__meta_mOTU_v25_12286_	9.25581395348837	0.191701475783904	0.432026047225204	0.443726661887992	0.657240216729081	0.986653477174244
Clostridiales_species_incertae_sedis__meta_mOTU_v25_12301_	23.3953488372093	-0.0242421540661524	0.373075872622504	-0.0649791526204691	0.94819059896794	0.986653477174244
Candidatus_Pseudobutyricicoccus_lothianensis__mags_db_all_58_	0.875968992248062	-0.186044485728572	0.746170535274004	-0.249332393780805	0.803103675761585	0.986653477174244
Clostridiales_species_incertae_sedis__meta_mOTU_v25_13200_	3.15503875968992	0.0787037052469863	0.37387744159861	0.210506696821472	0.833272225453534	0.986653477174244
Ruminococcaceae_species_incertae_sedis__ext_mOTU_v26_16451_	1.0077519379845	0.186972072159971	0.674288395030668	0.277287987659149	0.781558982533046	0.986653477174244
Faecalibacterium_species_incertae_sedis__meta_mOTU_v25_12376_	18.8139534883721	0.492112159826733	1.2769669116609	0.385375811489636	0.699959000910594	0.986653477174244
Bifidobacterium_pseudocatenulatum__ref_mOTU_v25_02700_	2.93798449612403	0.0438866765118481	0.923656584216316	0.0475140623277039	0.962103522877353	0.986653477174244
Ruminococcaceae_species_incertae_sedis__ext_mOTU_v26_17614_	0.782945736434108	-0.0890509882002141	0.729388421432434	-0.122089939439028	0.902827789437294	0.986653477174244
Clostridiales_species_incertae_sedis__ext_mOTU_v26_17987_	2.11627906976744	0.105976688403881	0.369605294143288	0.286729357190419	0.774319557195097	0.986653477174244
Collinsella_species_incertae_sedis__ext_mOTU_v26_26711_	1.41085271317829	0.408377234302941	0.997216659336469	0.409517059787858	0.682160249834349	0.986653477174244
Bacteroidales_species_incertae_sedis__meta_mOTU_v25_13203_	0.186046511627907	0.0583567072911447	0.640053120281113	0.0911747875949958	0.927353708080983	0.986653477174244
Clostridiales_species_incertae_sedis__meta_mOTU_v25_12556_	3.48062015503876	0.286778605324177	0.600031609895069	0.477939162862317	0.63269350629313	0.986653477174244
Lachnospiraceae_species_incertae_sedis__ext_mOTU_v26_16268_	0.627906976744186	0.153805374426617	0.409812902941055	0.37530632472238	0.707432662925684	0.986653477174244
Clostridiales_species_incertae_sedis__meta_mOTU_v25_12434_	0.984496124031008	0.288106164229368	0.807221060504885	0.356911109391978	0.721158352604415	0.986653477174244
Clostridium_sp__CAG_7__ref_mOTU_v25_07647_	3.38759689922481	0.1140041342585	0.375090993745274	0.303937274313551	0.761175679474847	0.986653477174244
Clostridiales_species_incertae_sedis__ext_mOTU_v26_26505_	0.651162790697674	0.23042663465614	0.457269634550821	0.50391851381623	0.614318639981552	0.986653477174244
Clostridiales_species_incertae_sedis__meta_mOTU_v25_12521_	9.98449612403101	0.251848695688857	0.692598621191243	0.363628641442697	0.716135336090931	0.986653477174244
Clostridium_sp__CAG_167__ref_mOTU_v25_07613_	0.813953488372093	0.0282745397756984	0.720707619293738	0.0392316371005016	0.968705710286567	0.986699690442197
Bacteroides_caecimuris__ref_mOTU_v25_03476_	1.4031007751938	0.0324988774196966	0.766021040377309	0.0424255675845263	0.966159446709733	0.986699690442197
Massilimaliae_massiliensis__ref_mOTU_v25_10172_	0.255813953488372	-0.0243145923884327	0.637527009769691	-0.0381389211999291	0.969576919241464	0.986699690442197
Clostridium_sp___ref_mOTU_v25_02380_	0.829457364341085	-0.011253792792046	0.763023838509055	-0.0147489399728793	0.988232475143005	0.998977098271427
Collinsella_species_incertae_sedis__ext_mOTU_v26_26704_	1.13178294573643	-0.0125531547863896	0.998704252294671	-0.012569441611515	0.989971300674764	0.998977098271427
Oscillibacter_species_incertae_sedis__ext_mOTU_v26_18067_	1.10077519379845	-0.00147298573951239	1.01563801973219	-0.00145030582835093	0.998842823776781	0.998977098271427
Actinomyces_naeslundii__ref_mOTU_v25_02018_	0.248062015503876	0.0081053429255254	0.516459182805579	0.015694062948972	0.987478463495468	0.998977098271427
Clostridiales_species_incertae_sedis__ext_mOTU_v26_17995_	0.775193798449612	-0.000522768040199149	0.407769800604748	-0.00128201754868519	0.998977098271427	0.998977098271427
Eggerthella_sp__CAG_298__mags_db_all_15_	1.94573643410853	0.0045789896980127	0.716980768365164	0.00638648887117791	0.994904353771529	0.998977098271427
Clostridiales_species_incertae_sedis__meta_mOTU_v25_12307_	1.5968992248062	0.0040580177847092	0.649089237366904	0.00625186422928681	0.995011766550092	0.998977098271427
Bacteroidales_sp___ref_mOTU_v25_03666_	0.224806201550388	0.000810892245382308	0.561175835470343	0.00144498781688037	0.998847066931582	0.998977098271427
