Feature	DESeq2	RAR_wt	ANCOMBC	ACAT
Faecalibacterium_species_incertae_sedis__meta_mOTU_v25_12403_	0.055660000558651	0.000147724850579345	1.62222441620188e-05	4.38398592500225e-05
Ruminococcus__gnavus__ref_mOTU_v25_01594_	5.94623943902184e-05	0.00272733968644778	0.000134372780137861	0.00012182254136797
Oscillibacter_sp__57_20__meta_mOTU_v25_12610_	0.0211790080152599	0.000566159154066568	0.000130680417913464	0.000316934059378822
Clostridiales_species_incertae_sedis__meta_mOTU_v25_13377_	0.00159468704786285	0.000986378473752921	0.000261622114060189	0.000549129234067783
Faecalibacterium_prausnitzii__ref_mOTU_v25_06108_	0.0408144628613886	0.0059590447036076	0.000254275995462036	0.000727290332905358
Faecalibacterium_species_incertae_sedis__ext_mOTU_v26_18130_	0.0215437158207395	0.000693479185587867	0.000379526911749358	0.000727587818878353
Clostridiales_species_incertae_sedis__meta_mOTU_v25_12563_	0.00248439423397581	0.000870568176810123	0.000536373797676213	0.000878334548320443
Clostridiales_species_incertae_sedis__meta_mOTU_v25_12356_	0.00990865960431455	0.000598372308301621	0.000702838911082676	0.000938997796471771
Clostridiales_species_incertae_sedis__meta_mOTU_v25_14166_	0.00625646161101305	0.000845104718468521	0.000540505469324862	0.000939489299737932
Clostridium_species_incertae_sedis__meta_mOTU_v25_12417_	0.0473280648682669	0.0006425529318613	0.00072019573294047	0.00101153755714516
Flavonifractor_species_incertae_sedis__ext_mOTU_v26_17316_	0.0190141727853265	0.000669921692066999	0.00191549627175299	0.00145116447397516
Oscillibacter_sp__57_20__ref_mOTU_v25_10413_	0.0574961279241577	0.000780262791774781	0.00134663177800281	0.00146956285539221
Oscillibacter_species_incertae_sedis__ext_mOTU_v26_18125_	0.0121406404629274	0.00120805475364432	0.000995491220213754	0.00156687214591913
Mogibacterium_sp__BX12__mags_db_all_26_	0.00122220019550626	0.0407552115911756	0.00172538101485175	0.00210941934055315
Ruminococcaceae_species_incertae_sedis__meta_mOTU_v25_12259_	0.0664927995747921	0.00353386212162143	0.00103889405776982	0.00238025935985298
Clostridiales_species_incertae_sedis__meta_mOTU_v25_12361_	0.0684367288060694	0.00254455264707723	0.0014678972079359	0.00275572384709191
Faecalibacterium_species_incertae_sedis__ext_mOTU_v26_18129_	0.0111420780191365	0.00176873987617557	0.00364776807901833	0.0032284386832592
Eubacterium__rectale__ref_mOTU_v25_03657_	0.0165552427871407	0.00218919123624911	0.00272391870243028	0.00339261160662744
Eubacterium__eligens__ref_mOTU_v25_02376_	0.0106832883196853	0.0036725157341163	0.00194552345874101	0.00340956532997551
Clostridiales_species_incertae_sedis__meta_mOTU_v25_13012_	0.0034054413935422	0.0130323964572008	0.00235647352003704	0.00377492442298472
Lachnospiraceae_species_incertae_sedis__meta_mOTU_v25_12240_	0.0282152461723937	0.0101192794279495	0.00162020380635243	0.00399266781712351
Eubacterium_species_incertae_sedis__ext_mOTU_v26_16236_	0.00619769201936353	0.00429139631067783	0.00304526772819273	0.00415081535232751
uncultured_Blautia_sp___ref_mOTU_v25_11916_	0.00984510571318759	0.00469715213882971	0.00263541756417599	0.00432338370490014
Clostridiales_species_incertae_sedis__mags_db_all_139_	0.022152773998615	0.00175516571000831	0.0130833974677147	0.00434001592644548
Odoribacter_splanchnicus__ref_mOTU_v25_03697_	0.0130617241271111	0.0102298892252025	0.00218045948064654	0.00474012838458788
Clostridia_species_incertae_sedis__ext_mOTU_v26_26753_	0.200299534821094	0.00185209099982579	0.0134202207405761	0.00484842384385223
Oscillibacter_species_incertae_sedis__ext_mOTU_v26_26398_	0.0483810651508321	0.00212513872392981	0.00826687828032501	0.00490159092295361
Ruminococcaceae_species_incertae_sedis__meta_mOTU_v25_12239_	0.203667194298291	0.0487133477010005	0.00230257289697669	0.0065367684497397
Bifidobacterium_species_incertae_sedis__ext_mOTU_v26_26736_	0.00726500794076655	0.00510682843745174	0.0098992236989764	0.00690488122301132
Bacteroides_rodentium_uniformis__ref_mOTU_v25_00855_	0.0673523774851761	0.00834892944989804	0.00485769779265861	0.00881566604686646
Bacteroidales_species_incertae_sedis__meta_mOTU_v25_12262_	0.0033291112441253	0.141523238696656	0.0891592503597422	0.00943462126115223
Ruminococcaceae_species_incertae_sedis__ext_mOTU_v26_16292_	0.284925514599746	0.028779034851848	0.00377431962226429	0.00992704077281976
Clostridiales_species_incertae_sedis__meta_mOTU_v25_12522_	0.0156514290236601	0.007253595205823	0.0101323279713461	0.00998540599407182
Eubacterium_ventriosum__ref_mOTU_v25_11151_	0.0289815403646374	0.0090554901312293	0.00785713583918193	0.0110227022569055
Clostridium_species_incertae_sedis__ext_mOTU_v26_17427_	0.0361544271666132	0.00726610365650972	0.00937559711392918	0.0110343017161629
Clostridiales_species_incertae_sedis__ext_mOTU_v26_26512_	0.119006642916418	0.00446167271423783	0.0361311226047346	0.0115475144664537
Eubacteriaceae_bacterium_CHKCI005__ref_mOTU_v25_09413_	0.203190154720111	0.0277231090575734	0.00512074427556658	0.0127330777254765
Oscillibacter_species_incertae_sedis__ext_mOTU_v26_17445_	0.0570847599516161	0.00551150336805245	0.0380909644906264	0.0133327829981879
unassigned	0.0278912773950602	0.0296760254702594	0.00647535597373891	0.013398607734546
Faecalibacterium_species_incertae_sedis__ext_mOTU_v26_26216_	0.0969447458652742	0.0128411406016698	0.00809306233492344	0.0141842169274554
uncultured_Clostridium_sp___ref_mOTU_v25_11605_	0.267344432175308	0.00530750789495114	0.0900593703040568	0.0148394456791557
Ruminococcus_sp__CAG_177__meta_mOTU_v25_12400_	0.381630736158598	0.00679145447323148	0.0195973358508365	0.0150332208617915
Mogibacterium_species_incertae_sedis__meta_mOTU_v25_12290_	0.448760733928331	0.00576926962869935	0.100513253460434	0.0163398115816949
Clostridiales_species_incertae_sedis__meta_mOTU_v25_12252_	0.0621623783352365	0.0143595143699343	0.0110231308683051	0.0170140483798726
Faecalibacterium_prausnitzii__ref_mOTU_v25_06110_	0.0754529032303978	0.0254737490859664	0.00857679736534481	0.0177601876136731
Oscillibacter_sp___ref_mOTU_v25_04664_	0.252878569833406	0.0143086171386025	0.010606026165965	0.0179260470201655
Bacteria_species_incertae_sedis__ext_mOTU_v26_16372_	0.0154204966577875	0.0139383914086221	0.0379428844758862	0.0184152235759952
Clostridiales_species_incertae_sedis__meta_mOTU_v25_12251_	0.00681885501548491	0.462417631139507	0.170538490276244	0.019673637802145
Clostridiales_species_incertae_sedis__ext_mOTU_v26_26520_	0.175462044114792	0.0114793671153314	0.0212230676650973	0.0215136899105076
Eubacterium_sp__CAG_38__ref_mOTU_v25_07679_	0.00848684410188718	0.155624626678224	0.0850378888861427	0.0221559196224523
Oscillibacter_species_incertae_sedis__ext_mOTU_v26_17503_	0.0514766151428224	0.0151500889008739	0.021359305151167	0.0226954995417525
Sutterella_wadsworthensis__ref_mOTU_v25_03066_	0.0188006201049071	0.0385462338394294	0.0198514198629461	0.0231693397677443
Firmicutes_bacterium_CAG_102__ref_mOTU_v25_07726_	0.146669432110477	0.0159629332884575	0.0174836915522249	0.0237540372203692
Bacteroides_eggerthii__ref_mOTU_v25_01577_	0.168460989156551	0.00949539336265145	0.0709181011111641	0.0240464894302924
Bifidobacterium_ruminantium__ref_mOTU_v25_02702_	0.156866723487577	0.019317261625728	0.0152330288813903	0.0243130399100744
Bacteroides_cellulosilyticus_fragilis__ref_mOTU_v25_01597_	0.0101872399034069	0.190211070343036	0.0525321270963376	0.0246203246538574
Clostridiales_species_incertae_sedis__ext_mOTU_v26_26282_	0.074688887890496	0.0119636649526746	0.0422267422807803	0.0249008599851588
Flavonifractor_species_incertae_sedis__ext_mOTU_v26_17315_	0.107388081118411	0.0144263056358856	0.0239698139664679	0.0249764333044291
Ruminococcus_bicirculans__ref_mOTU_v25_02792_	0.317234444205078	0.0151738532040266	0.020567686633032	0.0257088694766547
Clostridiales_species_incertae_sedis__meta_mOTU_v25_13923_	0.312115722789742	0.00984002397767569	0.101533340434268	0.0264382990684946
Prevotella_sp__CAG_279__meta_mOTU_v25_12279_	0.0149061851762906	0.0817850433999128	0.0303460628469922	0.0267590377955386
Faecalibacterium_prausnitzii__ref_mOTU_v25_06109_	0.222628856859864	0.0261987544400384	0.0143725277432869	0.0268785580701224
Clostridium_species_incertae_sedis__meta_mOTU_v25_12696_	0.45228546369001	0.0102925268695134	0.0801848356967553	0.0272544226603619
uncultured_Clostridium_sp___ref_mOTU_v25_06391_	0.0363449567444392	0.0240590196373132	0.026162232157673	0.0279608786101251
Eggerthella_lenta__ref_mOTU_v25_00719_	0.0189337515917036	0.0570545987809541	0.0279679653187541	0.0282925677613734
Bacteroides_dorei_vulgatus__ref_mOTU_v25_02367_	0.293964985400256	0.0356177947051462	0.0138236724632825	0.0291501506330752
Clostridium_species_incertae_sedis__meta_mOTU_v25_12234_	0.195724027715816	0.0132746676105415	0.044545443396703	0.029317480907568
Eggerthella_species_incertae_sedis__meta_mOTU_v25_12316_	0.106925515157307	0.0197311980931989	0.0284846001156505	0.0315992061190105
Clostridiales_species_incertae_sedis__meta_mOTU_v25_12288_	0.415189924720912	0.0179114335065665	0.0267798282487071	0.0318482545826986
Alistipes_species_incertae_sedis__ext_mOTU_v26_26506_	0.0528573381279754	0.0157776611068713	0.100597292569789	0.0326076433785399
Clostridiales_species_incertae_sedis__meta_mOTU_v25_12631_	0.113738157054427	0.0233608872071408	0.0260648279502727	0.0334244534799537
Clostridium_sp___ref_mOTU_v25_03618_	0.0388639530559041	0.0254710463987876	0.0410857279018506	0.0335889741851716
Intestinibacter_bartlettii__ref_mOTU_v25_03687_	0.222957535399916	0.0448852004370724	0.0160492779416183	0.0339182393471595
Streptococcus_parasanguinis__ref_mOTU_v25_00312_	0.0190811693987875	0.0892855542063016	0.0414652221434832	0.0342590741019597
Clostridiales_Family_XIII__Incertae_Sedis_species_incertae_sedis__ext_mOTU_v26_26457_	0.134376787521593	0.0171303290885768	0.0453941730678572	0.0342731007244881
Lachnospiraceae_species_incertae_sedis__ext_mOTU_v26_16177_	0.10433760569306	0.025877385890964	0.030552048112394	0.0371312864045251
Parabacteroides_distasonis__ref_mOTU_v25_03640_	0.106982320455114	0.02674328327373	0.0312680477552605	0.0381907123092401
Bacteroides_species_incertae_sedis__ext_mOTU_v26_17779_	0.0138300327974209	0.419600167526694	0.268463727251249	0.039340570009745
Clostridiales_species_incertae_sedis__meta_mOTU_v25_12411_	0.473994709868752	0.0163970364602254	0.0693151044450521	0.0395887269766719
Ruminococcaceae_species_incertae_sedis__ext_mOTU_v26_16287_	0.0828682679493267	0.023779857663101	0.0576541585974822	0.0420534058388687
Lachnospiraceae_species_incertae_sedis__ext_mOTU_v26_17428_	0.133948843165354	0.0254713236745191	0.0477599151907565	0.04449979337909
Eggerthella_sp___ref_mOTU_v25_03631_	0.0596516544340211	0.0319318381541015	0.0557808825967696	0.0454740478181818
Clostridiales_species_incertae_sedis__meta_mOTU_v25_12334_	0.288056375356457	0.0332389674434738	0.0313053159642615	0.0463378695547072
Clostridiales_species_incertae_sedis__meta_mOTU_v25_13729_	0.0343694049766581	0.17817973344773	0.0350816947076784	0.0477272825249074
Clostridiales_species_incertae_sedis__meta_mOTU_v25_12786_	0.153333648913213	0.0403883316866775	0.0372891749922098	0.0518642229768041
Ruminococcus__torques__ref_mOTU_v25_03703_	0.0249295984641478	0.275959147101677	0.0857878210069576	0.0549309286284597
Intestinimonas_butyriciproducens__ref_mOTU_v25_03928_	0.0787718327280687	0.0300481625762636	0.119071124350826	0.0553849740722924
Firmicutes_species_incertae_sedis__ext_mOTU_v26_26597_	0.330369012935142	0.0285641865602257	0.0593652071578557	0.0555897696495645
Lachnospiraceae_species_incertae_sedis__ext_mOTU_v26_18135_	0.0377636052493163	0.0903698992922806	0.0669051746943655	0.0572357779156048
Clostridiales_species_incertae_sedis__meta_mOTU_v25_13187_	0.310870434433561	0.029281081850613	0.0642075330813133	0.0575705507346028
Clostridia_species_incertae_sedis__meta_mOTU_v25_14185_	0.0668772544204277	0.0432960939597849	0.0826021058695758	0.0598661855525288
Alistipes_obesi__ref_mOTU_v25_06695_	0.327486898296419	0.0365295230453104	0.0490931126398225	0.0600621110476562
Streptococcus_sanguinis_cristatus__ref_mOTU_v25_01591_	0.155849335659933	0.115175918707831	0.0288194507828414	0.0607284979381586
Clostridiales_species_incertae_sedis__meta_mOTU_v25_12873_	0.101569131481814	0.0421267517362801	0.0643592543748192	0.061175867264495
Oscillibacter_species_incertae_sedis__ext_mOTU_v26_17930_	0.0359237356554153	0.10180781918204	0.0869406781630549	0.0611948254250489
Lachnospiraceae_species_incertae_sedis__ext_mOTU_v26_26654_	0.158010116997764	0.0552219621109413	0.0418065574243729	0.0623368275773964
Bacteria_species_incertae_sedis__meta_mOTU_v25_12280_	0.16961951172447	0.02665950586651	0.188110377140435	0.0624361838012629
Clostridiales_species_incertae_sedis__meta_mOTU_v25_12587_	0.0350583300913726	0.110539096182437	0.0965641645110534	0.0628320671231705
uncultured_Eubacterium_sp___ref_mOTU_v25_08868_	0.436645350271449	0.0350334829886961	0.0606166852904078	0.0652102205106628
Oscillibacter_species_incertae_sedis__ext_mOTU_v26_28927_	0.100096729342511	0.0461764491251386	0.0713982271885783	0.0658119351614811
uncultured_Blautia_sp___ref_mOTU_v25_03662_	0.126114235343435	0.0339126918257075	0.126418244912862	0.0666146430402794
Firmicutes_species_incertae_sedis__ext_mOTU_v26_26969_	0.120946306734375	0.0627469942403696	0.0491495071694	0.0674935760684951
Clostridiales_species_incertae_sedis__meta_mOTU_v25_12309_	0.214761337301884	0.0525346259999575	0.0481973882908623	0.0681002733937432
Clostridium_sp___ref_mOTU_v25_03675_	0.0350748599683528	0.101794132939347	0.226830291475864	0.0710548043923102
Clostridiales_species_incertae_sedis__meta_mOTU_v25_13415_	0.297334283920441	0.0449400042546431	0.0607885580185806	0.0724733121329729
Clostridiales_species_incertae_sedis__meta_mOTU_v25_13659_	0.509266182069976	0.027922338280855	0.181623647958967	0.0727350345789549
Clostridiales_species_incertae_sedis__meta_mOTU_v25_13863_	0.130368880350322	0.0614631340576378	0.0583553986407705	0.0732186978612391
Oscillibacter_sp__57_20__meta_mOTU_v25_12282_	0.290617919689701	0.0427041786477127	0.0782107982762278	0.0769363212968837
Clostridium_species_incertae_sedis__ext_mOTU_v26_17404_	0.236499928135314	0.0407833721130133	0.112138511525706	0.0807504906172205
Clostridiales_species_incertae_sedis__meta_mOTU_v25_13006_	0.0725087575626858	0.124517715708191	0.0708692907141839	0.0836239743079851
Clostridiales_species_incertae_sedis__meta_mOTU_v25_12272_	0.109098425208878	0.0813859389694997	0.0743341592381835	0.0860023313226587
Firmicutes_sp___ref_mOTU_v25_02743_	0.0489178334734474	0.246961834892922	0.0972387493767698	0.087431092726946
Ruminococcaceae_species_incertae_sedis__ext_mOTU_v26_17626_	0.0634195745956658	0.260296657702961	0.0678080146980539	0.0884824372147209
Faecalibacterium_species_incertae_sedis__meta_mOTU_v25_12331_	0.0537952508434828	0.129287871497396	0.129561960726575	0.0885426388459926
Clostridiales_species_incertae_sedis__meta_mOTU_v25_12556_	0.63269350629313	0.0358771324081032	0.141324026300615	0.088632305425597
Bifidobacterium_catenulatum_kashiwanohense__ref_mOTU_v25_02701_	0.640560898225788	0.0398810093612483	0.106214430730955	0.0897882706729489
Eubacterium__siraeum__ref_mOTU_v25_02370_	0.244853009049818	0.0782121114498951	0.0591495318007123	0.0898865064294875
Faecalicatena_contorta__ref_mOTU_v25_03445_	0.0243683861792725	0.890084249771128	0.5840996719036	0.0928925549653173
Clostridiales_sp___ref_mOTU_v25_03634_	0.484397870917958	0.0734753277179485	0.0558404697093646	0.0932509158813546
Atopobiaceae_species_incertae_sedis__meta_mOTU_v25_13944_	0.104779406654684	0.103660354691236	0.0787213280664173	0.0941107227956876
Clostridiales_species_incertae_sedis__meta_mOTU_v25_13701_	0.322365687292988	0.0495511480225449	0.122434717662405	0.0976879001521639
Clostridium_phoceensis__ref_mOTU_v25_08865_	0.0656864277679056	0.131655340781513	0.126838073384144	0.0980371821654891
Clostridiales_species_incertae_sedis__ext_mOTU_v26_28740_	0.289008292160554	0.0550783797108124	0.118530725254743	0.101759661022023
Faecalibacterium_species_incertae_sedis__ext_mOTU_v26_26928_	0.131819333638685	0.0878674220121865	0.107636074817441	0.106276780709842
Alistipes_putredinis__ref_mOTU_v25_03683_	0.19905991258025	0.0971158039239557	0.080199688195564	0.108651711316521
Lachnospiraceae_species_incertae_sedis__ext_mOTU_v26_17479_	0.120999445311459	0.0802924773798432	0.14657106655731	0.109203873777309
Ruminococcaceae_species_incertae_sedis__ext_mOTU_v26_17927_	0.0510255749245415	0.269975108354798	0.242589700949929	0.112725451881684
Bacteroides_species_incertae_sedis__ext_mOTU_v26_26380_	0.748170568093928	0.0376592751376849	0.321796940463664	0.113536199267535
Clostridiales_species_incertae_sedis__meta_mOTU_v25_12887_	0.0861824593682101	0.126032365170432	0.144712409259875	0.113667393365196
Clostridiales_species_incertae_sedis__meta_mOTU_v25_12690_	0.286323834162964	0.05975738134588	0.15797212543085	0.115454840029652
Ruminococcaceae_bacterium_D16__ref_mOTU_v25_11463_	0.0763193145865595	0.113314194141658	0.244955898574024	0.116709088847064
Clostridium_species_incertae_sedis__meta_mOTU_v25_12399_	0.077916642667415	0.145607235072709	0.185477083144254	0.12036000273694
Sutterella_species_incertae_sedis__ext_mOTU_v26_26637_	0.0531619436330122	0.35902548177189	0.234771245694182	0.121021554509108
Firmicutes_bacterium_ADurb_Bin467__meta_mOTU_v25_12694_	0.117544890683103	0.103718169961076	0.150634718785547	0.121172655080461
Bacteroides_sp___ref_mOTU_v25_03475_	0.115138419033741	0.10562448492721	0.154573422094421	0.122004270973039
Clostridiales_species_incertae_sedis__meta_mOTU_v25_14425_	0.176346977498156	0.0866824552453131	0.135798205117533	0.122638428248164
Bacteroides_finegoldii__ref_mOTU_v25_03474_	0.0817659073094476	0.162800685799038	0.168551315028242	0.124157287409946
Clostridiales_species_incertae_sedis__meta_mOTU_v25_12463_	0.500808648623106	0.0785245521087315	0.0971498308221909	0.126572373324009
Eubacterium_sp__CAG_180__ref_mOTU_v25_07675_	0.0916054010872021	0.207066789508667	0.129828361288987	0.12877189072144
Clostridiales_species_incertae_sedis__ext_mOTU_v26_17903_	0.619245235961657	0.0502188803640898	0.233830097308923	0.128885682733241
Ruminococcaceae_species_incertae_sedis__meta_mOTU_v25_12898_	0.0715585126993633	0.405834213287551	0.140424904795348	0.132331414016237
Ruminococcaceae_species_incertae_sedis__meta_mOTU_v25_12664_	0.0576439362005579	0.467830148923966	0.242679040768221	0.135618209300058
Erysipelotrichaceae_species_incertae_sedis__ext_mOTU_v26_16223_	0.191555055406145	0.193285787926557	0.0893512965956905	0.140222719520154
Ruminococcaceae_species_incertae_sedis__meta_mOTU_v25_12286_	0.657240216729081	0.0861530700459909	0.098728811211048	0.143741444895947
Clostridiales_species_incertae_sedis__ext_mOTU_v26_16398_	0.255373981903469	0.0864098229408752	0.196315810856457	0.148222668313065
Clostridiales_species_incertae_sedis__meta_mOTU_v25_12437_	0.16634596495024	0.142733581929274	0.144978103995631	0.150692884190346
Parabacteroides_species_incertae_sedis__ext_mOTU_v26_26689_	0.225822208325434	0.11583107248883	0.144318427676342	0.150991241689481
Ruminococcaceae_species_incertae_sedis__ext_mOTU_v26_17811_	0.307734885865331	0.0855624951911277	0.19529233731488	0.153291623508516
Prevotella_sp___ref_mOTU_v25_03648_	0.314087063504156	0.109033763475747	0.139013613453014	0.156368276333124
Clostridiales_species_incertae_sedis__ext_mOTU_v26_17908_	0.386681739857982	0.0856519976891733	0.19718820970262	0.161407125219976
Ruminococcaceae_species_incertae_sedis__ext_mOTU_v26_26976_	0.391020656119288	0.0942469696427337	0.164666105643755	0.161614969810704
Bacteroides_massiliensis__ref_mOTU_v25_02135_	0.327940457368012	0.126495857239557	0.131143234588155	0.164704353320628
Clostridiales_species_incertae_sedis__meta_mOTU_v25_12635_	0.659269716078123	0.0871178883146483	0.138696738383029	0.167544525104197
Ruminococcus_species_incertae_sedis__ext_mOTU_v26_26708_	0.0967457435390432	0.207491734570412	0.317718249252851	0.168078491870111
Clostridiales_Family_XIII__Incertae_Sedis_species_incertae_sedis__ext_mOTU_v26_17436_	0.157866226726976	0.173499953431381	0.186256200211733	0.171829488541018
Ruminococcaceae_species_incertae_sedis__ext_mOTU_v26_17317_	0.28516758291664	0.101002257628381	0.247983138145908	0.176091986978694
Clostridiales_species_incertae_sedis__meta_mOTU_v25_14315_	0.189215122899286	0.15387238761824	0.192881390739258	0.176993586989956
Flavonifractor_species_incertae_sedis__ext_mOTU_v26_16369_	0.743767266422116	0.058020557414005	0.393351433170831	0.177455122793409
Ruminococcaceae_species_incertae_sedis__ext_mOTU_v26_17708_	0.37920774433851	0.188841858569581	0.105532382196689	0.178203633985243
Clostridium_sp___ref_mOTU_v25_03621_	0.372906460666548	0.115872033318126	0.177346123697448	0.182325638165616
Clostridiales_species_incertae_sedis__meta_mOTU_v25_12447_	0.0733889658240942	0.480444014392886	0.399785485575752	0.182463403128206
Clostridiales_species_incertae_sedis__meta_mOTU_v25_12284_	0.392249521820776	0.138857265018978	0.140342494832492	0.18343680397435
Clostridiales_species_incertae_sedis__meta_mOTU_v25_13168_	0.474304211798122	0.114304522898997	0.16128134843116	0.185653692653341
Clostridium_species_incertae_sedis__ext_mOTU_v26_17323_	0.294201535641184	0.14260476226662	0.174447558342018	0.188028549299318
Romboutsia_timonensis__ref_mOTU_v25_09389_	0.103918099677554	0.283962297769635	0.318431569338266	0.190430448968651
Clostridiales_sp___ref_mOTU_v25_02968_	0.0872506175233631	0.452518995167046	0.308003013499242	0.190634695199022
Bacteria_sp___ref_mOTU_v25_03594_	0.117525407128564	0.46361162982444	0.178920392990986	0.194366709279488
Fusicatenibacter_saccharivorans__ref_mOTU_v25_02680_	0.386835237967509	0.135479646550965	0.182601139811277	0.200158425150506
Clostridiales_species_incertae_sedis__ext_mOTU_v26_26595_	0.329911004970618	0.275450635671436	0.118348506033016	0.204530733185022
Clostridiales_species_incertae_sedis__meta_mOTU_v25_13749_	0.532733711635585	0.0876696440351424	0.339471296261301	0.205321448891543
Roseburia_species_incertae_sedis__meta_mOTU_v25_12366_	0.22674829106526	0.175141121510304	0.222029158185246	0.205546801940076
Clostridium__leptum__ref_mOTU_v25_03688_	0.0718127403104636	0.684869057895616	0.443467815002925	0.209496133517816
Ruminococcaceae_species_incertae_sedis__meta_mOTU_v25_12396_	0.400662305383047	0.170525689592965	0.160380762065453	0.211869569622904
Clostridiales_species_incertae_sedis__meta_mOTU_v25_12327_	0.198358826639817	0.228231278964236	0.215266719805224	0.213354595702549
Parabacteroides_johnsonii__ref_mOTU_v25_05400_	0.232341861435508	0.206806510468229	0.205099085092125	0.2141630871005
Clostridiales_species_incertae_sedis__meta_mOTU_v25_12755_	0.660427157709077	0.0814038488004193	0.355598139617016	0.214334454238706
Clostridiales_species_incertae_sedis__meta_mOTU_v25_12691_	0.321061759476592	0.140901501976648	0.260058827964746	0.217782833449283
Firmicutes_bacterium_CAG_341__ref_mOTU_v25_07738_	0.763388298351959	0.0831364161304726	0.259053101900991	0.221224068653302
Clostridiales_species_incertae_sedis__meta_mOTU_v25_12776_	0.0699797839295562	0.74089054296839	0.485123039633902	0.222123741664695
Bacteroides_stercoris__ref_mOTU_v25_01579_	0.235703890989042	0.229683197049709	0.205344979653047	0.222913015433407
Ruminococcus_sp___ref_mOTU_v25_03681_	0.48920456390921	0.130065614603077	0.230127362930893	0.226607124309653
Collinsella_species_incertae_sedis__ext_mOTU_v26_28721_	0.34150300965625	0.153035639586322	0.272136029973156	0.233393448940813
Collinsella_aerofaciens__ref_mOTU_v25_03626_	0.76963488685768	0.246085628052236	0.0907641914157982	0.234629527665215
Clostridiales_Family_XIII__Incertae_Sedis_species_incertae_sedis__ext_mOTU_v26_17501_	0.317741369658185	0.230236342160011	0.194197555646719	0.239353463565559
Clostridium_sp__CAG_58__ref_mOTU_v25_07640_	0.110525771154218	0.489538545752554	0.377852497146219	0.239740064628765
Clostridiales_species_incertae_sedis__meta_mOTU_v25_12323_	0.652848255239374	0.101644667793133	0.315914178660779	0.241917915106589
Firmicutes_bacterium_CAG_170__ref_mOTU_v25_07733_	0.125904819394006	0.364361735872339	0.439991247971269	0.247909940745978
Ruminococcaceae_species_incertae_sedis__ext_mOTU_v26_17884_	0.27717052026041	0.182156120499004	0.324535015740062	0.249493002326131
Dialister_invisus__ref_mOTU_v25_03691_	0.482833016097506	0.145964068575454	0.264909582302671	0.250524217782651
Adlercreutzia_equolifaciens__ref_mOTU_v25_08094_	0.767337259437138	0.0954352952837283	0.2766132707362	0.251876903291732
Ruminococcaceae_species_incertae_sedis__ext_mOTU_v26_16294_	0.323794771094679	0.19667949669249	0.267391683511562	0.254228997836488
Clostridium_sp___ref_mOTU_v25_03680_	0.469906696913775	0.191079228435879	0.206943183486593	0.257010733865483
Roseburia_species_incertae_sedis__meta_mOTU_v25_12537_	0.579591420839857	0.126903534472881	0.306805439449997	0.260239514932334
Anaeromassilibacillus_species_incertae_sedis__meta_mOTU_v25_13295_	0.141129391392297	0.398460203632926	0.407650357892558	0.264726350643251
Alistipes_species_incertae_sedis__ext_mOTU_v26_17843_	0.281935784951194	0.236776517211049	0.287012378003629	0.267052082518178
Clostridium_species_incertae_sedis__ext_mOTU_v26_23670_	0.717917029396295	0.0938667782876065	0.478448890933416	0.27614047064795
Bacteroides_clarus__ref_mOTU_v25_01578_	0.18627974682201	0.416859935261882	0.297721737769536	0.27798756683792
Clostridiales_species_incertae_sedis__meta_mOTU_v25_12763_	0.541862926004179	0.134627878213337	0.376873897018026	0.279062857984543
Butyricicoccus_species_incertae_sedis__meta_mOTU_v25_12617_	0.571169341520522	0.200895843083576	0.213835397497224	0.28532122715657
Faecalibacterium_species_incertae_sedis__ext_mOTU_v26_26377_	0.413361105982167	0.163092188891182	0.412289238925719	0.289161829003856
Firmicutes_sp___ref_mOTU_v25_03629_	0.223932818354389	0.301223574053261	0.383580094826995	0.292972389064514
Lachnospiraceae_species_incertae_sedis__ext_mOTU_v26_17374_	0.613257776172576	0.263650739928638	0.167004970754769	0.293551192338142
Ruminococcus_callidus__ref_mOTU_v25_11153_	0.531973800182986	0.234052402092172	0.219940220503366	0.297622774373334
Eubacterium_sp__CAG_202__meta_mOTU_v25_12308_	0.741756243503075	0.199920282234226	0.165670036619878	0.300512893038962
Clostridium_sp__CAG_7__ref_mOTU_v25_07647_	0.761175679474847	0.121555979290875	0.295623946429159	0.301015704323241
Actinomyces_viscosus_oris__ref_mOTU_v25_02019_	0.461864622903954	0.353876398689318	0.186390472827306	0.303994811463398
Lachnospiraceae_species_incertae_sedis__ext_mOTU_v26_16452_	0.448957271210846	0.462627467324211	0.159442511182655	0.305154572165488
Alistipes_shahii__ref_mOTU_v25_01014_	0.46121606747001	0.250023357764274	0.256596438345517	0.306907328118616
Barnesiella_intestinihominis__ref_mOTU_v25_03595_	0.664909580123858	0.230509252789621	0.190650869257808	0.31095879398638
Coprococcus_comes__ref_mOTU_v25_03690_	0.381291852463002	0.354746186503315	0.229489804736294	0.311362954438937
Lachnospiraceae_species_incertae_sedis__ext_mOTU_v26_16248_	0.821901987818328	0.157083146832619	0.173498476898223	0.319410999617718
Alistipes_finegoldii__ref_mOTU_v25_03682_	0.741607880082388	0.16175627755457	0.244381305986857	0.321599129220933
Faecalibacterium_prausnitzii__meta_mOTU_v25_13917_	0.202418098669795	0.481540558017513	0.37723788893838	0.326525874018366
Dehalococcoidales_species_incertae_sedis__meta_mOTU_v25_12342_	0.331539156843029	0.354012951028459	0.313738589803468	0.332606142120276
Clostridiales_species_incertae_sedis__ext_mOTU_v26_26621_	0.299836219391075	0.366283687970684	0.338067003526686	0.333362098209779
Desulfovibrio_species_incertae_sedis__ext_mOTU_v26_16415_	0.453933447868703	0.239984189127861	0.350078294905485	0.334297586409138
Clostridium_species_incertae_sedis__ext_mOTU_v26_17477_	0.767622623589429	0.139353990132096	0.33007113913128	0.343208108862877
Eubacterium_sp___ref_mOTU_v25_02373_	0.376025210535297	0.24719320163762	0.455814550049492	0.346701060368815
Clostridiales_Family_XIII__Incertae_Sedis_species_incertae_sedis__ext_mOTU_v26_16322_	0.463570837365936	0.403036088009853	0.23065666154125	0.347453987441155
Oscillibacter_species_incertae_sedis__ext_mOTU_v26_17998_	0.338939995806327	0.480540228164807	0.2647033472178	0.350137431987455
Ruminococcaceae_species_incertae_sedis__ext_mOTU_v26_26965_	0.32717534103832	0.28880801160221	0.465780667840531	0.353006556259806
Clostridium_sp___ref_mOTU_v25_03599_	0.248032975123793	0.613587860623255	0.2753173443629	0.353097274794984
Blautia_obeum__ref_mOTU_v25_05140_	0.585654842111724	0.266338374292241	0.283009893023273	0.357725963687649
Firmicutes_bacterium_CAG_114__ref_mOTU_v25_07728_	0.537790503300364	0.260676377748684	0.328404867395577	0.359802169468804
Oscillibacter_sp___ref_mOTU_v25_03341_	0.785930132543164	0.176632550433398	0.244423235886718	0.361611718138081
uncultured_Anaerotruncus_sp___ref_mOTU_v25_12068_	0.63445225284006	0.276857157737238	0.252870130983116	0.363051632753075
Roseburia_hominis__ref_mOTU_v25_00861_	0.599557401840562	0.232406855154217	0.335338023554733	0.364279557916752
Collinsella_species_incertae_sedis__ext_mOTU_v26_17328_	0.330615849807976	0.606194370911021	0.232494285130433	0.364631694175991
Clostridiales_species_incertae_sedis__meta_mOTU_v25_13147_	0.315025191725482	0.431029380053565	0.361401440243032	0.366099596168537
Clostridiales_species_incertae_sedis__meta_mOTU_v25_12521_	0.716135336090931	0.249811243443566	0.228924932253609	0.366621814873427
Clostridium__clostridioforme_bolteae__ref_mOTU_v25_03442_	0.401725470838783	0.433208037183124	0.28639349465628	0.36753483413241
uncultured_Clostridium_sp___ref_mOTU_v25_11606_	0.33750290751753	0.343084083560843	0.432285280077807	0.368661644080341
Clostridium__citroniae__ref_mOTU_v25_04828_	0.233685671002462	0.447221499821468	0.52189170100129	0.378277385000429
Clostridiales_sp___ref_mOTU_v25_05137_	0.222477697034682	0.564289998604758	0.433116307875817	0.379035002481745
Collinsella_species_incertae_sedis__meta_mOTU_v25_12451_	0.391020925345889	0.435890924094724	0.325224746689565	0.38141301004444
Clostridiales_species_incertae_sedis__meta_mOTU_v25_12516_	0.749000423062146	0.0950198221131612	0.776762836776083	0.390755880596797
Clostridiales_species_incertae_sedis__ext_mOTU_v26_18262_	0.640004703355987	0.369228670359318	0.235794274376706	0.392027690134953
Clostridiales_species_incertae_sedis__meta_mOTU_v25_13165_	0.71102774476149	0.159754515955065	0.49783537955527	0.392997826075628
Clostridium_sp__AT4__meta_mOTU_v25_12609_	0.244431560491687	0.665635529070303	0.342974447932552	0.397562332845772
Roseburia_species_incertae_sedis__ext_mOTU_v26_17394_	0.346371939191223	0.394906450103671	0.461297349504687	0.398648351244265
Bifidobacterium_longum__ref_mOTU_v25_01099_	0.763988574902506	0.201689511679784	0.306540149426962	0.400962186325055
Eubacterium__eligens__ref_mOTU_v25_02375_	0.359990375603335	0.49022921241882	0.399570330720583	0.414308193663132
Clostridiales_species_incertae_sedis__ext_mOTU_v26_26664_	0.561844848481035	0.2407255551196	0.525098199127515	0.418609527540249
uncultured_Clostridium_sp___ref_mOTU_v25_11607_	0.802273829946451	0.323217568016909	0.183073872989557	0.420436804970529
Clostridiales_species_incertae_sedis__meta_mOTU_v25_12742_	0.506366799887165	0.318425298210113	0.456196111162547	0.421016514316318
Clostridiales_species_incertae_sedis__ext_mOTU_v26_16181_	0.599332630257405	0.390217425548017	0.302430366821969	0.421862258804839
Clostridiales_species_incertae_sedis__ext_mOTU_v26_16178_	0.361418477568763	0.736459899460319	0.221011529166295	0.422242134769393
Roseburia_sp___ref_mOTU_v25_03650_	0.290786255350065	0.41456154250634	0.606992547892122	0.427295314511747
Clostridiales_species_incertae_sedis__meta_mOTU_v25_12265_	0.656115340706138	0.399814360351159	0.268221101610173	0.428726048350306
uncultured_Eubacterium_sp___meta_mOTU_v25_13514_	0.826120172581495	0.283828460024137	0.186984668488352	0.430639003916313
Rikenellaceae_sp___ref_mOTU_v25_03593_	0.869884785533789	0.167999084883298	0.226874006302802	0.440864215845027
Propionibacterium_freudenreichii__ref_mOTU_v25_05391_	0.311417429622144	0.450383653766916	0.588795752176951	0.442917756110644
uncultured_Clostridium_sp___ref_mOTU_v25_11611_	0.602360825679046	0.301008615677504	0.482198124643469	0.453171761645943
Clostridiales_species_incertae_sedis__meta_mOTU_v25_12382_	0.365308844650196	0.515205743734203	0.504608085646776	0.459052361711019
Lachnospira_sp___ref_mOTU_v25_05263_	0.746724083987515	0.316379432614247	0.305996545816443	0.461021566771096
Roseburia_sp__40_7__meta_mOTU_v25_12352_	0.302634806779377	0.567018231092423	0.547815342289921	0.463145781233544
Clostridiales_species_incertae_sedis__meta_mOTU_v25_13774_	0.721037992581591	0.276590050269938	0.399398356575081	0.464108604226705
Clostridiales_sp___ref_mOTU_v25_03658_	0.678693179049059	0.329026082189963	0.388153790455198	0.464785645846739
Holdemania_sp__Marseille_P2844__ref_mOTU_v25_05920_	0.688778443827416	0.405164061892039	0.306521605858865	0.465255445333266
Clostridium_species_incertae_sedis__ext_mOTU_v26_17403_	0.51612932517107	0.389776212479503	0.495024963767889	0.465573606820271
Clostridiales_species_incertae_sedis__meta_mOTU_v25_12434_	0.721158352604415	0.291351537267771	0.411984262624001	0.476777069423258
Clostridium__glycyrrhizinilyticum__ref_mOTU_v25_03672_	0.400417279232387	0.646605110742211	0.383175284463474	0.477570721316415
Clostridiales_species_incertae_sedis__ext_mOTU_v26_24979_	0.703704163382988	0.263846633275532	0.492939684078167	0.479414464774531
Eggerthellaceae_species_incertae_sedis__ext_mOTU_v26_17308_	0.523614845416414	0.333118638631842	0.60167937813585	0.481647239810261
Alistipes_species_incertae_sedis__ext_mOTU_v26_33183_	0.73366881621243	0.261588285343232	0.45872983184682	0.48327363526176
Clostridiales_species_incertae_sedis__meta_mOTU_v25_12774_	0.679533559573572	0.313019560845798	0.464773634767691	0.484693099327669
Anaerostipes_hadrus__ref_mOTU_v25_00857_	0.503747291594433	0.518624367770455	0.442024524792671	0.487928436629705
Streptococcus_sp___ref_mOTU_v25_00283_	0.447215934259892	0.662870223998758	0.358192573460474	0.491161151696639
Collinsella_species_incertae_sedis__ext_mOTU_v26_17351_	0.483654839144975	0.430748971136192	0.575412929342349	0.496710802954483
Lachnospiraceae_species_incertae_sedis__ext_mOTU_v26_16332_	0.683140029643423	0.522116298920895	0.306780141838198	0.502509018068815
Ruminococcaceae_species_incertae_sedis__meta_mOTU_v25_12264_	0.471531331300223	0.662515693341943	0.375356152057162	0.50610148305988
Adlercreutzia_equolifaciens__mags_db_all_3_	0.125211424589298	0.373899489379538	0.894220037106333	0.50738537089551
Clostridiales_species_incertae_sedis__meta_mOTU_v25_13332_	0.855854734679956	0.212591391808786	0.31525101514921	0.513965918787759
Senegalimassilia_anaerobia__mags_db_all_14_	0.712309877056917	0.312842914586528	0.524498230269134	0.520963522546997
Blautia_obeum__ref_mOTU_v25_05139_	0.277581745145225	0.60970054453178	0.69114402809257	0.521577620591249
Clostridiales_species_incertae_sedis__meta_mOTU_v25_13200_	0.833272225453534	0.264009035860902	0.327223138217251	0.522500010163383
Burkholderiales_species_incertae_sedis__meta_mOTU_v25_12785_	0.64967762297118	0.266224969408717	0.67464059405571	0.522939982529893
Senegalimassilia_anaerobia__ref_mOTU_v25_06538_	0.60071388040609	0.441561866930123	0.542913605482434	0.529345518358627
Ruminococcaceae_species_incertae_sedis__ext_mOTU_v26_16451_	0.781558982533046	0.272414865378679	0.481191558816668	0.531046337519039
Clostridiales_species_incertae_sedis__meta_mOTU_v25_12851_	0.36524076252532	0.634100980419048	0.598876149944058	0.533671473859518
Ruminococcaceae_species_incertae_sedis__meta_mOTU_v25_13455_	0.231503983929306	0.602030327140261	0.767215026628718	0.534131760362858
Methanobrevibacter_smithii__ref_mOTU_v25_03695_	0.51602018046095	0.571214897974255	0.532885703416035	0.540271846105226
Roseburia_sp__CAG_471__ref_mOTU_v25_03598_	0.460413461312849	0.6005813006537	0.569020374592685	0.544507371549639
Firmicutes_sp___ref_mOTU_v25_03641_	0.814836837852763	0.246897745276449	0.489975709857349	0.549411372062731
Ruminococcaceae_species_incertae_sedis__ext_mOTU_v26_16365_	0.552781473345069	0.657198263047731	0.427098302057066	0.549734050075586
Firmicutes_species_incertae_sedis__meta_mOTU_v25_12744_	0.732880014967823	0.278971786056342	0.632735433793805	0.553402337903937
Clostridiales_species_incertae_sedis__meta_mOTU_v25_13280_	0.735236926598126	0.417542103616214	0.459204562183079	0.554364995532447
Clostridiales_species_incertae_sedis__meta_mOTU_v25_12494_	0.623524952609071	0.498766987925611	0.543715631970392	0.557010153784766
Collinsella_species_incertae_sedis__ext_mOTU_v26_17637_	0.731144925524603	0.286430164555321	0.637593123671328	0.558289715936811
Clostridiales_species_incertae_sedis__meta_mOTU_v25_12668_	0.43306306578444	0.666034458006373	0.564912383682148	0.559568197139048
Clostridium_sp__CAG_138__meta_mOTU_v25_12233_	0.269416190064389	0.771923971096109	0.595756151668664	0.560130225466339
Clostridium_sp__CAG_217__meta_mOTU_v25_12270_	0.65699822995027	0.497862386418226	0.531180369796674	0.565795391998978
Eubacterium_species_incertae_sedis__meta_mOTU_v25_12314_	0.507145832369478	0.466285447515882	0.702600898253156	0.56844813602939
Clostridiales_species_incertae_sedis__ext_mOTU_v26_26505_	0.614318639981552	0.452615062361357	0.637176260936695	0.571478379965829
Clostridiales_species_incertae_sedis__meta_mOTU_v25_13202_	0.813460470221132	0.324673779118528	0.442683540324879	0.573990176665573
Ruminococcaceae_species_incertae_sedis__ext_mOTU_v26_17318_	0.820313213756302	0.210137217483637	0.630221675230536	0.575447733518387
Dorea_longicatena__ref_mOTU_v25_03692_	0.65959876335456	0.56129643388815	0.496043761284357	0.576045827243337
Faecalibacterium_sp___ref_mOTU_v25_03636_	0.775076123295876	0.39565625801715	0.477122188023906	0.578911670148327
Ruminococcaceae_species_incertae_sedis__ext_mOTU_v26_16202_	0.502205870626134	0.609786456683568	0.62400159198605	0.580643603053848
Allisonella_histaminiformans__ref_mOTU_v25_10689_	0.612360005987109	0.662633887053675	0.462410153205207	0.583977234469771
Oscillibacter_species_incertae_sedis__ext_mOTU_v26_16336_	0.494969428541722	0.544287748499949	0.693463088815746	0.584916011350757
Streptococcus_sp___ref_mOTU_v25_01350_	0.548011225582971	0.660948481558753	0.551678227232575	0.589788652110986
Collinsella_species_incertae_sedis__ext_mOTU_v26_26711_	0.682160249834349	0.405329047263164	0.659085604209002	0.591183676542837
bacterium_LF_3__ref_mOTU_v25_03628_	0.246422858965253	0.583141509568327	0.825992057744912	0.591594167137515
Clostridiales_species_incertae_sedis__meta_mOTU_v25_12445_	0.450038538081515	0.639046241971909	0.669963182611948	0.592763020709208
Alistipes_ihumii__ref_mOTU_v25_07379_	0.436553670761987	0.742061568416962	0.571423521104266	0.600267501251171
Eubacterium_species_incertae_sedis__meta_mOTU_v25_12260_	0.781823801422176	0.349307471524583	0.583614312447293	0.600466196892007
Clostridium__symbiosum__ref_mOTU_v25_04652_	0.878469059741933	0.240255753721039	0.368159147645463	0.601254308182552
Ruminococcus_sp__CAG_254__meta_mOTU_v25_12276_	0.474422637159992	0.770243906219969	0.503972801099122	0.608863799038257
Faecalibacterium_species_incertae_sedis__meta_mOTU_v25_12376_	0.699959000910594	0.430932368368017	0.663365411613828	0.609006071050667
Clostridiales_species_incertae_sedis__meta_mOTU_v25_13115_	0.729466271559598	0.453671844526087	0.603761779882864	0.609062743680479
Alistipes_indistinctus__ref_mOTU_v25_11860_	0.147001608496155	0.891046830976744	0.586589576955434	0.60964616552481
Lachnospiraceae_species_incertae_sedis__ext_mOTU_v26_16262_	0.628266235579137	0.733108892967009	0.422458271138172	0.60970009651588
Actinomyces_sp__ICM39__ref_mOTU_v25_01912_	0.852131129380373	0.217431465350078	0.598399295026731	0.610561475712091
Ruminococcus_species_incertae_sedis__ext_mOTU_v26_16285_	0.505997655079263	0.775566184301086	0.500274125087562	0.620641293830508
Clostridiales_species_incertae_sedis__meta_mOTU_v25_12952_	0.749281652839909	0.44186299727143	0.624817093389065	0.623338672415687
Alistipes_finegoldii_onderdonkii__ref_mOTU_v25_03069_	0.886346031444317	0.272912755730081	0.331541210087221	0.62387929807093
Bacteroides_species_incertae_sedis__ext_mOTU_v26_17683_	0.801611065069033	0.286438100689158	0.681667551002091	0.624703393667463
Candidatus_Flemingibacterium_merdigallinarum__mags_db_all_110_	0.77744494133179	0.332413990797417	0.693348161737964	0.630436717208274
Firmicutes_bacterium_CAG_227__ref_mOTU_v25_07734_	0.91006604809666	0.141758579148957	0.524035331181697	0.641184873621998
Bifidobacterium_bifidum__ref_mOTU_v25_03116_	0.711996032688821	0.654422277716211	0.550799973242887	0.645359225501883
Clostridium__saccharolyticum__ref_mOTU_v25_03601_	0.792603078035785	0.618967279236105	0.440685548765677	0.648841201194456
Clostridiales_species_incertae_sedis__ext_mOTU_v26_17987_	0.774319557195097	0.512597092185538	0.603187074757111	0.651079616642923
Collinsella_bouchesdurhonensis__ref_mOTU_v25_03627_	0.739085721865525	0.603658790370593	0.593909087885506	0.653905940256997
Bacteroides_faecis_thetaiotaomicron__ref_mOTU_v25_01657_	0.10854779252315	0.918093773802953	0.674520032241165	0.655376962782703
Clostridium_sp__CAG_127__meta_mOTU_v25_12306_	0.766832840801408	0.631727955315611	0.542297805150615	0.662868690049299
Prevotella_copri__ref_mOTU_v25_03701_	0.272453038643233	0.833148705986325	0.723455659561718	0.66470148912776
Blautia_sp___ref_mOTU_v25_03597_	0.66985988216647	0.473766501260023	0.780780122720434	0.665949035550305
Clostridiales_species_incertae_sedis__meta_mOTU_v25_13140_	0.347612235414094	0.87008102848354	0.478583800906985	0.666191522206755
Ruminococcus__torques__ref_mOTU_v25_03660_	0.84030493956343	0.5798544488127	0.394291502396878	0.666864048215102
Anaerostipes_hadrus__ref_mOTU_v25_00856_	0.861053666557181	0.440409714484305	0.439404177460455	0.668989902209455
Azospirillum_sp__51_20__ref_mOTU_v25_10408_	0.867728018234986	0.344937848259839	0.536980897489003	0.676148578427371
Clostridiales_species_incertae_sedis__meta_mOTU_v25_13486_	0.429605179021024	0.85145583751593	0.567524752419198	0.685364189947747
Eggerthellaceae_species_incertae_sedis__ext_mOTU_v26_15443_	0.905244648571164	0.250060142193367	0.477710980096604	0.700698556073763
Provencibacterium_massiliense__ref_mOTU_v25_10126_	0.792124828291816	0.449311999195095	0.763333585909804	0.703744120934912
Clostridiales_species_incertae_sedis__ext_mOTU_v26_16427_	0.479890095749761	0.635399762234493	0.844026463477759	0.705818642248144
Clostridium_species_incertae_sedis__meta_mOTU_v25_12640_	0.320666106029931	0.85541261523878	0.739997999293377	0.711865766427334
Holdemanella_biformis__meta_mOTU_v25_12329_	0.789565710688757	0.665317938924061	0.670204329863913	0.717956489362379
Clostridiales_species_incertae_sedis__ext_mOTU_v26_17865_	0.832803642310513	0.512103895216059	0.694162624917825	0.718769654750532
Ruminococcus_species_incertae_sedis__meta_mOTU_v25_12766_	0.875317713077641	0.528013737488108	0.486897849629612	0.719133837400829
Oxalobacteraceae_species_incertae_sedis__ext_mOTU_v26_17454_	0.733794136120275	0.60949655429751	0.792538847839347	0.72559224848417
Collinsella_species_incertae_sedis__ext_mOTU_v26_17334_	0.527755640881	0.868897613523817	0.580144251575604	0.729335077021167
Blautia_massiliensis__ref_mOTU_v25_03342_	0.862600331635052	0.541020301172341	0.613512635888327	0.731677902763736
Ruminococcaceae_species_incertae_sedis__ext_mOTU_v26_18070_	0.74702104987841	0.602994290745584	0.800701476231118	0.733238108351528
Oscillibacter_species_incertae_sedis__ext_mOTU_v26_17772_	0.547752011838499	0.789612309644299	0.789549347120266	0.734578578789767
Clostridia_bacterium_UC5_1_2E3__ref_mOTU_v25_09093_	0.776873943382176	0.566690904736163	0.795866804637964	0.735417812845541
Clostridiales_species_incertae_sedis__meta_mOTU_v25_12253_	0.661221834716669	0.80954333653739	0.704627794194179	0.737357517108511
Flavonifractor_plautii__ref_mOTU_v25_05238_	0.473265783999246	0.830038137293576	0.776965901674108	0.738618418684032
Ruminococcaceae_species_incertae_sedis__ext_mOTU_v26_17469_	0.77917530534813	0.650527426694518	0.765513751280277	0.739967172861115
Faecalibacterium_species_incertae_sedis__meta_mOTU_v25_12303_	0.698055184737567	0.861538750705436	0.501156693679908	0.743114120555605
Clostridiales_species_incertae_sedis__ext_mOTU_v26_18011_	0.289191117064827	0.920525923299191	0.419934008767803	0.743774893134887
Desulfovibrio_piger__ref_mOTU_v25_06282_	0.659388463210985	0.628898143967237	0.849786211911253	0.746527381104228
Eubacterium_ramulus__ref_mOTU_v25_03570_	0.251528166327147	0.881373869290477	0.807853543357766	0.750940972767766
Clostridium__asparagiforme_lavalense__ref_mOTU_v25_06317_	0.78936577434597	0.465557971092763	0.846587417439516	0.754546068016409
Akkermansia_muciniphila__ref_mOTU_v25_03591_	0.932489511422777	0.228178764196043	0.398241709858982	0.758546133108742
Clostridiales_species_incertae_sedis__meta_mOTU_v25_13792_	0.843860751323949	0.675176857838347	0.690672917040106	0.758702618872294
Ruminococcus__torques__ref_mOTU_v25_03659_	0.724808900176573	0.820699504366333	0.70422715448955	0.75944345779774
Intestinimonas_massiliensis__ref_mOTU_v25_02970_	0.484350138621307	0.685740366367641	0.882496875903279	0.760054579899043
Clostridiales_species_incertae_sedis__meta_mOTU_v25_12254_	0.907941854306164	0.433594669183278	0.517208867052947	0.760422109269853
Clostridiales_species_incertae_sedis__meta_mOTU_v25_12301_	0.94819059896794	0.252296613621407	0.157710293557192	0.762893475215209
Clostridiales_species_incertae_sedis__meta_mOTU_v25_12351_	0.943450931548907	0.155885676823167	0.368583662115692	0.762994329404468
Clostridiales_species_incertae_sedis__ext_mOTU_v26_26672_	0.911010271441884	0.320722217094582	0.63136130922835	0.764647628315278
Ruminococcaceae_species_incertae_sedis__ext_mOTU_v26_17494_	0.814385799411337	0.725737005468416	0.737246373231306	0.765001043669893
Clostridiales_species_incertae_sedis__ext_mOTU_v26_17600_	0.919124955620382	0.260938511153682	0.648918305373602	0.77090910179029
Candidatus_Pseudobutyricicoccus_lothianensis__mags_db_all_58_	0.803103675761585	0.817961101757164	0.67464441785639	0.777543203707415
Eisenbergiella_tayi__ref_mOTU_v25_03446_	0.789704248676033	0.490954345088094	0.878222274824267	0.784948419238108
Lachnospiraceae_species_incertae_sedis__ext_mOTU_v26_17986_	0.70485343601501	0.796552316543496	0.82789412887644	0.78568829031881
Haemophilus_influenzae_parainfluenzae__ref_mOTU_v25_01068_	0.953616765920297	0.108695235077338	0.457399845567078	0.789920633093937
Sutterella_wadsworthensis__ref_mOTU_v25_04772_	0.528550813612059	0.913416930411174	0.564287436344127	0.790491218274141
Clostridium_sp__CAG_167__ref_mOTU_v25_07613_	0.968705710286567	0.0715185295924142	0.157389022990899	0.791610578219999
Roseburia_inulinivorans__ref_mOTU_v25_00860_	0.496264762695945	0.794517889135549	0.887360575148977	0.796039270213862
Parasutterella_excrementihominis__ref_mOTU_v25_03674_	0.644855058848601	0.532329745157829	0.912088862917727	0.799646979061705
Eggerthellaceae_species_incertae_sedis__ext_mOTU_v26_16295_	0.927944288221119	0.444226880843683	0.512983264208905	0.802769580758793
Clostridiales_species_incertae_sedis__ext_mOTU_v26_17948_	0.861471413197535	0.457412499700722	0.863694018036752	0.802819378605115
Blautia_species_incertae_sedis__ext_mOTU_v26_17669_	0.935338151246209	0.229506392902975	0.697318319603442	0.810546269939918
Clostridiales_species_incertae_sedis__ext_mOTU_v26_16417_	0.633176057488141	0.917483412076516	0.611047127361553	0.815384393971814
Alistipes_senegalensis__ref_mOTU_v25_01017_	0.807138630865633	0.733916082629182	0.866693214711379	0.81584649969342
Eggerthellaceae_species_incertae_sedis__meta_mOTU_v25_12569_	0.817156993997393	0.819390041684565	0.813882088095156	0.816834416902317
Clostridiales_species_incertae_sedis__meta_mOTU_v25_12470_	0.608096464341225	0.921281225264275	0.613117192271164	0.818713104488277
Actinomyces_species_incertae_sedis__ext_mOTU_v26_19569_	0.84322473511791	0.864335933529367	0.692583904556401	0.820917192621705
Bittarella_massiliensis__ref_mOTU_v25_04646_	0.796320490600734	0.877763848479165	0.741305243270101	0.821144582038218
Oscillibacter_species_incertae_sedis__ext_mOTU_v26_16208_	0.834749630052548	0.572075923376442	0.891381931553087	0.822081269396971
Clostridium_sp__Marseille_P3244__ref_mOTU_v25_10248_	0.918008561575058	0.756631782870504	0.534296038146457	0.826470735103286
Dorea_formicigenerans__ref_mOTU_v25_03668_	0.901735107811428	0.769335588182492	0.701862920789255	0.828001042263327
Ruminococcus_species_incertae_sedis__ext_mOTU_v26_26707_	0.843045047083618	0.791132636375656	0.8445516364514	0.829148912131142
Parabacteroides_species_incertae_sedis__ext_mOTU_v26_26659_	0.919089699341273	0.691265547797996	0.651293836207174	0.829348135544683
Ruminococcaceae_species_incertae_sedis__ext_mOTU_v26_17614_	0.902827789437294	0.812783550753443	0.647312496828919	0.83268414306674
Clostridiales_species_incertae_sedis__ext_mOTU_v26_26617_	0.739866744336343	0.713591839665057	0.910184877671068	0.832948847158605
Christensenella_massiliensis__ref_mOTU_v25_10002_	0.695504453770298	0.615074731114598	0.925558573689353	0.835558169757229
Pseudoflavonifractor_species_incertae_sedis__meta_mOTU_v25_14283_	0.722803763434325	0.847933347814671	0.880388235904008	0.836264857195224
Bilophila_wadsworthia__ref_mOTU_v25_04300_	0.932930432972698	0.571080729506699	0.646415607100626	0.838536417322158
Mediterraneibacter_massiliensis__ref_mOTU_v25_05273_	0.906907130772485	0.383189835324248	0.879030307965543	0.839586991757639
Anaerotruncus_colihominis__ref_mOTU_v25_03438_	0.314009717548329	0.948420081299691	0.570192621704752	0.845322237221587
Acinetobacter_sp___ref_mOTU_v25_03673_	0.196570822463191	0.958109244142916	0.364066715339438	0.845591551993969
Collinsella_species_incertae_sedis__ext_mOTU_v26_17335_	0.247638568012128	0.641245357941589	0.949610188943753	0.846347798310888
Oscillibacter_species_incertae_sedis__meta_mOTU_v25_12353_	0.881567904962696	0.676067860080698	0.8900747350378	0.851554365162903
Ruthenibacterium_lactatiformans__ref_mOTU_v25_04716_	0.510018684836425	0.926027907187383	0.84251756348691	0.854725507780572
Clostridiales_species_incertae_sedis__ext_mOTU_v26_17847_	0.878509677083062	0.788183802698388	0.872099734768821	0.854902439394116
Roseburia_species_incertae_sedis__ext_mOTU_v26_17371_	0.792514696683895	0.885356264843963	0.864103325913241	0.855823391997531
Clostridiales_species_incertae_sedis__ext_mOTU_v26_17443_	0.944607878260376	0.452592102103613	0.684780337628234	0.856433236472031
Ruminococcaceae_species_incertae_sedis__ext_mOTU_v26_17393_	0.895166849490746	0.852371474884199	0.787829057811532	0.856474602151347
Clostridiales_species_incertae_sedis__meta_mOTU_v25_12256_	0.430327688382555	0.946991158946646	0.644618490092349	0.856855309296206
Flavonifractor_plautii__ref_mOTU_v25_02971_	0.505056920170915	0.626046642220682	0.945784487203324	0.857515596934379
Anaerotruncus_rubiinfantis__ref_mOTU_v25_09169_	0.733561214217982	0.718882522483578	0.931726975098788	0.858804592950178
Parabacteroides_merdae__ref_mOTU_v25_05401_	0.823261246990078	0.906261285199821	0.814217254949222	0.860915750668834
Clostridiales_sp___ref_mOTU_v25_03605_	0.874334165819629	0.866643638220308	0.838819665751375	0.861398667826182
Clostridiales_species_incertae_sedis__ext_mOTU_v26_26501_	0.832742178331276	0.788874499603377	0.911518792112096	0.862524412258649
Clostridiales_species_incertae_sedis__meta_mOTU_v25_13662_	0.942270349770764	0.653678046356711	0.660241390274209	0.862882509906952
Ruminococcaceae_species_incertae_sedis__ext_mOTU_v26_17886_	0.94608582325551	0.457124771414768	0.753380861878506	0.866583905535048
Clostridiaceae_species_incertae_sedis__meta_mOTU_v25_12983_	0.951964627861608	0.455734953091086	0.641103927387464	0.869638303335441
Bacteroides_plebeius__ref_mOTU_v25_05069_	0.602729256521074	0.730131931625962	0.945523030715118	0.871162376776858
Bacteroides_species_incertae_sedis__ext_mOTU_v26_17504_	0.956943203317049	0.525843723682395	0.563639021952552	0.880779017987357
Sutterellaceae_species_incertae_sedis__ext_mOTU_v26_17688_	0.890630988716899	0.794535589666578	0.915496010624239	0.883134596317703
Bacteroidales_species_incertae_sedis__meta_mOTU_v25_12895_	0.490275182542394	0.638236578545254	0.957329234266894	0.883780279065928
Oscillibacter_species_incertae_sedis__ext_mOTU_v26_26586_	0.918903332135935	0.492728698553505	0.922663879795671	0.883825711165654
Lachnospiraceae_species_incertae_sedis__ext_mOTU_v26_16268_	0.707432662925684	0.792845197761124	0.945691048113055	0.884212012650809
Roseburia_intestinalis__ref_mOTU_v25_03702_	0.954697897056835	0.620012338352136	0.670216214091437	0.885368690008788
Bacteroidales_species_incertae_sedis__meta_mOTU_v25_13203_	0.927353708080983	0.788555218542944	0.880927540542119	0.887474536718754
Coprococcus_catus__ref_mOTU_v25_11851_	0.761324587629744	0.945060425101519	0.800443486047135	0.88823951711125
Butyricicoccus_sp___ref_mOTU_v25_02967_	0.653192185727099	0.954272352619724	0.70969757202821	0.888477745799107
Bacteroides_caecimuris__ref_mOTU_v25_03476_	0.966159446709733	0.172935983048276	0.657185530419201	0.889021643673974
Coriobacteriia_species_incertae_sedis__ext_mOTU_v26_26765_	0.884868312705983	0.923527367063863	0.832844349081113	0.89142152378817
Clostridium__spiroforme__ref_mOTU_v25_11181_	0.922888906998433	0.769739337034907	0.908158850067127	0.892566224515343
Massilioclostridium_coli__ref_mOTU_v25_10237_	0.955493883538394	0.789551814937688	0.598983940539016	0.894439867989679
Ruminococcaceae_species_incertae_sedis__meta_mOTU_v25_12789_	0.958947728107086	0.497786260070547	0.816383144848073	0.900076881306297
Christensenella_minuta__ref_mOTU_v25_06399_	0.907994666033753	0.786494074369293	0.935111326871162	0.902253456503507
Lachnospiraceae_species_incertae_sedis__ext_mOTU_v26_16311_	0.63242441369991	0.935166004135517	0.926202190392491	0.902818722428365
Actinomyces_sp___ref_mOTU_v25_01913_	0.887710024250449	0.809476365988861	0.943557479256439	0.90510130692864
Pseudoflavonifractor_capillosus__ref_mOTU_v25_02969_	0.878225517587166	0.90904734550972	0.919793413379155	0.905198959960364
Clostridiales_species_incertae_sedis__meta_mOTU_v25_13922_	0.959284914056453	0.754327647347537	0.806563807023755	0.909289463685974
Actinobacteria_sp___ref_mOTU_v25_01911_	0.963110769475943	0.525828292735247	0.825204766086473	0.90983122328545
Ruminococcus_lactaris__ref_mOTU_v25_01595_	0.719531908381929	0.947601375226146	0.915685072225523	0.911663162176124
Eubacterium_sp__CAG_156__ref_mOTU_v25_07673_	0.945456412911414	0.554109483315891	0.935310088162929	0.913777097960211
Firmicutes_sp___ref_mOTU_v25_02374_	0.166410626517732	0.976123055592383	0.616145850261674	0.921726235028467
Clostridiales_species_incertae_sedis__ext_mOTU_v26_26949_	0.799789351977407	0.856457716935302	0.963271343717604	0.922440791803967
Phocea_massiliensis__ref_mOTU_v25_05236_	0.933612929213514	0.956557953032261	0.742946762258646	0.92761055261382
Massilimaliae_massiliensis__ref_mOTU_v25_10172_	0.969576919241464	0.715136430942532	0.841467025060667	0.928190718199209
Eggerthellales_species_incertae_sedis__meta_mOTU_v25_13811_	0.958131247490873	0.897383510637275	0.907589764578109	0.932336016930988
Clostridiales_species_incertae_sedis__meta_mOTU_v25_13390_	0.961529985428828	0.941520801516097	0.825085025115595	0.938165207608341
Bifidobacterium_pseudocatenulatum__ref_mOTU_v25_02700_	0.962103522877353	0.959296158407044	0.683336350674141	0.943707948901547
Bacteroides_species_incertae_sedis__ext_mOTU_v26_18052_	0.834765518087618	0.969162629051092	0.938411681910723	0.944857102793716
Roseburia_sp__CAG_182__meta_mOTU_v25_12852_	0.882793048700621	0.529892616441914	0.978283345210959	0.945409558487727
Eggerthellaceae_species_incertae_sedis__ext_mOTU_v26_17307_	0.508953897555347	0.982993423646856	0.594383346113694	0.95023636796059
Blautia_obeum_wexlerae__ref_mOTU_v25_02154_	0.604459616711057	0.963441461900342	0.968933903155958	0.950720287608568
Eubacterium__hallii__ref_mOTU_v25_03632_	0.837395785083613	0.79851829146963	0.98221384161366	0.954886002778995
Clostridium_sp___ref_mOTU_v25_02380_	0.988232475143005	0.502042284406113	0.397847682290103	0.964399479698216
Actinomyces_naeslundii__ref_mOTU_v25_02018_	0.987478463495468	0.84741002474161	0.685876015661347	0.966015892182468
Collinsella_species_incertae_sedis__ext_mOTU_v26_26704_	0.989971300674764	0.708179452736366	0.618507373669034	0.971042984398977
Coprococcus_eutactus__ref_mOTU_v25_02378_	0.44429657295564	0.674730400864589	0.990677503549365	0.972445435028758
Lachnoclostridium_species_incertae_sedis__ext_mOTU_v26_16281_	0.839755656978363	0.74265073873781	0.990513614456041	0.973763841151202
Azospirillum_sp__CAG_239__ref_mOTU_v25_07592_	0.856350136507382	0.988402746674051	0.956379758461331	0.974072856348131
Eggerthella_sp__CAG_298__mags_db_all_15_	0.994904353771529	0.343605565899083	0.779740286628026	0.984885779836439
Clostridiales_species_incertae_sedis__meta_mOTU_v25_12307_	0.995011766550092	0.410821160069137	0.623653838819917	0.985073477196873
Oscillibacter_species_incertae_sedis__ext_mOTU_v26_18067_	0.998842823776781	0.117531435354011	0.38454070062271	0.996490788946056
Bacteroidales_sp___ref_mOTU_v25_03666_	0.998847066931582	0.912075343602762	0.760274861279927	0.996597932446081
Clostridiales_species_incertae_sedis__ext_mOTU_v26_17995_	0.998977098271427	0.477183035737523	0.809763549181321	0.996945095911456
Clostridiales_species_incertae_sedis__meta_mOTU_v25_13304_	0.239100993044426	1	0.630613146214784	1
