"Feature"	"Variable2Test"	"Varaible"	"Estimate"	"Std..Error"	"z.value"	"p.value"	"q.value"
"Ruminococcus__gnavus__ref_mOTU_v25_01594_"	"Disease"	"(Intercept)"	-4.35499037724425	2.00747882920436	-2.1693829662803	0.0300536210850522	0.0751340527126305
"Ruminococcus__gnavus__ref_mOTU_v25_01594_"	"Disease"	"Water"	0.132481248274473	0.263893600187373	0.502025241159345	0.615649765817221	0.615649765817221
"Ruminococcus__gnavus__ref_mOTU_v25_01594_"	"Disease"	"BMI"	0.077891686580718	0.0632814256411109	1.2308775567489	0.218368662775076	0.309520964557307
"Ruminococcus__gnavus__ref_mOTU_v25_01594_"	"Disease"	"SexMale"	0.575295297259915	0.49759253007	1.15615742298017	0.247616771645846	0.309520964557307
"Ruminococcus__gnavus__ref_mOTU_v25_01594_"	"Disease"	"DiseaseSpA"	2.03991856311386	0.670061719137162	3.04437412980504	0.00233164977032516	0.0116582488516258
"Ruminococcus__gnavus__ref_mOTU_v25_01594_"	"Disease_activity"	"(Intercept)"	-4.51403851971723	2.03600236229875	-2.21710868479575	0.026615665469947	0.053231330939894
"Ruminococcus__gnavus__ref_mOTU_v25_01594_"	"Disease_activity"	"Water"	0.00521227220939067	0.288676112042167	0.0180557794426347	0.985594355087241	0.985594355087241
"Ruminococcus__gnavus__ref_mOTU_v25_01594_"	"Disease_activity"	"BMI"	0.124835842227157	0.0744597180172588	1.67655539869519	0.0936294545985434	0.140444181897815
"Ruminococcus__gnavus__ref_mOTU_v25_01594_"	"Disease_activity"	"SexMale"	0.584022255542278	0.519081856217589	1.12510627860872	0.260544001055652	0.312652801266783
"Ruminococcus__gnavus__ref_mOTU_v25_01594_"	"Disease_activity"	"Disease_activitySpAHigh"	1.82992669360919	0.697201215259886	2.62467513474869	0.00867316754083959	0.0260195026225188
"Ruminococcus__gnavus__ref_mOTU_v25_01594_"	"Disease_activity"	"Disease_activitySpALow"	2.61887348513412	0.88892860273075	2.94610104466101	0.00321807255769404	0.0193084353461642
"Ruminococcus__gnavus__ref_mOTU_v25_01594_"	"inflam_back_pain...47"	"(Intercept)"	-2.23957473841586	2.64061710861101	-0.848125512446558	0.396368074736684	0.4162069649718
"Ruminococcus__gnavus__ref_mOTU_v25_01594_"	"inflam_back_pain...47"	"Water"	0.292429799588917	0.233788052785089	1.25083294935406	0.210995430841992	0.377817311783361
"Ruminococcus__gnavus__ref_mOTU_v25_01594_"	"inflam_back_pain...47"	"BMI"	0.0762866741042481	0.0665794389833562	1.14579929283151	0.251878207855574	0.377817311783361
"Ruminococcus__gnavus__ref_mOTU_v25_01594_"	"inflam_back_pain...47"	"SexMale"	0.713935847843839	0.498730427003768	1.43150649967953	0.15228510551969	0.377817311783361
"Ruminococcus__gnavus__ref_mOTU_v25_01594_"	"inflam_back_pain...47"	"inflam_back_pain...47Never"	-2.80863629066283	1.80378889512374	-1.55707594067993	0.119452456484955	0.377817311783361
"Ruminococcus__gnavus__ref_mOTU_v25_01594_"	"inflam_back_pain...47"	"inflam_back_pain...47Now"	-1.45324232771626	1.7874633984735	-0.813019348512161	0.4162069649718	0.4162069649718
"Ruminococcus__gnavus__ref_mOTU_v25_01594_"	"Water"	"(Intercept)"	-5.46439331385293	2.05767788761759	-2.65561162256532	0.00791647290865814	0.0316658916346325
"Ruminococcus__gnavus__ref_mOTU_v25_01594_"	"Water"	"Water"	0.451505067451553	0.2500273394372	1.80582278909126	0.0709460245814345	0.141892049162869
"Ruminococcus__gnavus__ref_mOTU_v25_01594_"	"Water"	"BMI"	0.0881113218202791	0.0677917934963293	1.29973433768278	0.193692037249452	0.231049486925876
"Ruminococcus__gnavus__ref_mOTU_v25_01594_"	"Water"	"SexMale"	0.609402691315166	0.508827876944172	1.19765979602967	0.231049486925876	0.231049486925876
"Ruminococcus__gnavus__ref_mOTU_v25_01594_"	"BMI"	"(Intercept)"	-5.46439331385293	2.05767788761759	-2.65561162256532	0.00791647290865814	0.0316658916346325
"Ruminococcus__gnavus__ref_mOTU_v25_01594_"	"BMI"	"Water"	0.451505067451553	0.2500273394372	1.80582278909126	0.0709460245814345	0.141892049162869
"Ruminococcus__gnavus__ref_mOTU_v25_01594_"	"BMI"	"BMI"	0.0881113218202791	0.0677917934963293	1.29973433768278	0.193692037249452	0.231049486925876
"Ruminococcus__gnavus__ref_mOTU_v25_01594_"	"BMI"	"SexMale"	0.609402691315166	0.508827876944172	1.19765979602967	0.231049486925876	0.231049486925876
"Ruminococcus__gnavus__ref_mOTU_v25_01594_"	"Smoking"	"(Intercept)"	-3.05357987211652	2.38729646357821	-1.27909537784832	0.200863471094198	0.286774175856721
"Ruminococcus__gnavus__ref_mOTU_v25_01594_"	"Smoking"	"Water"	0.297750342504684	0.252857102358888	1.17754391601814	0.238978479880601	0.286774175856721
"Ruminococcus__gnavus__ref_mOTU_v25_01594_"	"Smoking"	"BMI"	0.0609430744070007	0.0688761339094271	0.884821358979607	0.376252987731852	0.376252987731852
"Ruminococcus__gnavus__ref_mOTU_v25_01594_"	"Smoking"	"SexMale"	0.90277299834541	0.510222409496509	1.76937151630849	0.0768318957917584	0.230495687375275
"Ruminococcus__gnavus__ref_mOTU_v25_01594_"	"Smoking"	"Smokinghistory"	-1.53539943053145	0.861308534371338	-1.78263580268844	0.0746456077910101	0.230495687375275
"Ruminococcus__gnavus__ref_mOTU_v25_01594_"	"Smoking"	"Smokingnever"	-0.967632517665193	0.689047345686187	-1.40430483293071	0.160228095752144	0.286774175856721
"Clostridiales_species_incertae_sedis__meta_mOTU_v25_13012_"	"Disease_activity"	"(Intercept)"	-0.755432658661015	2.64815205498242	-0.285267855839203	0.775438937456673	0.775438937456673
"Clostridiales_species_incertae_sedis__meta_mOTU_v25_13012_"	"Disease_activity"	"Water"	-0.238094372363685	0.391380199183541	-0.608345472919616	0.542958367646299	0.775438937456673
"Clostridiales_species_incertae_sedis__meta_mOTU_v25_13012_"	"Disease_activity"	"BMI"	0.0375937776103644	0.114028694338384	0.329686995264574	0.741636481131433	0.775438937456673
"Clostridiales_species_incertae_sedis__meta_mOTU_v25_13012_"	"Disease_activity"	"SexMale"	-1.89529079921403	0.750703741255895	-2.52468543188993	0.0115801893614776	0.0347405680844328
"Clostridiales_species_incertae_sedis__meta_mOTU_v25_13012_"	"Disease_activity"	"Disease_activitySpAHigh"	3.35672551352426	0.948183715683112	3.54016363918033	0.000399879004873911	0.00239927402924347
"Clostridiales_species_incertae_sedis__meta_mOTU_v25_13012_"	"Disease_activity"	"Disease_activitySpALow"	1.4855432623854	1.26655874801932	1.17289724200203	0.240837015700097	0.481674031400195
"Clostridiales_species_incertae_sedis__meta_mOTU_v25_13012_"	"Disease"	"(Intercept)"	-0.494603706078387	2.90023830426743	-0.170538988244733	0.864586275236547	0.864586275236547
"Clostridiales_species_incertae_sedis__meta_mOTU_v25_13012_"	"Disease"	"Water"	-0.318629591648872	0.413527948808534	-0.770515251912029	0.440994311292401	0.734990518820669
"Clostridiales_species_incertae_sedis__meta_mOTU_v25_13012_"	"Disease"	"BMI"	0.0559996377477461	0.113911147145815	0.491608057252396	0.622996446413918	0.778745558017398
"Clostridiales_species_incertae_sedis__meta_mOTU_v25_13012_"	"Disease"	"SexMale"	-2.06144146026999	0.804627858039062	-2.56198121861437	0.0104076946538827	0.0260192366347066
"Clostridiales_species_incertae_sedis__meta_mOTU_v25_13012_"	"Disease"	"DiseaseSpA"	3.09022484460055	0.961246740953716	3.21480917743819	0.00130531262401383	0.00652656312006913
"Clostridiales_species_incertae_sedis__meta_mOTU_v25_13012_"	"Sex"	"(Intercept)"	0.120521607433236	3.13608818886267	0.0384305543004976	0.969344400160448	0.969344400160448
"Clostridiales_species_incertae_sedis__meta_mOTU_v25_13012_"	"Sex"	"Water"	-0.0767054212551614	0.449969144260384	-0.170468180393219	0.86464195644964	0.969344400160448
"Clostridiales_species_incertae_sedis__meta_mOTU_v25_13012_"	"Sex"	"BMI"	0.0784627725789247	0.13465821454131	0.582680921815237	0.560108118685867	0.969344400160448
"Clostridiales_species_incertae_sedis__meta_mOTU_v25_13012_"	"Sex"	"SexMale"	-2.76686197724942	0.878496705589342	-3.1495416654901	0.00163526788560243	0.00654107154240973
"Clostridiales_species_incertae_sedis__meta_mOTU_v25_13012_"	"Age_at_visit"	"(Intercept)"	-5.29005762900081	3.16478659253066	-1.67153691863018	0.094615672828892	0.157692788048153
"Clostridiales_species_incertae_sedis__meta_mOTU_v25_13012_"	"Age_at_visit"	"Water"	-0.281748007032042	0.371711303025484	-0.757975355440632	0.448465736407208	0.448465736407208
"Clostridiales_species_incertae_sedis__meta_mOTU_v25_13012_"	"Age_at_visit"	"BMI"	0.161086939667415	0.111936427796526	1.43909308916159	0.150124149800322	0.187655187250403
"Clostridiales_species_incertae_sedis__meta_mOTU_v25_13012_"	"Age_at_visit"	"SexMale"	-2.48150315180836	0.734993074273659	-3.37622657772749	0.000734873736655701	0.00183718434163925
"Clostridiales_species_incertae_sedis__meta_mOTU_v25_13012_"	"Age_at_visit"	"Age_at_visit"	0.129647191405404	0.0381799080493856	3.39569155687084	0.000684554540891193	0.00183718434163925
"Clostridiales_species_incertae_sedis__meta_mOTU_v25_13012_"	"NSAID_use"	"(Intercept)"	-0.744260873013746	3.24039420036003	-0.22968220129855	0.818338726496993	0.818338726496993
"Clostridiales_species_incertae_sedis__meta_mOTU_v25_13012_"	"NSAID_use"	"Water"	0.226643038143936	0.43065834118003	0.526271098158508	0.598699861048472	0.818338726496993
"Clostridiales_species_incertae_sedis__meta_mOTU_v25_13012_"	"NSAID_use"	"BMI"	0.0386463518898349	0.127888336890527	0.302188243505867	0.762508565885188	0.818338726496993
"Clostridiales_species_incertae_sedis__meta_mOTU_v25_13012_"	"NSAID_use"	"SexMale"	-2.66033167223015	0.857810949324813	-3.10130300193079	0.00192671025663445	0.00963355128317223
"Clostridiales_species_incertae_sedis__meta_mOTU_v25_13012_"	"NSAID_use"	"NSAID_useNO"	-1.50039239907189	0.780492639988352	-1.92236585228309	0.0545597391955855	0.136399347988964
"Flavonifractor_species_incertae_sedis__ext_mOTU_v26_17316_"	"Age_at_visit"	"(Intercept)"	0.217719229257517	1.36583448626937	0.159403816089161	0.873350732549487	0.994524966699968
"Flavonifractor_species_incertae_sedis__ext_mOTU_v26_17316_"	"Age_at_visit"	"Water"	0.270909911557249	0.142622370333247	1.89949101900529	0.057499946342105	0.143749865855263
"Flavonifractor_species_incertae_sedis__ext_mOTU_v26_17316_"	"Age_at_visit"	"BMI"	0.000262014182991292	0.0381834080695867	0.00686199048848098	0.994524966699968	0.994524966699968
"Flavonifractor_species_incertae_sedis__ext_mOTU_v26_17316_"	"Age_at_visit"	"SexMale"	0.0520376637099909	0.281148113918092	0.185089855253844	0.853158558467255	0.994524966699968
"Flavonifractor_species_incertae_sedis__ext_mOTU_v26_17316_"	"Age_at_visit"	"Age_at_visit"	-0.0664409099646973	0.0189733777786058	-3.50179660891038	0.000462132259075084	0.00231066129537542
"Flavonifractor_species_incertae_sedis__ext_mOTU_v26_17316_"	"Disease_activity"	"(Intercept)"	-2.30334699374963	1.26233269616461	-1.82467506446436	0.068050078322989	0.136100156645978
"Flavonifractor_species_incertae_sedis__ext_mOTU_v26_17316_"	"Disease_activity"	"Water"	0.452554130016905	0.144971946126836	3.12166693010361	0.00179830264334013	0.00539490793002038
"Flavonifractor_species_incertae_sedis__ext_mOTU_v26_17316_"	"Disease_activity"	"BMI"	-0.0112326058871945	0.0393142826235446	-0.285713108255154	0.775097864098652	0.775097864098652
"Flavonifractor_species_incertae_sedis__ext_mOTU_v26_17316_"	"Disease_activity"	"SexMale"	-0.10979051525674	0.305131101969648	-0.359814239020646	0.718986054208743	0.775097864098652
"Flavonifractor_species_incertae_sedis__ext_mOTU_v26_17316_"	"Disease_activity"	"Disease_activitySpAHigh"	-1.17795199429751	0.316329783608001	-3.72380994562699	0.000196238677621932	0.00117743206573159
"Flavonifractor_species_incertae_sedis__ext_mOTU_v26_17316_"	"Disease_activity"	"Disease_activitySpALow"	-0.618502243398925	0.439805530884903	-1.4063084703698	0.159632545992311	0.239448818988466
"Flavonifractor_species_incertae_sedis__ext_mOTU_v26_17316_"	"Smoking"	"(Intercept)"	-2.02117079996947	1.33116041355623	-1.51835254368019	0.128925548306604	0.257851096613207
"Flavonifractor_species_incertae_sedis__ext_mOTU_v26_17316_"	"Smoking"	"Water"	0.297802893241009	0.143524015219418	2.07493423860621	0.0379926299455376	0.156917305405425
"Flavonifractor_species_incertae_sedis__ext_mOTU_v26_17316_"	"Smoking"	"BMI"	-0.00290488956196556	0.040745762810806	-0.0712930464807784	0.943164529253602	0.943164529253602
"Flavonifractor_species_incertae_sedis__ext_mOTU_v26_17316_"	"Smoking"	"SexMale"	0.13025650451695	0.289712074928421	0.449606750250685	0.65299401993445	0.78359282392134
"Flavonifractor_species_incertae_sedis__ext_mOTU_v26_17316_"	"Smoking"	"Smokinghistory"	-0.980487154177782	0.505247244139056	-1.9406086140035	0.052305768468475	0.156917305405425
"Flavonifractor_species_incertae_sedis__ext_mOTU_v26_17316_"	"Smoking"	"Smokingnever"	0.263512646832753	0.365534400418353	0.720896984062685	0.470972898583088	0.706459347874632
"Flavonifractor_species_incertae_sedis__ext_mOTU_v26_17316_"	"Disease"	"(Intercept)"	-2.52952711850184	1.22850662534067	-2.05902602910292	0.0394917450639836	0.0658195751066394
"Flavonifractor_species_incertae_sedis__ext_mOTU_v26_17316_"	"Disease"	"Water"	0.451298384261377	0.141159244616438	3.19708698844103	0.00138823054826765	0.00347057637066913
"Flavonifractor_species_incertae_sedis__ext_mOTU_v26_17316_"	"Disease"	"BMI"	0.00154217922645042	0.0387621181232808	0.0397857315625944	0.968263951788664	0.968263951788664
"Flavonifractor_species_incertae_sedis__ext_mOTU_v26_17316_"	"Disease"	"SexMale"	-0.185237320846951	0.294185438508783	-0.629661759555174	0.528915907014624	0.66114488376828
"Flavonifractor_species_incertae_sedis__ext_mOTU_v26_17316_"	"Disease"	"DiseaseSpA"	-1.02464837568051	0.304522001217591	-3.36477617900707	0.000766057741705645	0.00347057637066913
"Flavonifractor_species_incertae_sedis__ext_mOTU_v26_17316_"	"Water"	"(Intercept)"	-2.00244306181767	1.26338409916867	-1.5849835874421	0.112970063327436	0.225940126654872
"Flavonifractor_species_incertae_sedis__ext_mOTU_v26_17316_"	"Water"	"Water"	0.384940943610155	0.146797702763906	2.62225454732936	0.00873501628056763	0.0349400651222705
"Flavonifractor_species_incertae_sedis__ext_mOTU_v26_17316_"	"Water"	"BMI"	-0.0301287358092379	0.0395971068809418	-0.760882250812595	0.446727400858876	0.595636534478501
"Flavonifractor_species_incertae_sedis__ext_mOTU_v26_17316_"	"Water"	"SexMale"	0.117713154521258	0.296011400964957	0.397664259341122	0.690877686210887	0.690877686210887
"Clostridiales_species_incertae_sedis__meta_mOTU_v25_13377_"	"Disease"	"(Intercept)"	-0.185054249354992	0.814323504733974	-0.227249057996239	0.820230082631185	0.820230082631185
"Clostridiales_species_incertae_sedis__meta_mOTU_v25_13377_"	"Disease"	"Water"	0.137187437172344	0.0895651030441877	1.53170635112943	0.125594914440182	0.313987286100456
"Clostridiales_species_incertae_sedis__meta_mOTU_v25_13377_"	"Disease"	"BMI"	0.0156971536591109	0.0241163756847342	0.650891902842901	0.515116268723256	0.64389533590407
"Clostridiales_species_incertae_sedis__meta_mOTU_v25_13377_"	"Disease"	"SexMale"	-0.187952139588851	0.172901245653422	-1.0870490775156	0.277015120840447	0.461691868067412
"Clostridiales_species_incertae_sedis__meta_mOTU_v25_13377_"	"Disease"	"DiseaseSpA"	-0.706126154368676	0.181213462780357	-3.89665394355688	9.75308224699648e-05	0.000487654112349824
"Clostridiales_species_incertae_sedis__meta_mOTU_v25_13377_"	"Disease_activity"	"(Intercept)"	-0.260150839104402	0.80399767141693	-0.323571632547049	0.746262367428585	0.760075100658502
"Clostridiales_species_incertae_sedis__meta_mOTU_v25_13377_"	"Disease_activity"	"Water"	0.170209712828534	0.0890521512050342	1.91134869315668	0.0559597854128927	0.111919570825785
"Clostridiales_species_incertae_sedis__meta_mOTU_v25_13377_"	"Disease_activity"	"BMI"	0.00732020133868168	0.0239706246192304	0.305382169007355	0.760075100658502	0.760075100658502
"Clostridiales_species_incertae_sedis__meta_mOTU_v25_13377_"	"Disease_activity"	"SexMale"	-0.169750989545892	0.173407352980616	-0.978914599802853	0.327622177739985	0.491433266609978
"Clostridiales_species_incertae_sedis__meta_mOTU_v25_13377_"	"Disease_activity"	"Disease_activitySpAHigh"	-0.737707856612132	0.190816547642513	-3.86605808419821	0.000110608605853873	0.000663651635123235
"Clostridiales_species_incertae_sedis__meta_mOTU_v25_13377_"	"Disease_activity"	"Disease_activitySpALow"	-0.751549509497623	0.267463513025936	-2.80991414864407	0.00495547166831539	0.0148664150049462
"Clostridiales_species_incertae_sedis__meta_mOTU_v25_13377_"	"inflam_back_pain...47"	"(Intercept)"	-1.29621403043251	1.19631424238319	-1.08350631005639	0.278583751572927	0.41787562735939
"Clostridiales_species_incertae_sedis__meta_mOTU_v25_13377_"	"inflam_back_pain...47"	"Water"	0.117317337835392	0.0898693875404259	1.3054204668149	0.191749712917786	0.41787562735939
"Clostridiales_species_incertae_sedis__meta_mOTU_v25_13377_"	"inflam_back_pain...47"	"BMI"	0.0172695495538537	0.0245810737020745	0.702554728209297	0.482333284042706	0.554219347470308
"Clostridiales_species_incertae_sedis__meta_mOTU_v25_13377_"	"inflam_back_pain...47"	"SexMale"	-0.199998893798948	0.17427369057475	-1.14761380871293	0.251128026703931	0.41787562735939
"Clostridiales_species_incertae_sedis__meta_mOTU_v25_13377_"	"inflam_back_pain...47"	"inflam_back_pain...47Never"	1.15965843744421	0.843097357814516	1.37547393156383	0.168984562161043	0.41787562735939
"Clostridiales_species_incertae_sedis__meta_mOTU_v25_13377_"	"inflam_back_pain...47"	"inflam_back_pain...47Now"	0.49931533292567	0.844223243381652	0.591449402560387	0.554219347470308	0.554219347470308
"Clostridiales_species_incertae_sedis__meta_mOTU_v25_13377_"	"Age_at_visit"	"(Intercept)"	0.838545263878287	0.872708440746346	0.960853848464165	0.336625658794016	0.515060950687924
"Clostridiales_species_incertae_sedis__meta_mOTU_v25_13377_"	"Age_at_visit"	"Water"	0.0760603583300782	0.0927233363768384	0.820293588455015	0.41204876055034	0.515060950687924
"Clostridiales_species_incertae_sedis__meta_mOTU_v25_13377_"	"Age_at_visit"	"BMI"	0.0148858843249161	0.0254064205662254	0.585910332630837	0.557935773354593	0.557935773354593
"Clostridiales_species_incertae_sedis__meta_mOTU_v25_13377_"	"Age_at_visit"	"SexMale"	-0.152323721796639	0.177128534354434	-0.8599615095998	0.389810260168051	0.515060950687924
"Clostridiales_species_incertae_sedis__meta_mOTU_v25_13377_"	"Age_at_visit"	"Age_at_visit"	-0.0309781512636409	0.0112955286569826	-2.7425145121022	0.00609707556959826	0.0304853778479913
"Eubacterium__eligens__ref_mOTU_v25_02376_"	"inflam_back_pain...47"	"(Intercept)"	2.09508107187679	2.17702551207421	0.962359448824583	0.33586907599671	0.622122595150717
"Eubacterium__eligens__ref_mOTU_v25_02376_"	"inflam_back_pain...47"	"Water"	-0.0960995134707477	0.164827618778591	-0.583030405843792	0.559872831662662	0.622122595150717
"Eubacterium__eligens__ref_mOTU_v25_02376_"	"inflam_back_pain...47"	"BMI"	-0.0273625165648677	0.0555195944868145	-0.492844315917439	0.622122595150717	0.622122595150717
"Eubacterium__eligens__ref_mOTU_v25_02376_"	"inflam_back_pain...47"	"SexMale"	-0.683438866685429	0.3156474616987	-2.16519677683264	0.0303726190785092	0.182235714471055
"Eubacterium__eligens__ref_mOTU_v25_02376_"	"inflam_back_pain...47"	"inflam_back_pain...47Never"	2.17641035782498	1.3419004478843	1.62188660213685	0.104827630761161	0.314482892283484
"Eubacterium__eligens__ref_mOTU_v25_02376_"	"inflam_back_pain...47"	"inflam_back_pain...47Now"	1.00113263654452	1.34187542374454	0.746069731086388	0.4556252930088	0.622122595150717
"Eubacterium__eligens__ref_mOTU_v25_02376_"	"Disease_activity"	"(Intercept)"	4.98722495641113	1.60841153655553	3.10071448945923	0.00193054337731243	0.00579163013193728
"Eubacterium__eligens__ref_mOTU_v25_02376_"	"Disease_activity"	"Water"	-0.0951405909972234	0.173847195611063	-0.547265606803777	0.584196268919332	0.584196268919332
"Eubacterium__eligens__ref_mOTU_v25_02376_"	"Disease_activity"	"BMI"	-0.0674388030250783	0.0570399002260456	-1.18230927399632	0.237083007102497	0.382986774820205
"Eubacterium__eligens__ref_mOTU_v25_02376_"	"Disease_activity"	"SexMale"	-0.388023124034295	0.341115778880605	-1.13751150799186	0.255324516546803	0.382986774820205
"Eubacterium__eligens__ref_mOTU_v25_02376_"	"Disease_activity"	"Disease_activitySpAHigh"	-1.1191614067127	0.344921210756004	-3.24468711060043	0.00117579741279085	0.00579163013193728
"Eubacterium__eligens__ref_mOTU_v25_02376_"	"Disease_activity"	"Disease_activitySpALow"	-0.294421738379708	0.508603743526538	-0.578882365942211	0.56266854955118	0.584196268919332
"Eubacterium__eligens__ref_mOTU_v25_02376_"	"Disease"	"(Intercept)"	4.60328838149196	1.67540667960071	2.74756477787771	0.00600396474780959	0.0154456567245567
"Eubacterium__eligens__ref_mOTU_v25_02376_"	"Disease"	"Water"	-0.0614680922010951	0.174962616180368	-0.351321291044985	0.725347323766076	0.725347323766076
"Eubacterium__eligens__ref_mOTU_v25_02376_"	"Disease"	"BMI"	-0.0533285360587318	0.0582896253177031	-0.914888983555285	0.360249913990775	0.450312392488469
"Eubacterium__eligens__ref_mOTU_v25_02376_"	"Disease"	"SexMale"	-0.65332156554452	0.326631432731172	-2.00017971351283	0.0454808615710255	0.0758014359517092
"Eubacterium__eligens__ref_mOTU_v25_02376_"	"Disease"	"DiseaseSpA"	-0.957379412655618	0.349642402403777	-2.73816735634372	0.00617826268982267	0.0154456567245567
"Eubacterium__rectale__ref_mOTU_v25_03657_"	"Age_at_visit"	"(Intercept)"	5.06002096786325	1.15214104516453	4.39184159708559	1.12394575351622e-05	5.6197287675811e-05
"Eubacterium__rectale__ref_mOTU_v25_03657_"	"Age_at_visit"	"Water"	0.0489554481791311	0.122402748021258	0.399953832495891	0.689190521319751	0.861488151649689
"Eubacterium__rectale__ref_mOTU_v25_03657_"	"Age_at_visit"	"BMI"	-0.00521922003145488	0.0315735132435604	-0.165303746567366	0.86870491005495	0.86870491005495
"Eubacterium__rectale__ref_mOTU_v25_03657_"	"Age_at_visit"	"SexMale"	0.443212395522976	0.206786758014241	2.14333064543936	0.0320865577469004	0.0534775962448341
"Eubacterium__rectale__ref_mOTU_v25_03657_"	"Age_at_visit"	"Age_at_visit"	-0.0320467501072812	0.0114047999015073	-2.80993532407752	0.00495514564557816	0.0123878641139454
"Eubacterium__rectale__ref_mOTU_v25_03657_"	"Sex"	"(Intercept)"	4.43255094716977	1.13538810152166	3.90399629979317	9.46172277204859e-05	0.000378468910881943
"Eubacterium__rectale__ref_mOTU_v25_03657_"	"Sex"	"Water"	0.0888602737754506	0.126944070218836	0.699995467470569	0.483930135050922	0.483930135050922
"Eubacterium__rectale__ref_mOTU_v25_03657_"	"Sex"	"BMI"	-0.0360957508407436	0.0293398877232518	-1.23026206443652	0.218598985178547	0.291465313571396
"Eubacterium__rectale__ref_mOTU_v25_03657_"	"Sex"	"SexMale"	0.544790512949946	0.207699072103875	2.62298000386581	0.00871643881623281	0.0174328776324656
"Eubacterium__rectale__ref_mOTU_v25_03657_"	"Disease"	"(Intercept)"	4.25730348458348	1.10045565467696	3.8686733686086	0.000109429116108669	0.000547145580543345
"Eubacterium__rectale__ref_mOTU_v25_03657_"	"Disease"	"Water"	0.112304931894257	0.123122292810684	0.91214132981539	0.361694324067155	0.416158107319376
"Eubacterium__rectale__ref_mOTU_v25_03657_"	"Disease"	"BMI"	-0.0236818983231276	0.0291252801146346	-0.813104568605613	0.416158107319376	0.416158107319376
"Eubacterium__rectale__ref_mOTU_v25_03657_"	"Disease"	"SexMale"	0.506137761785253	0.205027232324753	2.46863675642637	0.0135628816313972	0.033907204078493
"Eubacterium__rectale__ref_mOTU_v25_03657_"	"Disease"	"DiseaseSpA"	-0.453627064778597	0.220986959487226	-2.05273227809996	0.0400985497327545	0.0668309162212575
"Eubacterium__rectale__ref_mOTU_v25_03657_"	"Disease_activity"	"(Intercept)"	4.138758790481	1.0984659434598	3.76776250107971	0.00016471729756817	0.000988303785409017
"Eubacterium__rectale__ref_mOTU_v25_03657_"	"Disease_activity"	"Water"	0.121651151158359	0.12579606399711	0.967050536343921	0.333518770875721	0.500278156313582
"Eubacterium__rectale__ref_mOTU_v25_03657_"	"Disease_activity"	"BMI"	-0.0229608649234976	0.0288185547919172	-0.796738944380981	0.425602661063989	0.510723193276786
"Eubacterium__rectale__ref_mOTU_v25_03657_"	"Disease_activity"	"SexMale"	0.559091154944563	0.2115953903281	2.6422652879046	0.00823535228541953	0.0247060568562586
"Eubacterium__rectale__ref_mOTU_v25_03657_"	"Disease_activity"	"Disease_activitySpAHigh"	-0.573118796891571	0.235213217570907	-2.43659264904533	0.0148263707966696	0.0296527415933392
"Eubacterium__rectale__ref_mOTU_v25_03657_"	"Disease_activity"	"Disease_activitySpALow"	-0.18083519451341	0.318749107892468	-0.567327688253219	0.570491568815456	0.570491568815456
"Eubacterium__rectale__ref_mOTU_v25_03657_"	"inflam_back_pain...47"	"(Intercept)"	4.88403089782267	1.44013714561679	3.39136512983345	0.000695453822244476	0.00417272293346686
"Eubacterium__rectale__ref_mOTU_v25_03657_"	"inflam_back_pain...47"	"Water"	0.0745896683354224	0.12546880620723	0.594487750303663	0.552185932982401	0.59391154617017
"Eubacterium__rectale__ref_mOTU_v25_03657_"	"inflam_back_pain...47"	"BMI"	-0.0219451666268958	0.0287940406789275	-0.762142655544557	0.44597486686094	0.59391154617017
"Eubacterium__rectale__ref_mOTU_v25_03657_"	"inflam_back_pain...47"	"SexMale"	0.466521821620996	0.207740275781641	2.24569751756451	0.0247233893004758	0.0741701679014275
"Eubacterium__rectale__ref_mOTU_v25_03657_"	"inflam_back_pain...47"	"inflam_back_pain...47Never"	-0.432701896003343	0.811555008154826	-0.533176299394845	0.59391154617017	0.59391154617017
"Eubacterium__rectale__ref_mOTU_v25_03657_"	"inflam_back_pain...47"	"inflam_back_pain...47Now"	-0.837539413211168	0.808546073005904	-1.03585861235771	0.300268108502056	0.59391154617017
"Mogibacterium_sp__BX12__mags_db_all_26_"	"Disease"	"(Intercept)"	3.9268010021598	1.58226697921435	2.48175627359018	0.0130736662820796	0.0217894438034661
"Mogibacterium_sp__BX12__mags_db_all_26_"	"Disease"	"Water"	-0.444804400961307	0.154644907926475	-2.87629516500335	0.00402373255928111	0.0100593313982028
"Mogibacterium_sp__BX12__mags_db_all_26_"	"Disease"	"BMI"	-0.0521848372557374	0.049041264697111	-1.06410056057978	0.287283146953918	0.287283146953918
"Mogibacterium_sp__BX12__mags_db_all_26_"	"Disease"	"SexMale"	-0.349768636478834	0.31682356872327	-1.10398553329958	0.269599413220802	0.287283146953918
"Mogibacterium_sp__BX12__mags_db_all_26_"	"Disease"	"DiseaseSpA"	1.24762556379263	0.382525024857356	3.26155279450769	0.00110803797147268	0.00554018985736341
"Mogibacterium_sp__BX12__mags_db_all_26_"	"Water"	"(Intercept)"	4.10771026748622	1.65313300634396	2.48480325038743	0.0129623053438365	0.025924610687673
"Mogibacterium_sp__BX12__mags_db_all_26_"	"Water"	"Water"	-0.466047683181848	0.159495211969149	-2.92201676418973	0.00347772821162964	0.0139109128465186
"Mogibacterium_sp__BX12__mags_db_all_26_"	"Water"	"BMI"	-0.00901189780680586	0.0499892437967956	-0.180276738000656	0.856935316856303	0.856935316856303
"Mogibacterium_sp__BX12__mags_db_all_26_"	"Water"	"SexMale"	-0.487577529606379	0.324659525241447	-1.50181187274198	0.133145701200839	0.177527601601119
"Mogibacterium_sp__BX12__mags_db_all_26_"	"Disease_activity"	"(Intercept)"	3.92970961024655	1.5619803413228	2.51585087615032	0.0118745413722521	0.0178118120583781
"Mogibacterium_sp__BX12__mags_db_all_26_"	"Disease_activity"	"Water"	-0.485918990384739	0.16105321540416	-3.01713312066037	0.00255177723297978	0.00765533169893934
"Mogibacterium_sp__BX12__mags_db_all_26_"	"Disease_activity"	"BMI"	-0.0388806775968497	0.0495076131791984	-0.785347446585976	0.432249884406121	0.432249884406121
"Mogibacterium_sp__BX12__mags_db_all_26_"	"Disease_activity"	"SexMale"	-0.319164440655986	0.319736051909688	-0.998212240220371	0.318176452279798	0.381811742735758
"Mogibacterium_sp__BX12__mags_db_all_26_"	"Disease_activity"	"Disease_activitySpAHigh"	1.03487212422568	0.400738575311106	2.58241204611329	0.00981123669706399	0.0178118120583781
"Mogibacterium_sp__BX12__mags_db_all_26_"	"Disease_activity"	"Disease_activitySpALow"	1.57979853599518	0.480465282388855	3.28805970774929	0.0010088044205953	0.00605282652357178
"Mogibacterium_sp__BX12__mags_db_all_26_"	"NSAID_use"	"(Intercept)"	4.64847737712928	1.61625522118421	2.87607880005696	0.00402649178314338	0.0189388893401994
"Mogibacterium_sp__BX12__mags_db_all_26_"	"NSAID_use"	"Water"	-0.425453803237655	0.159320703520752	-2.67042382964522	0.00757555573607976	0.0189388893401994
"Mogibacterium_sp__BX12__mags_db_all_26_"	"NSAID_use"	"BMI"	-0.0312085274615203	0.0480611856129999	-0.649349928918082	0.516112220292884	0.516112220292884
"Mogibacterium_sp__BX12__mags_db_all_26_"	"NSAID_use"	"SexMale"	-0.474677616687117	0.316099781004281	-1.50167018521499	0.133182307477093	0.166477884346367
"Mogibacterium_sp__BX12__mags_db_all_26_"	"NSAID_use"	"NSAID_useNO"	-0.704696304745602	0.320957440871783	-2.19560669112861	0.0281201069107094	0.0468668448511823
"Faecalibacterium_species_incertae_sedis__meta_mOTU_v25_12403_"	"enthesitis_general"	"(Intercept)"	1.77009887686276	1.43984700879595	1.22936594377689	0.218934633010405	0.262721559612487
"Faecalibacterium_species_incertae_sedis__meta_mOTU_v25_12403_"	"enthesitis_general"	"Water"	-0.0913635401990125	0.105918747796492	-0.862581385257262	0.38836766862598	0.38836766862598
"Faecalibacterium_species_incertae_sedis__meta_mOTU_v25_12403_"	"enthesitis_general"	"BMI"	-0.039880929678426	0.0316487151649455	-1.26011212368578	0.207628917340436	0.262721559612487
"Faecalibacterium_species_incertae_sedis__meta_mOTU_v25_12403_"	"enthesitis_general"	"SexMale"	0.355662214734858	0.218556956852456	1.6273204928222	0.103669047751546	0.207338095503091
"Faecalibacterium_species_incertae_sedis__meta_mOTU_v25_12403_"	"enthesitis_general"	"enthesitis_generalNever"	3.18246114723964	0.995911690645752	3.19552544380327	0.00139576475563361	0.00796192890527581
"Faecalibacterium_species_incertae_sedis__meta_mOTU_v25_12403_"	"enthesitis_general"	"enthesitis_generalNow"	3.56942397893276	1.18774531474489	3.00520990032228	0.0026539763017586	0.00796192890527581
"Oscillibacter_sp__57_20__meta_mOTU_v25_12610_"	"Water"	"(Intercept)"	6.35620707451324	1.36778096412002	4.64709426527411	3.36643354806662e-06	1.34657341922665e-05
"Oscillibacter_sp__57_20__meta_mOTU_v25_12610_"	"Water"	"Water"	-0.377169066829312	0.134869565669953	-2.79654690779018	0.00516519124495165	0.0103303824899033
"Oscillibacter_sp__57_20__meta_mOTU_v25_12610_"	"Water"	"BMI"	-0.0361769801130562	0.0485458019086768	-0.74521335915125	0.456142748110989	0.501800818901823
"Oscillibacter_sp__57_20__meta_mOTU_v25_12610_"	"Water"	"SexMale"	0.167890459366787	0.249963841014956	0.671658983495702	0.501800818901823	0.501800818901823
"Clostridiales_species_incertae_sedis__meta_mOTU_v25_12356_"	"inflam_back_pain...47"	"(Intercept)"	5.77263655160845	1.43128555342012	4.03318299260025	5.50263957931154e-05	0.000330158374758693
"Clostridiales_species_incertae_sedis__meta_mOTU_v25_12356_"	"inflam_back_pain...47"	"Water"	-0.156807499814584	0.130993498764181	-1.19706322293806	0.231281913212911	0.346922869819367
"Clostridiales_species_incertae_sedis__meta_mOTU_v25_12356_"	"inflam_back_pain...47"	"BMI"	-0.0920210470669774	0.032667473546714	-2.81690124996623	0.00484894319199747	0.0145468295759924
"Clostridiales_species_incertae_sedis__meta_mOTU_v25_12356_"	"inflam_back_pain...47"	"SexMale"	0.550500222290568	0.215397011579731	2.55574679636071	0.0105960191126112	0.0211920382252225
"Clostridiales_species_incertae_sedis__meta_mOTU_v25_12356_"	"inflam_back_pain...47"	"inflam_back_pain...47Never"	-0.170221651264837	0.820946190108195	-0.20734812258816	0.835737994270941	0.835737994270941
"Clostridiales_species_incertae_sedis__meta_mOTU_v25_12356_"	"inflam_back_pain...47"	"inflam_back_pain...47Now"	-0.819129118969533	0.817445274108764	-1.00205988696015	0.316314669896119	0.379577603875342
"Clostridiales_species_incertae_sedis__meta_mOTU_v25_12356_"	"BMI"	"(Intercept)"	5.65859009004093	1.18453451763138	4.77705799688807	1.77878482497912e-06	7.11513929991649e-06
"Clostridiales_species_incertae_sedis__meta_mOTU_v25_12356_"	"BMI"	"Water"	-0.151442532861381	0.134659817604028	-1.12463046182569	0.260745659842524	0.260745659842524
"Clostridiales_species_incertae_sedis__meta_mOTU_v25_12356_"	"BMI"	"BMI"	-0.110919751017528	0.0339543589362729	-3.26673082609828	0.00108797072784431	0.00217594145568862
"Clostridiales_species_incertae_sedis__meta_mOTU_v25_12356_"	"BMI"	"SexMale"	0.615715091348149	0.222799270716034	2.76354177179018	0.0057177773222751	0.0076237030963668
"Clostridiales_species_incertae_sedis__meta_mOTU_v25_12356_"	"Age_at_visit"	"(Intercept)"	6.20971501222967	1.2006474087145	5.17197219363365	2.31636060614612e-07	1.15818030307306e-06
"Clostridiales_species_incertae_sedis__meta_mOTU_v25_12356_"	"Age_at_visit"	"Water"	-0.172822041560292	0.132211476696619	-1.30716368864754	0.191157124820926	0.191157124820926
"Clostridiales_species_incertae_sedis__meta_mOTU_v25_12356_"	"Age_at_visit"	"BMI"	-0.0927293973758255	0.0348149138137878	-2.66349639329286	0.00773332408969575	0.0128888734828263
"Clostridiales_species_incertae_sedis__meta_mOTU_v25_12356_"	"Age_at_visit"	"SexMale"	0.601667001845868	0.219826773603325	2.73700510626412	0.0062001330642477	0.0128888734828263
"Clostridiales_species_incertae_sedis__meta_mOTU_v25_12356_"	"Age_at_visit"	"Age_at_visit"	-0.0258394995326828	0.0124896544439521	-2.06887225332284	0.0385580759389917	0.0481975949237397
"Clostridiales_species_incertae_sedis__meta_mOTU_v25_12356_"	"Disease"	"(Intercept)"	5.41064293953526	1.14422492571765	4.72865327255631	2.26013972984236e-06	1.13006986492118e-05
"Clostridiales_species_incertae_sedis__meta_mOTU_v25_12356_"	"Disease"	"Water"	-0.10830935878565	0.130773196416211	-0.828222921468821	0.407544265064768	0.407544265064768
"Clostridiales_species_incertae_sedis__meta_mOTU_v25_12356_"	"Disease"	"BMI"	-0.0974347307113034	0.033105044981502	-2.94319886185766	0.0032483968188236	0.00637178977820628
"Clostridiales_species_incertae_sedis__meta_mOTU_v25_12356_"	"Disease"	"SexMale"	0.575727340693981	0.214327535088825	2.68620334039385	0.00722690925798852	0.00903363657248565
"Clostridiales_species_incertae_sedis__meta_mOTU_v25_12356_"	"Disease"	"DiseaseSpA"	-0.649004266932899	0.224382390293248	-2.89240285783883	0.00382307386692377	0.00637178977820628
"Clostridiales_species_incertae_sedis__meta_mOTU_v25_12356_"	"Disease_activity"	"(Intercept)"	5.32726727582012	1.13160512565735	4.70770868303157	2.50516767585918e-06	1.50310060551551e-05
"Clostridiales_species_incertae_sedis__meta_mOTU_v25_12356_"	"Disease_activity"	"Water"	-0.0914621488346116	0.130815121183117	-0.699171074470678	0.484445125118494	0.484445125118494
"Clostridiales_species_incertae_sedis__meta_mOTU_v25_12356_"	"Disease_activity"	"BMI"	-0.0998353939826224	0.0331234872027218	-3.01403633535357	0.00257796928771049	0.00515593857542098
"Clostridiales_species_incertae_sedis__meta_mOTU_v25_12356_"	"Disease_activity"	"SexMale"	0.593345409838018	0.219113961635128	2.70793063760157	0.00677041707953387	0.0101556256193008
"Clostridiales_species_incertae_sedis__meta_mOTU_v25_12356_"	"Disease_activity"	"Disease_activitySpAHigh"	-0.741750562906377	0.237393470825152	-3.1245617679717	0.00178070131329951	0.00515593857542098
"Clostridiales_species_incertae_sedis__meta_mOTU_v25_12356_"	"Disease_activity"	"Disease_activitySpALow"	-0.433654309732815	0.323552201009209	-1.34029163881494	0.180150548727106	0.216180658472527
"uncultured_Blautia_sp___ref_mOTU_v25_11916_"	"BMI"	"(Intercept)"	3.16384892659072	0.897582498418013	3.52485585689003	0.000423713282514841	0.00169485313005936
"uncultured_Blautia_sp___ref_mOTU_v25_11916_"	"BMI"	"Water"	-0.160643358098161	0.0868515704010092	-1.84963101250147	0.0643667498213348	0.0858223330951131
"uncultured_Blautia_sp___ref_mOTU_v25_11916_"	"BMI"	"BMI"	-0.0770913418728079	0.0286747014513051	-2.68847932048127	0.0071778281436862	0.0143556562873724
"uncultured_Blautia_sp___ref_mOTU_v25_11916_"	"BMI"	"SexMale"	0.210661063268057	0.18030536944806	1.16835712609625	0.242662741314721	0.242662741314721
"uncultured_Blautia_sp___ref_mOTU_v25_11916_"	"Disease"	"(Intercept)"	3.17414316255124	0.885072907546611	3.58630699853852	0.000335394086208898	0.00167697043104449
"uncultured_Blautia_sp___ref_mOTU_v25_11916_"	"Disease"	"Water"	-0.156003771126835	0.0853365496841817	-1.82810028884672	0.0675345016239744	0.084418127029968
"uncultured_Blautia_sp___ref_mOTU_v25_11916_"	"Disease"	"BMI"	-0.0668261518224222	0.0286801114231331	-2.33005202931397	0.0198034013811839	0.0347368949157379
"uncultured_Blautia_sp___ref_mOTU_v25_11916_"	"Disease"	"SexMale"	0.150907192562822	0.179991988721326	0.838410607243556	0.401800134139266	0.401800134139266
"uncultured_Blautia_sp___ref_mOTU_v25_11916_"	"Disease"	"DiseaseSpA"	-0.414297738925242	0.179285097850836	-2.31083198710657	0.0208421369494427	0.0347368949157379
"uncultured_Blautia_sp___ref_mOTU_v25_11916_"	"Disease_activity"	"(Intercept)"	3.11620661181712	0.866716299023925	3.59541711091221	0.000323872239399827	0.00194323343639896
"uncultured_Blautia_sp___ref_mOTU_v25_11916_"	"Disease_activity"	"Water"	-0.150700440452755	0.0846596144297877	-1.78007473182787	0.0750637312319205	0.103429887177171
"uncultured_Blautia_sp___ref_mOTU_v25_11916_"	"Disease_activity"	"BMI"	-0.0655027740598773	0.0282523593661648	-2.31848863349529	0.0204227799962397	0.0546506736678076
"uncultured_Blautia_sp___ref_mOTU_v25_11916_"	"Disease_activity"	"SexMale"	0.131842965218621	0.179792182239726	0.733307553066063	0.463370869344879	0.463370869344879
"uncultured_Blautia_sp___ref_mOTU_v25_11916_"	"Disease_activity"	"Disease_activitySpAHigh"	-0.322294724392341	0.187835096801576	-1.71583867914102	0.0861915726476428	0.103429887177171
"uncultured_Blautia_sp___ref_mOTU_v25_11916_"	"Disease_activity"	"Disease_activitySpALow"	-0.650151171508768	0.294607484954786	-2.206838606319	0.0273253368339038	0.0546506736678076
"uncultured_Blautia_sp___ref_mOTU_v25_11916_"	"inflam_back_pain...47"	"(Intercept)"	2.11221161987955	1.39241169325662	1.51694475858604	0.129280631792691	0.258561263585383
"uncultured_Blautia_sp___ref_mOTU_v25_11916_"	"inflam_back_pain...47"	"Water"	-0.15783992656672	0.0856334450204207	-1.84320421219864	0.0652992001351631	0.195897600405489
"uncultured_Blautia_sp___ref_mOTU_v25_11916_"	"inflam_back_pain...47"	"BMI"	-0.0670531952256943	0.0288741277996341	-2.32225872556206	0.0202190085633888	0.121314051380333
"uncultured_Blautia_sp___ref_mOTU_v25_11916_"	"inflam_back_pain...47"	"SexMale"	0.13844222014606	0.181301936037805	0.763600340799406	0.445105446129759	0.52965943556103
"uncultured_Blautia_sp___ref_mOTU_v25_11916_"	"inflam_back_pain...47"	"inflam_back_pain...47Never"	1.05025443410742	1.04184293589713	1.00807367206751	0.313419095795846	0.470128643693769
"uncultured_Blautia_sp___ref_mOTU_v25_11916_"	"inflam_back_pain...47"	"inflam_back_pain...47Now"	0.655559994324069	1.04301177581802	0.628525975950677	0.52965943556103	0.52965943556103
"uncultured_Blautia_sp___ref_mOTU_v25_11916_"	"Water"	"(Intercept)"	3.16384892659072	0.897582498418013	3.52485585689003	0.000423713282514841	0.00169485313005936
"uncultured_Blautia_sp___ref_mOTU_v25_11916_"	"Water"	"Water"	-0.160643358098161	0.0868515704010092	-1.84963101250147	0.0643667498213348	0.0858223330951131
"uncultured_Blautia_sp___ref_mOTU_v25_11916_"	"Water"	"BMI"	-0.0770913418728079	0.0286747014513051	-2.68847932048127	0.0071778281436862	0.0143556562873724
"uncultured_Blautia_sp___ref_mOTU_v25_11916_"	"Water"	"SexMale"	0.210661063268057	0.18030536944806	1.16835712609625	0.242662741314721	0.242662741314721
"Clostridiales_species_incertae_sedis__meta_mOTU_v25_12563_"	"Disease"	"(Intercept)"	3.4494272237842	0.917978912395449	3.75763231290682	0.000171528673818769	0.000857643369093843
"Clostridiales_species_incertae_sedis__meta_mOTU_v25_12563_"	"Disease"	"Water"	-0.00770630864036608	0.0988613057680633	-0.0779507066035089	0.93786726404792	0.93786726404792
"Clostridiales_species_incertae_sedis__meta_mOTU_v25_12563_"	"Disease"	"BMI"	-0.0509147914760108	0.0314148095823561	-1.62072577083538	0.105076464144748	0.175127440241247
"Clostridiales_species_incertae_sedis__meta_mOTU_v25_12563_"	"Disease"	"SexMale"	0.266358813233888	0.198798116211277	1.3398457606651	0.180295494878245	0.225369368597807
"Clostridiales_species_incertae_sedis__meta_mOTU_v25_12563_"	"Disease"	"DiseaseSpA"	-0.52382148991677	0.210372367750402	-2.48997287770351	0.0127752843995972	0.0319382109989929
"Clostridiales_species_incertae_sedis__meta_mOTU_v25_12563_"	"NSAID_use"	"(Intercept)"	3.10542634966471	1.0062637454968	3.08609583080181	0.00202803448669258	0.0101401724334629
"Clostridiales_species_incertae_sedis__meta_mOTU_v25_12563_"	"NSAID_use"	"Water"	-0.0437761030842176	0.105981862814071	-0.413052780181985	0.6795679443207	0.6795679443207
"Clostridiales_species_incertae_sedis__meta_mOTU_v25_12563_"	"NSAID_use"	"BMI"	-0.0511006159466466	0.0317774407252091	-1.60807839714129	0.107818009854584	0.179696683090973
"Clostridiales_species_incertae_sedis__meta_mOTU_v25_12563_"	"NSAID_use"	"SexMale"	0.289478018054234	0.198689084445619	1.45693971494173	0.145133021931684	0.181416277414605
"Clostridiales_species_incertae_sedis__meta_mOTU_v25_12563_"	"NSAID_use"	"NSAID_useNO"	0.477707796280808	0.197545041459572	2.41822215709004	0.0155965514068906	0.0389913785172266
"Clostridiales_species_incertae_sedis__meta_mOTU_v25_12563_"	"Disease_activity"	"(Intercept)"	3.45094723809904	0.889437023908463	3.87992308093326	0.000104489503085312	0.000626937018511869
"Clostridiales_species_incertae_sedis__meta_mOTU_v25_12563_"	"Disease_activity"	"Water"	0.0267649230320017	0.0976983981884482	0.27395457375233	0.784119531435252	0.784119531435252
"Clostridiales_species_incertae_sedis__meta_mOTU_v25_12563_"	"Disease_activity"	"BMI"	-0.0635674698975327	0.0313251702784223	-2.02927771285954	0.0424300120311945	0.0848600240623891
"Clostridiales_species_incertae_sedis__meta_mOTU_v25_12563_"	"Disease_activity"	"SexMale"	0.316214942486386	0.204593966680932	1.54557315455704	0.1222076887715	0.156937412808719
"Clostridiales_species_incertae_sedis__meta_mOTU_v25_12563_"	"Disease_activity"	"Disease_activitySpAHigh"	-0.594202691623501	0.217691108186215	-2.72956804057984	0.00634173607825725	0.0190252082347718
"Clostridiales_species_incertae_sedis__meta_mOTU_v25_12563_"	"Disease_activity"	"Disease_activitySpALow"	-0.455262986264537	0.301293437917976	-1.51102854881452	0.1307811773406	0.156937412808719
"Clostridiales_species_incertae_sedis__meta_mOTU_v25_12563_"	"inflam_back_pain...47"	"(Intercept)"	3.76002751122539	1.23857620519822	3.03576598310609	0.00239925500694154	0.0143955300416492
"Clostridiales_species_incertae_sedis__meta_mOTU_v25_12563_"	"inflam_back_pain...47"	"Water"	-0.0438979535738476	0.0999550260990752	-0.439177050790182	0.660533252409417	0.792639902891301
"Clostridiales_species_incertae_sedis__meta_mOTU_v25_12563_"	"inflam_back_pain...47"	"BMI"	-0.0524378876596951	0.0317588797679904	-1.65112522994425	0.0987130065181366	0.29613901955441
"Clostridiales_species_incertae_sedis__meta_mOTU_v25_12563_"	"inflam_back_pain...47"	"SexMale"	0.260267154543363	0.204300760452895	1.27394119320163	0.202684258075604	0.405368516151209
"Clostridiales_species_incertae_sedis__meta_mOTU_v25_12563_"	"inflam_back_pain...47"	"inflam_back_pain...47Never"	-0.114539976342391	0.75414946485049	-0.151879675954021	0.8792818385527	0.8792818385527
"Clostridiales_species_incertae_sedis__meta_mOTU_v25_12563_"	"inflam_back_pain...47"	"inflam_back_pain...47Now"	-0.491997905061742	0.750002006998566	-0.655995451306415	0.51182705093926	0.76774057640889
"Clostridiales_species_incertae_sedis__meta_mOTU_v25_12563_"	"enthesitis_general"	"(Intercept)"	1.99287452876095	1.4158925409464	1.40750408037949	0.159277968160966	0.238916952241448
"Clostridiales_species_incertae_sedis__meta_mOTU_v25_12563_"	"enthesitis_general"	"Water"	-0.0846458926339124	0.0992084288588054	-0.853212711939843	0.393541355209842	0.472249626251811
"Clostridiales_species_incertae_sedis__meta_mOTU_v25_12563_"	"enthesitis_general"	"BMI"	-0.0499188044466796	0.0320767168709987	-1.55623172556704	0.119652999837742	0.238916952241448
"Clostridiales_species_incertae_sedis__meta_mOTU_v25_12563_"	"enthesitis_general"	"SexMale"	0.311084636204305	0.201602947392513	1.54305599311818	0.122817190871259	0.238916952241448
"Clostridiales_species_incertae_sedis__meta_mOTU_v25_12563_"	"enthesitis_general"	"enthesitis_generalNever"	1.72109010998069	1.02500736645285	1.67910023509072	0.0931325104275273	0.238916952241448
"Clostridiales_species_incertae_sedis__meta_mOTU_v25_12563_"	"enthesitis_general"	"enthesitis_generalNow"	0.295917467950168	1.24768790675836	0.237172666615802	0.812522840291821	0.812522840291821
"Clostridiales_species_incertae_sedis__meta_mOTU_v25_12563_"	"BMI"	"(Intercept)"	3.87494739475177	0.932329219493504	4.15620074297025	3.23583534017662e-05	0.000129433413607065
"Clostridiales_species_incertae_sedis__meta_mOTU_v25_12563_"	"BMI"	"Water"	-0.0620619719187982	0.100125750634406	-0.619840266121032	0.535362955807028	0.535362955807028
"Clostridiales_species_incertae_sedis__meta_mOTU_v25_12563_"	"BMI"	"BMI"	-0.0665497696066593	0.0316854893663435	-2.10032323746745	0.0357004164821763	0.0714008329643527
"Clostridiales_species_incertae_sedis__meta_mOTU_v25_12563_"	"BMI"	"SexMale"	0.353774343080777	0.202682580605348	1.74546002929391	0.0809048242871627	0.10787309904955
"Clostridiales_species_incertae_sedis__meta_mOTU_v25_12563_"	"Age_at_visit"	"(Intercept)"	4.25741831191929	0.946087865560603	4.50002422279939	6.79457194975262e-06	3.39728597487631e-05
"Clostridiales_species_incertae_sedis__meta_mOTU_v25_12563_"	"Age_at_visit"	"Water"	-0.0725042526076105	0.0984121978880652	-0.736740507412277	0.461280168222523	0.461280168222523
"Clostridiales_species_incertae_sedis__meta_mOTU_v25_12563_"	"Age_at_visit"	"BMI"	-0.0518372363853449	0.0325771728266422	-1.59121347518995	0.111561541294868	0.139451926618585
"Clostridiales_species_incertae_sedis__meta_mOTU_v25_12563_"	"Age_at_visit"	"SexMale"	0.348545868700828	0.19987843643994	1.74378924965005	0.0811958457348415	0.135326409558069
"Clostridiales_species_incertae_sedis__meta_mOTU_v25_12563_"	"Age_at_visit"	"Age_at_visit"	-0.0205979517920685	0.0111379497723566	-1.84934859763784	0.0644074926370772	0.135326409558069
"Clostridiales_species_incertae_sedis__meta_mOTU_v25_12563_"	"Fecal_calpro_values"	"(Intercept)"	4.00159687737017	0.942630577842633	4.24513799088556	2.18458938926604e-05	0.000109229469463302
"Clostridiales_species_incertae_sedis__meta_mOTU_v25_12563_"	"Fecal_calpro_values"	"Water"	-0.0695651455540166	0.102939299325545	-0.675788022745493	0.499175240191461	0.499175240191461
"Clostridiales_species_incertae_sedis__meta_mOTU_v25_12563_"	"Fecal_calpro_values"	"BMI"	-0.0660469080303671	0.033608064231569	-1.96521012264454	0.0493899228455493	0.0823165380759155
"Clostridiales_species_incertae_sedis__meta_mOTU_v25_12563_"	"Fecal_calpro_values"	"SexMale"	0.410991641404397	0.208317039127136	1.97291418467967	0.0485053402538056	0.0823165380759155
"Clostridiales_species_incertae_sedis__meta_mOTU_v25_12563_"	"Fecal_calpro_values"	"Fecal_calpro_values"	-0.00120540746844162	0.000690480821191671	-1.74575083253038	0.080854257935434	0.101067822419292
"Clostridiales_species_incertae_sedis__meta_mOTU_v25_12563_"	"uveitis"	"(Intercept)"	1.9398942705263	1.16588009617879	1.66388831654676	0.0961347502621247	0.11536170031455
"Clostridiales_species_incertae_sedis__meta_mOTU_v25_12563_"	"uveitis"	"Water"	-0.0783772901452519	0.0985639649450142	-0.795192139327758	0.426501743623902	0.426501743623902
"Clostridiales_species_incertae_sedis__meta_mOTU_v25_12563_"	"uveitis"	"BMI"	-0.0679380842613319	0.0311118165662313	-2.18367462140001	0.0289861659187554	0.0579723318375109
"Clostridiales_species_incertae_sedis__meta_mOTU_v25_12563_"	"uveitis"	"SexMale"	0.337322601904585	0.199183186088552	1.69352950180554	0.0903547242314433	0.11536170031455
"Clostridiales_species_incertae_sedis__meta_mOTU_v25_12563_"	"uveitis"	"uveitisNever"	2.11994190556602	0.82011358725411	2.58493693863063	0.00973968093841395	0.0480030322925173
"Clostridiales_species_incertae_sedis__meta_mOTU_v25_12563_"	"uveitis"	"uveitisNow"	2.26028396376671	0.938308360758018	2.40889249024779	0.0160010107641724	0.0480030322925173
"Oscillibacter_sp__57_20__ref_mOTU_v25_10413_"	"BMI"	"(Intercept)"	6.02651071646847	1.56488663722421	3.85108452785965	0.000117595898344993	0.000470383593379974
"Oscillibacter_sp__57_20__ref_mOTU_v25_10413_"	"BMI"	"Water"	-0.341527082652793	0.151130494962917	-2.2598158150451	0.0238326844466011	0.0317769125954681
"Oscillibacter_sp__57_20__ref_mOTU_v25_10413_"	"BMI"	"BMI"	-0.130742703009867	0.0519520747317443	-2.51660215082766	0.0118492545810423	0.0236985091620847
"Oscillibacter_sp__57_20__ref_mOTU_v25_10413_"	"BMI"	"SexMale"	0.0427121863296405	0.314873585715134	0.135648680192191	0.892099019863263	0.892099019863263
"Oscillibacter_sp__57_20__ref_mOTU_v25_10413_"	"Smoking"	"(Intercept)"	3.33332391513024	1.64783897130476	2.02284566221353	0.0430890622285837	0.104855428697247
"Oscillibacter_sp__57_20__ref_mOTU_v25_10413_"	"Smoking"	"Water"	-0.229272775736016	0.141205845745794	-1.6236776496404	0.104444623527129	0.156666935290694
"Oscillibacter_sp__57_20__ref_mOTU_v25_10413_"	"Smoking"	"BMI"	-0.100951544169551	0.0520474760835665	-1.93960498694433	0.0524277143486233	0.104855428697247
"Oscillibacter_sp__57_20__ref_mOTU_v25_10413_"	"Smoking"	"SexMale"	0.126649810285033	0.319764690099989	0.396071906017609	0.69205198291711	0.69205198291711
"Oscillibacter_sp__57_20__ref_mOTU_v25_10413_"	"Smoking"	"Smokinghistory"	0.235084073490992	0.551861444329821	0.42598386951362	0.670119599909883	0.69205198291711
"Oscillibacter_sp__57_20__ref_mOTU_v25_10413_"	"Smoking"	"Smokingnever"	1.08629113360446	0.476261869807247	2.28086941758344	0.0225561751222174	0.104855428697247
"Oscillibacter_sp__57_20__ref_mOTU_v25_10413_"	"Water"	"(Intercept)"	6.02651071646847	1.56488663722421	3.85108452785965	0.000117595898344993	0.000470383593379974
"Oscillibacter_sp__57_20__ref_mOTU_v25_10413_"	"Water"	"Water"	-0.341527082652793	0.151130494962917	-2.2598158150451	0.0238326844466011	0.0317769125954681
"Oscillibacter_sp__57_20__ref_mOTU_v25_10413_"	"Water"	"BMI"	-0.130742703009867	0.0519520747317443	-2.51660215082766	0.0118492545810423	0.0236985091620847
"Oscillibacter_sp__57_20__ref_mOTU_v25_10413_"	"Water"	"SexMale"	0.0427121863296405	0.314873585715134	0.135648680192191	0.892099019863263	0.892099019863263
"Eubacterium_species_incertae_sedis__ext_mOTU_v26_16236_"	"Disease_activity"	"(Intercept)"	5.44181308824889	1.3962137593566	3.89755010776902	9.71707209575834e-05	0.0005830243257455
"Eubacterium_species_incertae_sedis__ext_mOTU_v26_16236_"	"Disease_activity"	"Water"	-0.140919474438639	0.151109272183703	-0.932566694301353	0.351043736338078	0.526565604507117
"Eubacterium_species_incertae_sedis__ext_mOTU_v26_16236_"	"Disease_activity"	"BMI"	-0.0932084960568156	0.0491141849112727	-1.89779177289008	0.057723517413335	0.11544703482667
"Eubacterium_species_incertae_sedis__ext_mOTU_v26_16236_"	"Disease_activity"	"SexMale"	0.02088138339681	0.283413654270722	0.0736781135352912	0.941266514314802	0.941266514314802
"Eubacterium_species_incertae_sedis__ext_mOTU_v26_16236_"	"Disease_activity"	"Disease_activitySpAHigh"	-0.852603846243617	0.290202586912011	-2.93796087524928	0.00330378714030892	0.00991136142092675
"Eubacterium_species_incertae_sedis__ext_mOTU_v26_16236_"	"Disease_activity"	"Disease_activitySpALow"	-0.279054623385015	0.423799689449039	-0.658458772699432	0.510243380264515	0.612292056317417
"Eubacterium_species_incertae_sedis__ext_mOTU_v26_16236_"	"inflam_back_pain...47"	"(Intercept)"	6.56746515683708	1.76636412314982	3.71806983099602	0.000200750783211162	0.00120450469926697
"Eubacterium_species_incertae_sedis__ext_mOTU_v26_16236_"	"inflam_back_pain...47"	"Water"	-0.282070819301189	0.151164129262709	-1.86599043488006	0.0620427037457481	0.159913809260841
"Eubacterium_species_incertae_sedis__ext_mOTU_v26_16236_"	"inflam_back_pain...47"	"BMI"	-0.0551858961905656	0.0464618130847006	-1.18776889076543	0.234924473864376	0.352386710796563
"Eubacterium_species_incertae_sedis__ext_mOTU_v26_16236_"	"inflam_back_pain...47"	"SexMale"	-0.259947042140231	0.265604498223899	-0.978699697778089	0.32772838146201	0.393274057754412
"Eubacterium_species_incertae_sedis__ext_mOTU_v26_16236_"	"inflam_back_pain...47"	"inflam_back_pain...47Never"	-0.751514082257573	0.972310889292358	-0.772915422971885	0.439572436497368	0.439572436497368
"Eubacterium_species_incertae_sedis__ext_mOTU_v26_16236_"	"inflam_back_pain...47"	"inflam_back_pain...47Now"	-1.71870069230625	0.98158957284165	-1.75093617521903	0.0799569046304205	0.159913809260841
"Eubacterium_species_incertae_sedis__ext_mOTU_v26_16236_"	"Disease"	"(Intercept)"	5.23613060197696	1.4062925849086	3.72335789733063	0.000196590530965156	0.000982952654825778
"Eubacterium_species_incertae_sedis__ext_mOTU_v26_16236_"	"Disease"	"Water"	-0.138029828974198	0.151520102878038	-0.910967101740298	0.362312707895919	0.452890884869899
"Eubacterium_species_incertae_sedis__ext_mOTU_v26_16236_"	"Disease"	"BMI"	-0.0821980170068585	0.0490854132020056	-1.67459152617462	0.0940144029997893	0.156690671666316
"Eubacterium_species_incertae_sedis__ext_mOTU_v26_16236_"	"Disease"	"SexMale"	-0.0837566773611965	0.266869622455312	-0.31384867483455	0.753635973602772	0.753635973602772
"Eubacterium_species_incertae_sedis__ext_mOTU_v26_16236_"	"Disease"	"DiseaseSpA"	-0.715979023757115	0.281740770175475	-2.54126878162215	0.0110450973926423	0.0276127434816056
"Eubacterium_species_incertae_sedis__ext_mOTU_v26_16236_"	"BMI"	"(Intercept)"	5.55283332744022	1.44988401218867	3.82984658135374	0.000128223175144392	0.000512892700577569
"Eubacterium_species_incertae_sedis__ext_mOTU_v26_16236_"	"BMI"	"Water"	-0.195278985799424	0.158005639885127	-1.23589883210115	0.216496171210412	0.288661561613883
"Eubacterium_species_incertae_sedis__ext_mOTU_v26_16236_"	"BMI"	"BMI"	-0.0989284211515074	0.0495607844477886	-1.99610281099821	0.0459227331344478	0.0918454662688957
"Eubacterium_species_incertae_sedis__ext_mOTU_v26_16236_"	"BMI"	"SexMale"	0.105999136437091	0.266397992325586	0.397897654977599	0.690705628693435	0.690705628693435
"Eubacterium_species_incertae_sedis__ext_mOTU_v26_16236_"	"NSAID_use"	"(Intercept)"	5.05652807835387	1.45627655856824	3.47223063408043	0.00051615270100271	0.00258076350501355
"Eubacterium_species_incertae_sedis__ext_mOTU_v26_16236_"	"NSAID_use"	"Water"	-0.208875192825751	0.153824685256117	-1.35787823962048	0.174502323241789	0.218127904052236
"Eubacterium_species_incertae_sedis__ext_mOTU_v26_16236_"	"NSAID_use"	"BMI"	-0.0850600169120772	0.0485894438890229	-1.75058634353487	0.080017189328037	0.133361982213395
"Eubacterium_species_incertae_sedis__ext_mOTU_v26_16236_"	"NSAID_use"	"SexMale"	0.0495330698897461	0.26116667564537	0.189660758851966	0.84957497250769	0.84957497250769
"Eubacterium_species_incertae_sedis__ext_mOTU_v26_16236_"	"NSAID_use"	"NSAID_useNO"	0.510882126264273	0.265131578914758	1.92690032758612	0.053992052681181	0.133361982213395
"Faecalibacterium_prausnitzii__ref_mOTU_v25_06108_"	"BMI"	"(Intercept)"	7.84457664647997	1.04974254237043	7.47285770543895	7.84716901168467e-14	3.13886760467387e-13
"Faecalibacterium_prausnitzii__ref_mOTU_v25_06108_"	"BMI"	"Water"	-0.197702357750005	0.111980493217351	-1.76550711708575	0.0774785751622484	0.103304766882998
"Faecalibacterium_prausnitzii__ref_mOTU_v25_06108_"	"BMI"	"BMI"	-0.0809940387189544	0.0268972873882422	-3.01123446204318	0.00260187861816095	0.00520375723632191
"Faecalibacterium_prausnitzii__ref_mOTU_v25_06108_"	"BMI"	"SexMale"	0.297562562326179	0.198034488980274	1.50257949440221	0.132947514459521	0.132947514459521
"Faecalibacterium_prausnitzii__ref_mOTU_v25_06108_"	"Age_at_visit"	"(Intercept)"	8.2009796495731	1.07325936693972	7.64119084556167	2.15221769607923e-14	1.07610884803962e-13
"Faecalibacterium_prausnitzii__ref_mOTU_v25_06108_"	"Age_at_visit"	"Water"	-0.197675808106027	0.109813306963243	-1.80010796116169	0.0718435927805479	0.0898044909756849
"Faecalibacterium_prausnitzii__ref_mOTU_v25_06108_"	"Age_at_visit"	"BMI"	-0.0681400556583984	0.0280448352739845	-2.4296828629123	0.0151120394920317	0.0377800987300793
"Faecalibacterium_prausnitzii__ref_mOTU_v25_06108_"	"Age_at_visit"	"SexMale"	0.318281916559342	0.196817625587424	1.61714132872701	0.105847777500301	0.105847777500301
"Faecalibacterium_prausnitzii__ref_mOTU_v25_06108_"	"Age_at_visit"	"Age_at_visit"	-0.0213481985420711	0.0118287487369438	-1.8047723404079	0.0711103143535691	0.0898044909756849
"Faecalibacterium_prausnitzii__ref_mOTU_v25_06108_"	"inflam_back_pain...47"	"(Intercept)"	6.88034501364833	1.31414105661192	5.23562138100078	1.64430719462894e-07	9.86584316777364e-07
"Faecalibacterium_prausnitzii__ref_mOTU_v25_06108_"	"inflam_back_pain...47"	"Water"	-0.197635014102821	0.111236028843547	-1.77671763508201	0.0756147092897841	0.151229418579568
"Faecalibacterium_prausnitzii__ref_mOTU_v25_06108_"	"inflam_back_pain...47"	"BMI"	-0.0649513122662631	0.0282483357060713	-2.29929695476904	0.0214880826379546	0.0644642479138639
"Faecalibacterium_prausnitzii__ref_mOTU_v25_06108_"	"inflam_back_pain...47"	"SexMale"	0.276432965004863	0.194900294017691	1.41833015900823	0.156094395543951	0.234141593315926
"Faecalibacterium_prausnitzii__ref_mOTU_v25_06108_"	"inflam_back_pain...47"	"inflam_back_pain...47Never"	0.789730449318265	0.765152543893385	1.03212157578385	0.302015167615465	0.362418201138558
"Faecalibacterium_prausnitzii__ref_mOTU_v25_06108_"	"inflam_back_pain...47"	"inflam_back_pain...47Now"	0.443885551466005	0.764477683179551	0.580638992128369	0.561483787007759	0.561483787007759
"Faecalibacterium_prausnitzii__ref_mOTU_v25_06108_"	"Disease_activity"	"(Intercept)"	7.35328547621076	0.949923755512554	7.74092176718238	9.86986184538323e-15	5.92191710722994e-14
"Faecalibacterium_prausnitzii__ref_mOTU_v25_06108_"	"Disease_activity"	"Water"	-0.110628342007352	0.104513776569365	-1.05850487503845	0.289825329404342	0.347790395285211
"Faecalibacterium_prausnitzii__ref_mOTU_v25_06108_"	"Disease_activity"	"BMI"	-0.0844965111804205	0.0255511660502084	-3.30695323314731	0.000943166367558343	0.00282949910267503
"Faecalibacterium_prausnitzii__ref_mOTU_v25_06108_"	"Disease_activity"	"SexMale"	0.426470938177416	0.192108079493934	2.21995316022553	0.0264219473352144	0.0460753735081583
"Faecalibacterium_prausnitzii__ref_mOTU_v25_06108_"	"Disease_activity"	"Disease_activitySpAHigh"	-0.462132451524239	0.213878840064772	-2.16072076781548	0.0307169156721055	0.0460753735081583
"Faecalibacterium_prausnitzii__ref_mOTU_v25_06108_"	"Disease_activity"	"Disease_activitySpALow"	-0.0972637818274989	0.285610265028504	-0.340547220240113	0.733444468770288	0.733444468770288
"Faecalibacterium_prausnitzii__ref_mOTU_v25_06108_"	"Water"	"(Intercept)"	7.84457664647997	1.04974254237043	7.47285770543895	7.84716901168467e-14	3.13886760467387e-13
"Faecalibacterium_prausnitzii__ref_mOTU_v25_06108_"	"Water"	"Water"	-0.197702357750005	0.111980493217351	-1.76550711708575	0.0774785751622484	0.103304766882998
"Faecalibacterium_prausnitzii__ref_mOTU_v25_06108_"	"Water"	"BMI"	-0.0809940387189544	0.0268972873882422	-3.01123446204318	0.00260187861816095	0.00520375723632191
"Faecalibacterium_prausnitzii__ref_mOTU_v25_06108_"	"Water"	"SexMale"	0.297562562326179	0.198034488980274	1.50257949440221	0.132947514459521	0.132947514459521
"Faecalibacterium_prausnitzii__ref_mOTU_v25_06108_"	"Disease"	"(Intercept)"	7.62577614973023	1.05851891562061	7.20419449968847	5.83879726723732e-13	2.91939863361866e-12
"Faecalibacterium_prausnitzii__ref_mOTU_v25_06108_"	"Disease"	"Water"	-0.179051450754219	0.111592735809106	-1.60450812013884	0.108602096031408	0.177284608306355
"Faecalibacterium_prausnitzii__ref_mOTU_v25_06108_"	"Disease"	"BMI"	-0.0700646366237975	0.0279994862200784	-2.50235436725814	0.0123370370384614	0.0308425925961535
"Faecalibacterium_prausnitzii__ref_mOTU_v25_06108_"	"Disease"	"SexMale"	0.28856873568489	0.196436378616868	1.46901881269008	0.141827686645084	0.177284608306355
"Faecalibacterium_prausnitzii__ref_mOTU_v25_06108_"	"Disease"	"DiseaseSpA"	-0.282297839480443	0.214979701264904	-1.31313718374084	0.189136726200575	0.189136726200575
"Clostridia_species_incertae_sedis__ext_mOTU_v26_26753_"	"Disease"	"(Intercept)"	2.36100872219682	2.45009860757141	0.96363824496725	0.335227325461551	0.510170128854399
"Clostridia_species_incertae_sedis__ext_mOTU_v26_26753_"	"Disease"	"Water"	-0.189912361861713	0.236769115483382	-0.802099384769814	0.422495470852986	0.510170128854399
"Clostridia_species_incertae_sedis__ext_mOTU_v26_26753_"	"Disease"	"BMI"	-0.0686407872364032	0.0748881540819168	-0.916577368983085	0.359364147832359	0.510170128854399
"Clostridia_species_incertae_sedis__ext_mOTU_v26_26753_"	"Disease"	"SexMale"	-0.307703544857395	0.467227831146326	-0.658572808264559	0.510170128854399	0.510170128854399
"Clostridia_species_incertae_sedis__ext_mOTU_v26_26753_"	"Disease"	"DiseaseSpA"	-1.32891579179251	0.470531501637594	-2.82428655077817	0.00473859989292712	0.0236929994646356
"Clostridia_species_incertae_sedis__ext_mOTU_v26_26753_"	"Disease_activity"	"(Intercept)"	2.58592892601715	2.51350148098434	1.02881535800983	0.303566448418866	0.459737775260506
"Clostridia_species_incertae_sedis__ext_mOTU_v26_26753_"	"Disease_activity"	"Water"	-0.210150150904347	0.237624396541656	-0.884379524841874	0.376491372068803	0.459737775260506
"Clostridia_species_incertae_sedis__ext_mOTU_v26_26753_"	"Disease_activity"	"BMI"	-0.0709039197829356	0.0767632852445455	-0.923669688667653	0.35565831827526	0.459737775260506
"Clostridia_species_incertae_sedis__ext_mOTU_v26_26753_"	"Disease_activity"	"SexMale"	-0.343233067473268	0.464281012650975	-0.739278708628334	0.459737775260506	0.459737775260506
"Clostridia_species_incertae_sedis__ext_mOTU_v26_26753_"	"Disease_activity"	"Disease_activitySpAHigh"	-1.84092319335128	0.600032189382765	-3.06804072502341	0.00215467251743334	0.0129280351046
"Clostridia_species_incertae_sedis__ext_mOTU_v26_26753_"	"Disease_activity"	"Disease_activitySpALow"	-0.448298070695167	0.586777483337126	-0.764000125133641	0.444867168028563	0.459737775260506
"Clostridia_species_incertae_sedis__ext_mOTU_v26_26753_"	"inflam_back_pain...47"	"(Intercept)"	3.43291234530368	3.08813909913428	1.11164433825732	0.26629110086309	0.534535782415845
"Clostridia_species_incertae_sedis__ext_mOTU_v26_26753_"	"inflam_back_pain...47"	"Water"	-0.279860923463401	0.252541842988979	-1.10817645167662	0.267785618606266	0.534535782415845
"Clostridia_species_incertae_sedis__ext_mOTU_v26_26753_"	"inflam_back_pain...47"	"BMI"	-0.0605790359955067	0.0793929027095086	-0.763028355533994	0.445446485346537	0.534535782415845
"Clostridia_species_incertae_sedis__ext_mOTU_v26_26753_"	"inflam_back_pain...47"	"SexMale"	-0.445431124276302	0.489970687161825	-0.909097494906235	0.363298664822768	0.534535782415845
"Clostridia_species_incertae_sedis__ext_mOTU_v26_26753_"	"inflam_back_pain...47"	"inflam_back_pain...47Never"	-0.583971724699849	1.34488205450008	-0.434217798316094	0.664130289644007	0.664130289644007
"Clostridia_species_incertae_sedis__ext_mOTU_v26_26753_"	"inflam_back_pain...47"	"inflam_back_pain...47Now"	-2.12348020679054	1.40881557927364	-1.50728046880726	0.131738781712016	0.534535782415845
"Clostridiales_species_incertae_sedis__meta_mOTU_v25_14166_"	"Disease_activity"	"(Intercept)"	1.18100530621419	0.845615055467397	1.39662284697783	0.162527016169291	0.408661604953838
"Clostridiales_species_incertae_sedis__meta_mOTU_v25_14166_"	"Disease_activity"	"Water"	0.100385052970099	0.0931127801389017	1.07810176884793	0.28098834234232	0.408661604953838
"Clostridiales_species_incertae_sedis__meta_mOTU_v25_14166_"	"Disease_activity"	"BMI"	-0.0121227921715997	0.0266309326658945	-0.455214705533954	0.648954781985102	0.648954781985102
"Clostridiales_species_incertae_sedis__meta_mOTU_v25_14166_"	"Disease_activity"	"SexMale"	0.176226518075751	0.184902814634974	0.953076449504832	0.340551337461532	0.408661604953838
"Clostridiales_species_incertae_sedis__meta_mOTU_v25_14166_"	"Disease_activity"	"Disease_activitySpAHigh"	-0.622304439776546	0.200693363318779	-3.10077238970819	0.00193016594899128	0.0115809956939477
"Clostridiales_species_incertae_sedis__meta_mOTU_v25_14166_"	"Disease_activity"	"Disease_activitySpALow"	-0.316600550454336	0.278292018129545	-1.13765587882208	0.255264203676604	0.408661604953838
"Clostridiales_species_incertae_sedis__meta_mOTU_v25_14166_"	"Disease"	"(Intercept)"	1.12395222837265	0.857941060028815	1.31005762602725	0.190176341814586	0.475440854536466
"Clostridiales_species_incertae_sedis__meta_mOTU_v25_14166_"	"Disease"	"Water"	0.0762411445749569	0.0937860868509287	0.812925958795368	0.416260510250138	0.520325637812672
"Clostridiales_species_incertae_sedis__meta_mOTU_v25_14166_"	"Disease"	"BMI"	-0.00125456998967064	0.0265365547031953	-0.047277048724022	0.96229242008924	0.96229242008924
"Clostridiales_species_incertae_sedis__meta_mOTU_v25_14166_"	"Disease"	"SexMale"	0.15955703449579	0.182981736856307	0.871983386085619	0.383217441133354	0.520325637812672
"Clostridiales_species_incertae_sedis__meta_mOTU_v25_14166_"	"Disease"	"DiseaseSpA"	-0.516957953973139	0.192663415386474	-2.68321805121199	0.00729174305925594	0.0364587152962797
"Odoribacter_splanchnicus__ref_mOTU_v25_03697_"	"Smoking"	"(Intercept)"	2.73804120074679	0.805860660042059	3.39766083208961	0.000679646245995429	0.00407787747597257
"Odoribacter_splanchnicus__ref_mOTU_v25_03697_"	"Smoking"	"Water"	-0.140616242805215	0.0779302261275817	-1.80438643376973	0.0711707482864221	0.213512244859266
"Odoribacter_splanchnicus__ref_mOTU_v25_03697_"	"Smoking"	"BMI"	-0.0207232839542639	0.0238362444806844	-0.869402223620294	0.384627167282986	0.461552600739583
"Odoribacter_splanchnicus__ref_mOTU_v25_03697_"	"Smoking"	"SexMale"	0.0127614567697845	0.152577039551454	0.0836394309871307	0.933343115362933	0.933343115362933
"Odoribacter_splanchnicus__ref_mOTU_v25_03697_"	"Smoking"	"Smokinghistory"	-0.379163813383273	0.268089601830045	-1.41431749234214	0.157268703214027	0.307542641080671
"Odoribacter_splanchnicus__ref_mOTU_v25_03697_"	"Smoking"	"Smokingnever"	0.265156071772206	0.209220066993835	1.2673548746164	0.205028427387114	0.307542641080671
"Odoribacter_splanchnicus__ref_mOTU_v25_03697_"	"Disease_activity"	"(Intercept)"	3.21904666806558	0.733960057402053	4.38586083207282	1.15527970827956e-05	6.93167824967733e-05
"Odoribacter_splanchnicus__ref_mOTU_v25_03697_"	"Disease_activity"	"Water"	-0.129857428268222	0.0776499454936342	-1.67234410072919	0.0944564880825659	0.188912976165132
"Odoribacter_splanchnicus__ref_mOTU_v25_03697_"	"Disease_activity"	"BMI"	-0.0282562701614358	0.0235863150363045	-1.19799426565545	0.23091924939783	0.346378874096745
"Odoribacter_splanchnicus__ref_mOTU_v25_03697_"	"Disease_activity"	"SexMale"	-0.0261628910173662	0.158203723135028	-0.165374685872823	0.868649077072524	0.868649077072524
"Odoribacter_splanchnicus__ref_mOTU_v25_03697_"	"Disease_activity"	"Disease_activitySpAHigh"	-0.513783075455641	0.172849800297527	-2.97242504516213	0.00295457342190523	0.00886372026571569
"Odoribacter_splanchnicus__ref_mOTU_v25_03697_"	"Disease_activity"	"Disease_activitySpALow"	-0.114499311742278	0.229119176342845	-0.499736921063936	0.617260331576865	0.740712397892238
"Odoribacter_splanchnicus__ref_mOTU_v25_03697_"	"Disease"	"(Intercept)"	3.14025633138562	0.741985024672921	4.23223680662543	2.31378601178296e-05	0.000115689300589148
"Odoribacter_splanchnicus__ref_mOTU_v25_03697_"	"Disease"	"Water"	-0.133660111907347	0.0782596840303066	-1.70790507990788	0.087653956460133	0.146089927433555
"Odoribacter_splanchnicus__ref_mOTU_v25_03697_"	"Disease"	"BMI"	-0.0241005041934405	0.0236484355162318	-1.01911621920606	0.30814779499792	0.3851847437474
"Odoribacter_splanchnicus__ref_mOTU_v25_03697_"	"Disease"	"SexMale"	-0.00703820726445289	0.157914376714466	-0.0445697688259193	0.964450239686295	0.964450239686295
"Odoribacter_splanchnicus__ref_mOTU_v25_03697_"	"Disease"	"DiseaseSpA"	-0.398427235146329	0.163656876181442	-2.43452792478211	0.0149112292433903	0.0372780731084757
"Odoribacter_splanchnicus__ref_mOTU_v25_03697_"	"inflam_back_pain...47"	"(Intercept)"	2.43977792334148	1.05271718032155	2.31760055687157	0.0204710399183233	0.12282623950994
"Odoribacter_splanchnicus__ref_mOTU_v25_03697_"	"inflam_back_pain...47"	"Water"	-0.141297348062892	0.0792420045393119	-1.78311173328274	0.0745681168325165	0.22370435049755
"Odoribacter_splanchnicus__ref_mOTU_v25_03697_"	"inflam_back_pain...47"	"BMI"	-0.0218088289038123	0.0239284309052324	-0.911419097649374	0.362074594897918	0.543111892346877
"Odoribacter_splanchnicus__ref_mOTU_v25_03697_"	"inflam_back_pain...47"	"SexMale"	-0.00257671984180212	0.158946218411232	-0.0162112686137366	0.98706584559179	0.98706584559179
"Odoribacter_splanchnicus__ref_mOTU_v25_03697_"	"inflam_back_pain...47"	"inflam_back_pain...47Never"	0.656393463242108	0.696825501705432	0.941976810027232	0.346204512799317	0.543111892346877
"Odoribacter_splanchnicus__ref_mOTU_v25_03697_"	"inflam_back_pain...47"	"inflam_back_pain...47Now"	0.291397406090357	0.69840239287141	0.417234260742301	0.676507067682692	0.81180848121923
"Odoribacter_splanchnicus__ref_mOTU_v25_03697_"	"Water"	"(Intercept)"	3.07808829648828	0.760890572113291	4.04537578634891	5.22392587968582e-05	0.000208957035187433
"Odoribacter_splanchnicus__ref_mOTU_v25_03697_"	"Water"	"Water"	-0.138246933418858	0.0804998094803229	-1.71735727464859	0.0859139131024026	0.171827826204805
"Odoribacter_splanchnicus__ref_mOTU_v25_03697_"	"Water"	"BMI"	-0.0321487950988657	0.0239927458285537	-1.33993813499268	0.18026545870195	0.240353944935933
"Odoribacter_splanchnicus__ref_mOTU_v25_03697_"	"Water"	"SexMale"	0.0672689828330337	0.158667219517149	0.42396270028393	0.67159301593572	0.67159301593572
"Oscillibacter_species_incertae_sedis__ext_mOTU_v26_26398_"	"Smoking"	"(Intercept)"	1.56205260915675	1.94734377834451	0.802145274259019	0.422468928421807	0.63370339263271
"Oscillibacter_species_incertae_sedis__ext_mOTU_v26_26398_"	"Smoking"	"Water"	-0.0342910626282985	0.158913839434162	-0.215783991818443	0.829156127046816	0.829156127046816
"Oscillibacter_species_incertae_sedis__ext_mOTU_v26_26398_"	"Smoking"	"BMI"	-0.112269247036379	0.0610042750480018	-1.84035048278237	0.0657167982595509	0.131433596519102
"Oscillibacter_species_incertae_sedis__ext_mOTU_v26_26398_"	"Smoking"	"SexMale"	0.175555387101547	0.316738239271418	0.554260159762748	0.579400811744608	0.69528097409353
"Oscillibacter_species_incertae_sedis__ext_mOTU_v26_26398_"	"Smoking"	"Smokinghistory"	2.62893746982721	0.851936861222085	3.08583603960516	0.0020298071693295	0.0102712617941022
"Oscillibacter_species_incertae_sedis__ext_mOTU_v26_26398_"	"Smoking"	"Smokingnever"	2.37348656217214	0.810925785585946	2.92688505453942	0.0034237539313674	0.0102712617941022
"Faecalibacterium_species_incertae_sedis__ext_mOTU_v26_18129_"	"Water"	"(Intercept)"	4.60128894002767	1.16387922237546	3.9534075800722	7.70460311643604e-05	0.000308184124657442
"Faecalibacterium_species_incertae_sedis__ext_mOTU_v26_18129_"	"Water"	"Water"	-0.338471910359032	0.133240395891046	-2.5403100020493	0.0110754251897089	0.0221508503794178
"Faecalibacterium_species_incertae_sedis__ext_mOTU_v26_18129_"	"Water"	"BMI"	-0.0214353519894076	0.0386761229822174	-0.554227009756464	0.579423495716202	0.579423495716202
"Faecalibacterium_species_incertae_sedis__ext_mOTU_v26_18129_"	"Water"	"SexMale"	-0.235648625173015	0.23786449953133	-0.990684299831709	0.321839759765536	0.429119679687382
"Faecalibacterium_species_incertae_sedis__ext_mOTU_v26_18130_"	"Water"	"(Intercept)"	5.22240458273955	1.14391919846493	4.56536142565636	4.98634494479297e-06	1.99453797791719e-05
"Faecalibacterium_species_incertae_sedis__ext_mOTU_v26_18130_"	"Water"	"Water"	-0.33258012906065	0.115279888628893	-2.88497961800854	0.00391439003434395	0.00782878006868789
"Faecalibacterium_species_incertae_sedis__ext_mOTU_v26_18130_"	"Water"	"BMI"	-0.0201947445286712	0.0359750678468152	-0.561353896945019	0.574556306272623	0.574556306272623
"Faecalibacterium_species_incertae_sedis__ext_mOTU_v26_18130_"	"Water"	"SexMale"	0.125525345256209	0.221399967478352	0.566961895640219	0.570740070239907	0.574556306272623
"Lachnospiraceae_species_incertae_sedis__meta_mOTU_v25_12240_"	"BMI"	"(Intercept)"	5.84542015800751	0.702562669758792	8.32014055061365	8.78590650049226e-17	3.5143626001969e-16
"Lachnospiraceae_species_incertae_sedis__meta_mOTU_v25_12240_"	"BMI"	"Water"	-0.120912791282368	0.0812948589139452	-1.48733625837718	0.136926022727696	0.136926022727696
"Lachnospiraceae_species_incertae_sedis__meta_mOTU_v25_12240_"	"BMI"	"BMI"	-0.0447816499901506	0.0218922424056012	-2.04554879123269	0.0408007841249544	0.0544010454999392
"Lachnospiraceae_species_incertae_sedis__meta_mOTU_v25_12240_"	"BMI"	"SexMale"	0.355144338656044	0.15074217696003	2.35597193710565	0.0184743132931881	0.0369486265863762
"Lachnospiraceae_species_incertae_sedis__meta_mOTU_v25_12240_"	"Water"	"(Intercept)"	5.84542015800751	0.702562669758792	8.32014055061365	8.78590650049226e-17	3.5143626001969e-16
"Lachnospiraceae_species_incertae_sedis__meta_mOTU_v25_12240_"	"Water"	"Water"	-0.120912791282368	0.0812948589139452	-1.48733625837718	0.136926022727696	0.136926022727696
"Lachnospiraceae_species_incertae_sedis__meta_mOTU_v25_12240_"	"Water"	"BMI"	-0.0447816499901506	0.0218922424056012	-2.04554879123269	0.0408007841249544	0.0544010454999392
"Lachnospiraceae_species_incertae_sedis__meta_mOTU_v25_12240_"	"Water"	"SexMale"	0.355144338656044	0.15074217696003	2.35597193710565	0.0184743132931881	0.0369486265863762
"Lachnospiraceae_species_incertae_sedis__meta_mOTU_v25_12240_"	"Sex"	"(Intercept)"	5.84542015800751	0.702562669758792	8.32014055061365	8.78590650049226e-17	3.5143626001969e-16
"Lachnospiraceae_species_incertae_sedis__meta_mOTU_v25_12240_"	"Sex"	"Water"	-0.120912791282368	0.0812948589139452	-1.48733625837718	0.136926022727696	0.136926022727696
"Lachnospiraceae_species_incertae_sedis__meta_mOTU_v25_12240_"	"Sex"	"BMI"	-0.0447816499901506	0.0218922424056012	-2.04554879123269	0.0408007841249544	0.0544010454999392
"Lachnospiraceae_species_incertae_sedis__meta_mOTU_v25_12240_"	"Sex"	"SexMale"	0.355144338656044	0.15074217696003	2.35597193710565	0.0184743132931881	0.0369486265863762
"Lachnospiraceae_species_incertae_sedis__meta_mOTU_v25_12240_"	"Disease"	"(Intercept)"	5.76107552868127	0.696009340259409	8.27729628819933	1.26003433553042e-16	6.30017167765212e-16
"Lachnospiraceae_species_incertae_sedis__meta_mOTU_v25_12240_"	"Disease"	"Water"	-0.108841594792469	0.0808340217108624	-1.34648248953625	0.178146963794461	0.178146963794461
"Lachnospiraceae_species_incertae_sedis__meta_mOTU_v25_12240_"	"Disease"	"BMI"	-0.0375311403218456	0.0221250256007936	-1.69632076360171	0.0898251503521405	0.144939066702712
"Lachnospiraceae_species_incertae_sedis__meta_mOTU_v25_12240_"	"Disease"	"SexMale"	0.32323645841239	0.150527166226327	2.14736294129383	0.0317643985448308	0.0794109963620771
"Lachnospiraceae_species_incertae_sedis__meta_mOTU_v25_12240_"	"Disease"	"DiseaseSpA"	-0.256342069155174	0.163067788077243	-1.57199697241093	0.11595125336217	0.144939066702712
"Lachnospiraceae_species_incertae_sedis__meta_mOTU_v25_12240_"	"Disease_activity"	"(Intercept)"	5.80213428250478	0.686917954628725	8.44661905167525	2.99860193121005e-17	1.79916115872603e-16
"Lachnospiraceae_species_incertae_sedis__meta_mOTU_v25_12240_"	"Disease_activity"	"Water"	-0.102039502647561	0.0813063741288509	-1.25500003832237	0.20947874605415	0.25137449526498
"Lachnospiraceae_species_incertae_sedis__meta_mOTU_v25_12240_"	"Disease_activity"	"BMI"	-0.0429639459725377	0.021790090837613	-1.97171945232901	0.0486416417707227	0.0729624626560841
"Lachnospiraceae_species_incertae_sedis__meta_mOTU_v25_12240_"	"Disease_activity"	"SexMale"	0.372808579738389	0.153154780984058	2.43419485400977	0.0149249581829289	0.0447748745487866
"Lachnospiraceae_species_incertae_sedis__meta_mOTU_v25_12240_"	"Disease_activity"	"Disease_activitySpAHigh"	-0.363874064968791	0.169930904316656	-2.1413059998241	0.0322493696103326	0.0644987392206653
"Lachnospiraceae_species_incertae_sedis__meta_mOTU_v25_12240_"	"Disease_activity"	"Disease_activitySpALow"	0.0102085063238078	0.233260978617949	0.0437643123350177	0.96509227444453	0.96509227444453
"Oscillibacter_species_incertae_sedis__ext_mOTU_v26_18125_"	"Water"	"(Intercept)"	4.35432821821587	0.992710879214367	4.38630049230637	1.15294816727394e-05	4.61179266909576e-05
"Oscillibacter_species_incertae_sedis__ext_mOTU_v26_18125_"	"Water"	"Water"	-0.20496268279948	0.103044185153295	-1.98907568141342	0.0466928500941116	0.082290050034535
"Oscillibacter_species_incertae_sedis__ext_mOTU_v26_18125_"	"Water"	"BMI"	-0.0629422241911377	0.0336892170384246	-1.86831959078622	0.0617175375259012	0.082290050034535
"Oscillibacter_species_incertae_sedis__ext_mOTU_v26_18125_"	"Water"	"SexMale"	0.250629942450001	0.209359604405025	1.19712655725665	0.231257230135114	0.231257230135114
"Oscillibacter_species_incertae_sedis__ext_mOTU_v26_18125_"	"BMI"	"(Intercept)"	4.35432821821587	0.992710879214367	4.38630049230637	1.15294816727394e-05	4.61179266909576e-05
"Oscillibacter_species_incertae_sedis__ext_mOTU_v26_18125_"	"BMI"	"Water"	-0.20496268279948	0.103044185153295	-1.98907568141342	0.0466928500941116	0.082290050034535
"Oscillibacter_species_incertae_sedis__ext_mOTU_v26_18125_"	"BMI"	"BMI"	-0.0629422241911377	0.0336892170384246	-1.86831959078622	0.0617175375259012	0.082290050034535
"Oscillibacter_species_incertae_sedis__ext_mOTU_v26_18125_"	"BMI"	"SexMale"	0.250629942450001	0.209359604405025	1.19712655725665	0.231257230135114	0.231257230135114
"Oscillibacter_species_incertae_sedis__ext_mOTU_v26_18125_"	"Age_at_visit"	"(Intercept)"	4.69494134052829	0.985025382336113	4.76631508661599	1.87625765622868e-06	9.3812882811434e-06
"Oscillibacter_species_incertae_sedis__ext_mOTU_v26_18125_"	"Age_at_visit"	"Water"	-0.196334000320732	0.0994302702435238	-1.97458982903166	0.0483147142235653	0.0805245237059422
"Oscillibacter_species_incertae_sedis__ext_mOTU_v26_18125_"	"Age_at_visit"	"BMI"	-0.0405306818941829	0.0343545827200001	-1.17977511834505	0.238089668112582	0.238089668112582
"Oscillibacter_species_incertae_sedis__ext_mOTU_v26_18125_"	"Age_at_visit"	"SexMale"	0.283548393031244	0.204757282909097	1.38480247931951	0.166112872626738	0.207641090783423
"Oscillibacter_species_incertae_sedis__ext_mOTU_v26_18125_"	"Age_at_visit"	"Age_at_visit"	-0.0309314488288511	0.0138000457519509	-2.24140190437255	0.0250000532770159	0.0625001331925398
"Oscillibacter_species_incertae_sedis__ext_mOTU_v26_18125_"	"Disease"	"(Intercept)"	4.47534624074592	0.978458753302388	4.57387317108791	4.78789733802069e-06	2.39394866901034e-05
"Oscillibacter_species_incertae_sedis__ext_mOTU_v26_18125_"	"Disease"	"Water"	-0.20143516450552	0.102279498639914	-1.96945787947881	0.0489005348663603	0.0815008914439339
"Oscillibacter_species_incertae_sedis__ext_mOTU_v26_18125_"	"Disease"	"BMI"	-0.0598305930597833	0.0327990868520139	-1.82415423117518	0.0681287587387929	0.0851609484234911
"Oscillibacter_species_incertae_sedis__ext_mOTU_v26_18125_"	"Disease"	"SexMale"	0.234562921996958	0.20499964844091	1.14421133782856	0.252536002241896	0.252536002241896
"Oscillibacter_species_incertae_sedis__ext_mOTU_v26_18125_"	"Disease"	"DiseaseSpA"	-0.398760114770146	0.193979318162106	-2.05568366023902	0.039813017909756	0.0815008914439339
