Feature	beta	se	W	p.value	q.value	diffabn
Prevotella_species_incertae_sedis__meta_mOTU_v25_12281_	0.459722319807741	0.199450843542908	2.30494046373306	0	0	TRUE
Bacteroides_coprocola__ref_mOTU_v25_11279_	0.329805056541492	0.158430128361306	2.08170668011679	0	0	TRUE
Clostridiales_species_incertae_sedis__meta_mOTU_v25_12487_	0.236190332228217	0.148051115168451	1.59532963976314	0	0	TRUE
Clostridium_species_incertae_sedis__meta_mOTU_v25_12249_	0.224024552549076	0.139587392540987	1.60490534618516	0	0	TRUE
Clostridiales_species_incertae_sedis__meta_mOTU_v25_12425_	0.10130565379623	0.118545440651848	0.854572333100105	0	0	TRUE
Clostridium_species_incertae_sedis__meta_mOTU_v25_12762_	0.215933635381262	0.119361706833993	1.80906960120452	0	0	TRUE
3576_009_bin_11_clean__mags_db_all_4_	0.178159541454394	0.124084906981487	1.43578736357497	0	0	TRUE
Faecalibacterium_species_incertae_sedis__ext_mOTU_v26_26377_	0.212496520041977	0.117680673831481	1.80570448080771	0	0	TRUE
Clostridium_species_incertae_sedis__meta_mOTU_v25_12650_	0.132001110873296	0.109224701009075	1.20852801292931	0	0	TRUE
Bacteroides_sp___ref_mOTU_v25_02810_	0.111213976567285	0.105552961498688	1.05363198709177	0	0	TRUE
Butyricicoccus_sp__BB10__meta_mOTU_v25_13554_	0.121950570361097	0.106928487953509	1.14048718629706	0	0	TRUE
Clostridium_sp___ref_mOTU_v25_03619_	0.0897141428246798	0.1027994325939	0.872710486439041	0	0	TRUE
Eubacterium__eligens__Candidatus_Gastranaerophilales_bacterium_HUM_14__Eubacterium__eligens___mags_db_all_65_	0.0999885411199526	0.105636790722576	0.946531416147837	0	0	TRUE
Clostridiales_species_incertae_sedis__meta_mOTU_v25_12304_	0.10585960382305	0.103369139340847	1.02409292075066	0	0	TRUE
Alistipes_species_incertae_sedis__ext_mOTU_v26_26407_	0.121322577327081	0.0991071345712095	1.22415583753871	0	0	TRUE
Streptococcus_thermophilus__ref_mOTU_v25_01348_	0.107176716499327	0.100294540866207	1.06861964343902	0	0	TRUE
Clostridiales_species_incertae_sedis__ext_mOTU_v26_26282_	0.10230137143234	0.0885437155941991	1.15537698803146	0	0	TRUE
Erysipelotrichaceae_species_incertae_sedis__ext_mOTU_v26_16246_	0.0895635283900344	0.0920235511246192	0.97326746572458	0	0	TRUE
Clostridiales_species_incertae_sedis__ext_mOTU_v26_28979_	0.133318223549573	0.0850615108399319	1.56731549008635	0	0	TRUE
Clostridiales_species_incertae_sedis__ext_mOTU_v26_26523_	0.07988071247993	0.0895838314322307	0.891686716261506	0	0	TRUE
Roseburia_sp__CAG_303__meta_mOTU_v25_12911_	0.0598637889490784	0.0892529996711401	0.670720190577924	0	0	TRUE
Faecalibacterium_species_incertae_sedis__ext_mOTU_v26_26928_	0.0588680713129676	0.0871122963641348	0.675772236182311	0	0	TRUE
Bacteroides_species_incertae_sedis__ext_mOTU_v26_26291_	0.0484430585830494	0.0832452645843869	0.581931702961218	0	0	TRUE
Clostridiaceae_species_incertae_sedis__ext_mOTU_v26_16176_	0.0505932731883112	0.0878415843321142	0.575960390206836	0	0	TRUE
Clostridiales_species_incertae_sedis__meta_mOTU_v25_14513_	0.0447222104852136	0.084157026736886	0.531413860722956	0	0	TRUE
Clostridium_species_incertae_sedis__ext_mOTU_v26_26503_	0.0460393231614906	0.0813640043627329	0.565843870665957	0	0	TRUE
Ruminococcaceae_species_incertae_sedis__ext_mOTU_v26_17453_	0.0318934623337366	0.0837985370236447	0.380596887088107	0	0	TRUE
Oscillibacter_species_incertae_sedis__ext_mOTU_v26_17444_	0.0236186642090802	0.0805519775816143	0.293210234164022	0	0	TRUE
Clostridiales_species_incertae_sedis__meta_mOTU_v25_12563_	0.877195460731049	0.212185689641864	4.13409340757908	3.56358528364041e-05	0.0232702119021719	TRUE
Clostridiales_species_incertae_sedis__meta_mOTU_v25_12556_	0.704375768155194	0.186352581039486	3.77980151509651	0.000156953426083626	0.0512452936163037	TRUE
Clostridiales_species_incertae_sedis__meta_mOTU_v25_12288_	0.907659875201807	0.252322477694309	3.59722163279264	0.000321634413746883	0.0626426712586839	TRUE
Eggerthella_species_incertae_sedis__meta_mOTU_v25_12316_	0.715580990849188	0.201513473854535	3.55103297641398	0.000383722335428385	0.0626426712586839	TRUE
Clostridiales_species_incertae_sedis__meta_mOTU_v25_12356_	0.669799606593635	0.202376691200637	3.3096677419713	0.000934067782952081	0.117634943399622	FALSE
Clostridiales_species_incertae_sedis__meta_mOTU_v25_12411_	0.69756541327017	0.215539720141893	3.23636595988411	0.00121062068053986	0.117634943399622	FALSE
Oscillibacter_species_incertae_sedis__ext_mOTU_v26_26586_	-0.423380624157122	0.131292753200073	-3.2247067247645	0.00126101776998063	0.117634943399622	FALSE
Faecalibacterium_prausnitzii__ref_mOTU_v25_06109_	1.1736984808866	0.408855247086007	2.87069443097962	0.0040957123142873	0.243537703820534	FALSE
Faecalibacterium_prausnitzii__ref_mOTU_v25_06108_	1.3387182131118	0.464847492284399	2.8799084330496	0.00397790683749753	0.243537703820534	FALSE
Clostridiales_species_incertae_sedis__meta_mOTU_v25_13863_	0.455198745313863	0.157659798859996	2.88722140079657	0.00388660635365391	0.243537703820534	FALSE
uncultured_Eubacterium_sp___ref_mOTU_v25_08868_	0.36034679269216	0.126768861485511	2.84254972766593	0.0044754248787847	0.243537703820534	FALSE
Intestinimonas_massiliensis__ref_mOTU_v25_02970_	-0.609503501753947	0.213683567546492	-2.85236487181605	0.00433952581456709	0.243537703820534	FALSE
Christensenella_minuta__ref_mOTU_v25_06399_	-0.268624187543385	0.0974131643065065	-2.75757583131341	0.00582317051042418	0.292502334100538	FALSE
Lachnospiraceae_species_incertae_sedis__meta_mOTU_v25_12240_	0.976329653516226	0.360413958505511	2.70891187889799	0.00675042663382966	0.293868572792718	FALSE
Clostridiales_species_incertae_sedis__meta_mOTU_v25_13923_	-0.391326660558381	0.143883770567725	-2.7197414900535	0.00653329700930979	0.293868572792718	FALSE
Faecalibacterium_prausnitzii__ref_mOTU_v25_06110_	1.09892870408225	0.413298911522818	2.65891990867626	0.00783915958684696	0.319935700638191	FALSE
Roseburia_species_incertae_sedis__meta_mOTU_v25_12366_	1.14430198970247	0.441181967949182	2.59371885714575	0.00949440897010099	0.364697003380938	FALSE
Ruminococcus_lactaris__ref_mOTU_v25_01595_	0.616088522211107	0.241734415784332	2.54861733366407	0.0108150898830943	0.392347427425586	FALSE
Clostridiales_species_incertae_sedis__meta_mOTU_v25_12252_	0.910345185009006	0.372864164770352	2.44149283042443	0.0146266787616031	0.396279963675859	FALSE
Collinsella_aerofaciens__ref_mOTU_v25_03626_	0.790982032913096	0.318907787539771	2.48028447036419	0.0131277601959613	0.396279963675859	FALSE
Clostridiales_species_incertae_sedis__meta_mOTU_v25_13280_	0.725900375796405	0.293292620411967	2.47500388784684	0.0133234725450472	0.396279963675859	FALSE
Clostridiales_species_incertae_sedis__meta_mOTU_v25_12786_	0.521961840574557	0.210055848569004	2.48487173354324	0.0129598120920867	0.396279963675859	FALSE
Lachnospiraceae_species_incertae_sedis__ext_mOTU_v26_17479_	-0.278680161757291	0.114585444755858	-2.43207295962468	0.0150126829102094	0.396279963675859	FALSE
Lachnospiraceae_species_incertae_sedis__ext_mOTU_v26_18295_	-0.216543312802957	0.0877015899732551	-2.46909221222777	0.0135456307808516	0.396279963675859	FALSE
Clostridium_species_incertae_sedis__ext_mOTU_v26_18071_	-0.278159700116338	0.114551095259437	-2.4282587563773	0.0151715146889686	0.396279963675859	FALSE
Faecalibacterium_species_incertae_sedis__meta_mOTU_v25_12331_	0.836256264331854	0.360237253115972	2.32140417765909	0.0202650402821312	0.435603991604422	FALSE
Coprococcus_catus__ref_mOTU_v25_11851_	0.656124096067873	0.276138526567219	2.37606865012425	0.0174982069331414	0.435603991604422	FALSE
Bacteroides_caecimuris__ref_mOTU_v25_03476_	0.486549757657926	0.208506134414671	2.33350332364941	0.0196217440906975	0.435603991604422	FALSE
Oscillibacter_species_incertae_sedis__ext_mOTU_v26_16208_	-0.50685524729897	0.220348035722248	-2.30024853926027	0.0214341433052835	0.435603991604422	FALSE
Clostridium_sp__AT4__meta_mOTU_v25_12609_	-0.810406314348583	0.347305641444922	-2.33340958982695	0.0196266584344273	0.435603991604422	FALSE
Roseburia_faecis__ref_mOTU_v25_00859_	-0.554936008140914	0.242316189133708	-2.29013179071871	0.0220136779830719	0.435603991604422	FALSE
Clostridiales_species_incertae_sedis__meta_mOTU_v25_13690_	-0.429321991097342	0.184595414412579	-2.3257456988492	0.0200321210091472	0.435603991604422	FALSE
Adlercreutzia_equolifaciens__ref_mOTU_v25_08094_	0.388065294212525	0.171549971032533	2.26211226896057	0.0236904677698008	0.45499633687294	FALSE
Faecalibacterium_species_incertae_sedis__meta_mOTU_v25_12303_	0.470494846935216	0.213332946544402	2.20544859364838	0.0274226313190232	0.48397238517087	FALSE
Eubacterium__eligens__ref_mOTU_v25_02376_	0.59336770700593	0.268670692356187	2.20853157373518	0.0272072393382871	0.48397238517087	FALSE
Eubacterium_species_incertae_sedis__meta_mOTU_v25_12314_	0.392302964217523	0.176615393842296	2.22122746881181	0.0263355586018795	0.48397238517087	FALSE
Faecalibacterium_prausnitzii__ref_mOTU_v25_06112_	0.619049357425831	0.288568379669341	2.14524321110711	0.0319334063611532	0.548750377732449	FALSE
Faecalibacterium_species_incertae_sedis__ext_mOTU_v26_18130_	0.523120990570294	0.247302287713157	2.11530995288267	0.0344035387425121	0.56163776997151	FALSE
3576_016_bin_50_clean__mags_db_all_10_	-0.416474320164975	0.196512885888477	-2.11932321019054	0.0340631614390625	0.56163776997151	FALSE
Barnesiella_intestinihominis__ref_mOTU_v25_03595_	-0.647438746724236	0.315584243031853	-2.05155599818362	0.0402128322009438	0.57587932219894	FALSE
Eggerthellaceae_species_incertae_sedis__ext_mOTU_v26_15443_	0.387250512720797	0.186942419273009	2.07149620844085	0.038312448414462	0.57587932219894	FALSE
uncultured_Blautia_sp___ref_mOTU_v25_03662_	0.29765951193343	0.144308485930675	2.06266118041335	0.0391448305928693	0.57587932219894	FALSE
Clostridiales_species_incertae_sedis__ext_mOTU_v26_26505_	-0.307610038528787	0.150205680488075	-2.04792546812641	0.0405673029420387	0.57587932219894	FALSE
uncultured_Clostridium_sp___ref_mOTU_v25_11611_	-0.171594215213925	0.083210378925293	-2.06217322202058	0.0391912471609037	0.57587932219894	FALSE
Dorea_longicatena__ref_mOTU_v25_03692_	0.652083167444236	0.362876461569991	1.79698392291136	0.0723381721082517	0.575879630817404	FALSE
Clostridiales_species_incertae_sedis__meta_mOTU_v25_12265_	0.830284940788715	0.421836959361277	1.96826030143468	0.0490380951517089	0.575879630817404	FALSE
Clostridiales_species_incertae_sedis__meta_mOTU_v25_12284_	0.744836904728085	0.374738550716775	1.98761750906975	0.0468540083646175	0.575879630817404	FALSE
Roseburia_inulinivorans__ref_mOTU_v25_00860_	0.686996738055558	0.379699216414877	1.80931829289032	0.0704015686723075	0.575879630817404	FALSE
Ruminococcus_sp__CAG_254__meta_mOTU_v25_12276_	0.612617133960881	0.336287782568137	1.82170499707867	0.0684997593388333	0.575879630817404	FALSE
Anaerostipes_hadrus__ref_mOTU_v25_00856_	0.700408736906316	0.365558308437643	1.91599731353334	0.0553654376402576	0.575879630817404	FALSE
Clostridium_sp__CAG_217__meta_mOTU_v25_12270_	0.633992340321272	0.354008059902829	1.79089803914435	0.0733096584218065	0.575879630817404	FALSE
Clostridiales_species_incertae_sedis__meta_mOTU_v25_12309_	0.64758585561156	0.328819838680512	1.96942452806434	0.0489043614006343	0.575879630817404	FALSE
Ruminococcus__torques__ref_mOTU_v25_03659_	0.519149915133002	0.283941190677671	1.82837126904331	0.0674938503016196	0.575879630817404	FALSE
Eubacterium_species_incertae_sedis__ext_mOTU_v26_16236_	0.536935451202083	0.300922398688008	1.78429872134167	0.0743751379161828	0.575879630817404	FALSE
Roseburia_sp__40_7__meta_mOTU_v25_12352_	0.437819119304294	0.234370385662847	1.86806502052745	0.061753008483733	0.575879630817404	FALSE
Faecalibacterium_species_incertae_sedis__ext_mOTU_v26_26216_	0.575083888321022	0.284070330427893	2.0244419311752	0.0429247010763888	0.575879630817404	FALSE
bacterium_LF_3__ref_mOTU_v25_03628_	0.40744327215927	0.219645875933119	1.85500078445968	0.0635961145557353	0.575879630817404	FALSE
Methanobrevibacter_smithii__ref_mOTU_v25_03695_	-0.598736797722804	0.321449657676205	-1.86261451342377	0.0625165209278423	0.575879630817404	FALSE
Clostridium_sp___ref_mOTU_v25_02380_	0.314451710705396	0.165094039162416	1.90468239980515	0.0568213681922906	0.575879630817404	FALSE
Bacteroides_clarus__ref_mOTU_v25_01578_	-0.686727466547867	0.339848659553654	-2.0206861120176	0.0433122683894413	0.575879630817404	FALSE
Clostridiales_species_incertae_sedis__meta_mOTU_v25_12707_	0.365287549585689	0.194875635405315	1.87446495723254	0.0608663676596826	0.575879630817404	FALSE
Parasutterella_excrementihominis__ref_mOTU_v25_03674_	0.340760729654073	0.176829652202112	1.92705649426145	0.0539725897903047	0.575879630817404	FALSE
Eubacterium_species_incertae_sedis__meta_mOTU_v25_12260_	0.272647080571496	0.147334453570611	1.85053172536339	0.0642369498333074	0.575879630817404	FALSE
Clostridiales_species_incertae_sedis__meta_mOTU_v25_13202_	0.283311677395615	0.141252768707627	2.00570707383464	0.0448875100515775	0.575879630817404	FALSE
Clostridiales_species_incertae_sedis__meta_mOTU_v25_13012_	-0.623116883250554	0.348721675185469	-1.78686020282263	0.073960086124583	0.575879630817404	FALSE
Firmicutes_bacterium_CAG_272__ref_mOTU_v25_07736_	-0.435077721746343	0.235719288376966	-1.84574510105664	0.0649292252383274	0.575879630817404	FALSE
Lentisphaerae_bacterium_ADurb_Bin242__meta_mOTU_v25_12416_	-0.398015631063049	0.223516301144707	-1.78070068726383	0.0749613608261552	0.575879630817404	FALSE
Alistipes_species_incertae_sedis__ext_mOTU_v26_18141_	0.201361920879557	0.112165248930606	1.79522555158002	0.0726177710149818	0.575879630817404	FALSE
Clostridium_sp__CAG_299__ref_mOTU_v25_07619_	-0.504078897015419	0.259958746151203	-1.93907265856032	0.0524924914202185	0.575879630817404	FALSE
Clostridiales_species_incertae_sedis__meta_mOTU_v25_14223_	-0.37172071631094	0.197124659178618	-1.8857139327968	0.0593335143383998	0.575879630817404	FALSE
Lachnospiraceae_species_incertae_sedis__ext_mOTU_v26_16262_	-0.277485759327797	0.139957233873784	-1.98264678178792	0.0474068979408215	0.575879630817404	FALSE
Ruminococcaceae_species_incertae_sedis__meta_mOTU_v25_12898_	-0.239602126871356	0.122987963147223	-1.94817542091123	0.0513939767628501	0.575879630817404	FALSE
3576_135_bin_26_clean__mags_db_all_122_	-0.253696606242878	0.130825784163761	-1.93919423349539	0.0524776915233775	0.575879630817404	FALSE
Clostridiales_species_incertae_sedis__ext_mOTU_v26_17897_	-0.290631204044776	0.162480107132117	-1.78871868793424	0.0736601317460144	0.575879630817404	FALSE
Desulfovibrionaceae_bacterium__mags_db_all_62_	-0.297446284630668	0.154814794046613	-1.92130401013943	0.0546933918859912	0.575879630817404	FALSE
Clostridiales_species_incertae_sedis__meta_mOTU_v25_13847_	-0.21990289731029	0.122925752126519	-1.78890829225075	0.0736295861305479	0.575879630817404	FALSE
Bacteria_species_incertae_sedis__ext_mOTU_v26_16372_	-0.221153661057758	0.111985429522504	-1.9748431738016	0.0482859478444693	0.575879630817404	FALSE
Clostridiales_Family_XIII__Incertae_Sedis_species_incertae_sedis__ext_mOTU_v26_16322_	-0.185847855725891	0.0975114929851952	-1.90590719141288	0.0566622478676077	0.575879630817404	FALSE
Massilimaliae_massiliensis__ref_mOTU_v25_10172_	-0.149173556261514	0.0746142736139671	-1.99926299669277	0.0455799056127012	0.575879630817404	FALSE
Clostridiales_species_incertae_sedis__ext_mOTU_v26_28740_	-0.171594215213925	0.0931435988970934	-1.84225451073138	0.0654379302849515	0.575879630817404	FALSE
Ruminococcaceae_species_incertae_sedis__ext_mOTU_v26_17698_	-0.171594215213925	0.0961268915256578	-1.78508024643784	0.0742483015642388	0.575879630817404	FALSE
Lachnospiraceae_species_incertae_sedis__ext_mOTU_v26_16226_	-0.190350424296479	0.107441127346972	-1.77167188205089	0.0764490397753925	0.580479336899201	FALSE
Oscillibacter_sp__57_20__meta_mOTU_v25_12610_	0.495649135742149	0.284922182347877	1.73959476113019	0.0819301998092914	0.59771824168645	FALSE
Oscillibacter_sp__57_20__ref_mOTU_v25_10413_	0.255163798590863	0.147975613112945	1.72436385444204	0.0846421785014907	0.59771824168645	FALSE
Christensenella_massiliensis__ref_mOTU_v25_10002_	-0.168567920460057	0.0976537871628203	-1.72617903880164	0.0843152078377561	0.59771824168645	FALSE
Sutterella_species_incertae_sedis__ext_mOTU_v26_26637_	-0.269303218923685	0.155063979739729	-1.73672325046541	0.0824360317652902	0.59771824168645	FALSE
Oscillibacter_species_incertae_sedis__meta_mOTU_v25_12663_	-0.311995847518304	0.180885786595804	-1.72482235000293	0.0845594926429452	0.59771824168645	FALSE
Eubacteriaceae_bacterium_CHKCI005__ref_mOTU_v25_09413_	-0.175474224452204	0.101911176722891	-1.72183493601826	0.0850994239800922	0.59771824168645	FALSE
Clostridiales_species_incertae_sedis__ext_mOTU_v26_18072_	-0.239020369983348	0.139054151665359	-1.71890135692289	0.0856323350495267	0.59771824168645	FALSE
Lachnospiraceae_species_incertae_sedis__ext_mOTU_v26_16332_	-0.20963700881081	0.122119440453457	-1.71665549753896	0.0860421358629806	0.59771824168645	FALSE
Clostridiales_species_incertae_sedis__meta_mOTU_v25_13774_	-0.377756436980229	0.223930783008805	-1.68693393514092	0.0916160559569817	0.610519192053884	FALSE
Firmicutes_bacterium_CAG_170__ref_mOTU_v25_07733_	0.214139287574802	0.127017964367137	1.68589764953127	0.0918155147547177	0.610519192053884	FALSE
Bifidobacterium_species_incertae_sedis__ext_mOTU_v26_26736_	-0.318554884588556	0.189385155703808	-1.68204780044516	0.0925595712302213	0.610519192053884	FALSE
Alistipes_species_incertae_sedis__ext_mOTU_v26_26506_	-0.217911806935466	0.128876347973903	-1.69085957478864	0.0908636257103452	0.610519192053884	FALSE
Clostridiales_species_incertae_sedis__ext_mOTU_v26_33163_	-0.176204563468725	0.104253466800102	-1.69015543441432	0.0909982218323856	0.610519192053884	FALSE
Clostridium_sp___ref_mOTU_v25_03680_	0.39432620887014	0.235196112928276	1.67658471885712	0.0936237170016325	0.611362872020661	FALSE
Clostridiales_species_incertae_sedis__meta_mOTU_v25_12361_	0.519422041881703	0.312552820441529	1.66186963582008	0.0965389160556451	0.624157546379567	FALSE
Alistipes_species_incertae_sedis__ext_mOTU_v26_17843_	0.230018046086733	0.139417633095675	1.64984902540185	0.0989738187253605	0.633626506153533	FALSE
Ruminococcaceae_bacterium_D16__ref_mOTU_v25_11463_	0.254762917280656	0.155762906127227	1.63558143344196	0.101927218757602	0.633890227130611	FALSE
Sutterellaceae_species_incertae_sedis__ext_mOTU_v26_17688_	0.261079438628653	0.159089893720306	1.64108123101555	0.100780554273201	0.633890227130611	FALSE
Streptococcus_gordonii_cristatus__ref_mOTU_v25_03970_	-0.18123750747109	0.110550141919377	-1.63941451656629	0.101126960402625	0.633890227130611	FALSE
Ruminococcus__gnavus__ref_mOTU_v25_01594_	-0.745939582281282	0.459572194175227	-1.62311730721652	0.104564330522336	0.642173713707752	FALSE
Butyricicoccus_species_incertae_sedis__meta_mOTU_v25_12336_	0.308705685440404	0.190555635747827	1.62002915436692	0.105226014344149	0.642173713707752	FALSE
Haemophilus_influenzae_parainfluenzae__ref_mOTU_v25_01068_	0.258417165619049	0.160573004453892	1.60934377791537	0.107541191526763	0.65009227390666	FALSE
Clostridiales_species_incertae_sedis__meta_mOTU_v25_13168_	0.366954119328538	0.231135947453487	1.58761163450087	0.112374185704959	0.659531619677157	FALSE
Atopobiaceae_species_incertae_sedis__meta_mOTU_v25_13944_	0.335719169390985	0.211900736038176	1.58432280919733	0.113120277800676	0.659531619677157	FALSE
Bacteroides_eggerthii__ref_mOTU_v25_01577_	0.478687109960719	0.305531714432956	1.56673460511007	0.117176738539331	0.659624226432614	FALSE
Clostridiales_species_incertae_sedis__meta_mOTU_v25_12776_	-0.333324798747758	0.212104058365016	-1.57151542180362	0.116062975091395	0.659624226432614	FALSE
Clostridia_species_incertae_sedis__ext_mOTU_v26_26753_	-0.153783904516315	0.0981419163403022	-1.56695436823423	0.117125358072088	0.659624226432614	FALSE
Clostridium_sp___ref_mOTU_v25_03621_	0.222164049741724	0.14305917936392	1.55295207710211	0.120434583980829	0.672169088371633	FALSE
Dorea_longicatena__ref_mOTU_v25_03693_	0.305032844511423	0.197024590838288	1.54819681753221	0.121574917403252	0.672783229358675	FALSE
Roseburia_hominis__ref_mOTU_v25_00861_	0.396603916487889	0.257399746507211	1.54080927378372	0.123363211726615	0.674517523046919	FALSE
Faecalicoccus_pleomorphus__ref_mOTU_v25_07086_	-0.274075050810468	0.178157507948318	-1.53838619526478	0.123954215567581	0.674517523046919	FALSE
Ruminococcaceae_species_incertae_sedis__ext_mOTU_v26_16365_	-0.193500094518238	0.127205034199383	-1.52116695487808	0.128217945743455	0.689820391659055	FALSE
Clostridiales_species_incertae_sedis__ext_mOTU_v26_26944_	-0.162058702640971	0.106720306718591	-1.51853670237569	0.128879154337526	0.689820391659055	FALSE
Ruminococcaceae_species_incertae_sedis__ext_mOTU_v26_18070_	-0.141898213753355	0.0949115977224628	-1.49505663331354	0.134899662492743	0.710399029094847	FALSE
Ruminococcaceae_species_incertae_sedis__ext_mOTU_v26_16202_	-0.263494324255817	0.175901945461681	-1.49796139868855	0.134143279867827	0.710399029094847	FALSE
Blautia_obeum__ref_mOTU_v25_05139_	0.446575513451866	0.30556835500954	1.46145864298652	0.143889617292689	0.71806645518705	FALSE
Dorea_formicigenerans__ref_mOTU_v25_03668_	0.417720807252572	0.284495084384784	1.46828831210172	0.142025924394801	0.71806645518705	FALSE
Ruminococcus_species_incertae_sedis__meta_mOTU_v25_12766_	0.327038892041349	0.231399414893063	1.41330907077913	0.15756486807754	0.71806645518705	FALSE
Clostridiales_species_incertae_sedis__meta_mOTU_v25_14166_	0.32709608886439	0.228382363924764	1.43223006909652	0.152077988951545	0.71806645518705	FALSE
Clostridium_species_incertae_sedis__ext_mOTU_v26_17427_	0.286710802526518	0.198898274064007	1.44149467297163	0.149444981207039	0.71806645518705	FALSE
Ruthenibacterium_lactatiformans__ref_mOTU_v25_04716_	-0.387726442644964	0.274857020145996	-1.41064777038991	0.158348498540483	0.71806645518705	FALSE
Sutterella_wadsworthensis__ref_mOTU_v25_04772_	-0.464011654795309	0.319944806058724	-1.45028656820934	0.14697862308541	0.71806645518705	FALSE
Bacteroides_species_incertae_sedis__ext_mOTU_v26_18052_	-0.353502207996139	0.248134155769404	-1.4246414682413	0.154260866548694	0.71806645518705	FALSE
Eggerthella_sp__CAG_298__mags_db_all_15_	-0.396160221593863	0.274817131321455	-1.44154121574929	0.149431842094198	0.71806645518705	FALSE
Clostridiales_Family_XIII__Incertae_Sedis_species_incertae_sedis__ext_mOTU_v26_17501_	0.276290131275225	0.19098673034327	1.44664569511523	0.147996181147782	0.71806645518705	FALSE
Faecalibacterium_prausnitzii__meta_mOTU_v25_13917_	-0.35587139544639	0.250058748994395	-1.42315114699053	0.154692344052915	0.71806645518705	FALSE
Clostridiales_species_incertae_sedis__ext_mOTU_v26_26501_	-0.2044041012237	0.143837042865233	-1.42108108698546	0.155293187599366	0.71806645518705	FALSE
Clostridiales_species_incertae_sedis__ext_mOTU_v26_26617_	0.140752727198177	0.096479106349543	1.45889335550259	0.144594462217789	0.71806645518705	FALSE
Ruminococcaceae_species_incertae_sedis__ext_mOTU_v26_16287_	-0.278642686310201	0.195235461295057	-1.42721350138893	0.153518363995476	0.71806645518705	FALSE
Eubacterium_species_incertae_sedis__meta_mOTU_v25_13196_	-0.165274684881533	0.113244379214158	-1.45945155095937	0.144440866226825	0.71806645518705	FALSE
Clostridiales_sp___ref_mOTU_v25_03444_	-0.31803752233441	0.224508997052737	-1.41659143512945	0.156602414081932	0.71806645518705	FALSE
Clostridiales_species_incertae_sedis__meta_mOTU_v25_12623_	-0.273234535798185	0.192073701645562	-1.42255047649569	0.154866509025652	0.71806645518705	FALSE
Dielma_fastidiosa__ref_mOTU_v25_01061_	-0.199155597852912	0.13816788964221	-1.44140290749632	0.149470889354195	0.71806645518705	FALSE
Parabacteroides_goldsteinii__ref_mOTU_v25_01679_	-0.180610212754111	0.126066470767403	-1.43265859395195	0.15195542793307	0.71806645518705	FALSE
Clostridiales_species_incertae_sedis__meta_mOTU_v25_13377_	0.277766948533755	0.198243585908997	1.40113964979056	0.161172316899678	0.725831192658549	FALSE
Butyricicoccus_species_incertae_sedis__meta_mOTU_v25_12617_	0.455356395572479	0.326968623915109	1.39266083124448	0.163722378392483	0.726546419515668	FALSE
Clostridium_sp__CAG_7__ref_mOTU_v25_07647_	-0.514070680213255	0.370932816855841	-1.38588622212157	0.165781648557174	0.726546419515668	FALSE
Lachnospiraceae_species_incertae_sedis__ext_mOTU_v26_17374_	-0.147912841813217	0.106066415166554	-1.39453041361823	0.163157491929493	0.726546419515668	FALSE
Clostridiales_species_incertae_sedis__ext_mOTU_v26_33789_	-0.164049793015795	0.118144087408813	-1.38855694443798	0.164967517540806	0.726546419515668	FALSE
Eubacterium_ventriosum__ref_mOTU_v25_11151_	0.345926959802584	0.251095100786156	1.37767307573711	0.168304247740988	0.729476845646178	FALSE
Clostridiales_species_incertae_sedis__meta_mOTU_v25_12690_	0.213663673521011	0.155228862616893	1.37644294958429	0.168684538579744	0.729476845646178	FALSE
Bilophila_wadsworthia__Bilophila_wadsworthia_Bilophila_sp__4_1_30___mags_db_all_17_	-0.38635626950808	0.281435458748668	-1.37280594004009	0.169812683641576	0.729524226433877	FALSE
Ruminococcus_callidus__ref_mOTU_v25_11153_	0.442333429424236	0.324836973162498	1.36170899857191	0.173289740276542	0.734793509094689	FALSE
Clostridiales_species_incertae_sedis__ext_mOTU_v26_16398_	-0.252804967220598	0.185617405118679	-1.36196800649681	0.173207982146446	0.734793509094689	FALSE
Blautia_massiliensis__ref_mOTU_v25_03342_	0.44576620828608	0.329270878011171	1.35379785475883	0.175800878279209	0.740632087202086	FALSE
Alistipes_shahii__ref_mOTU_v25_01014_	0.481687141469638	0.364894755384951	1.32007142980577	0.186811170550303	0.747594020329014	FALSE
Eubacterium__hallii__ref_mOTU_v25_03632_	0.335192815180683	0.256280702794889	1.30791281405588	0.190902882729627	0.747594020329014	FALSE
Oscillibacter_species_incertae_sedis__meta_mOTU_v25_12353_	0.433046568210634	0.327721824277027	1.32138458940279	0.186373161802863	0.747594020329014	FALSE
Bacteroides_cellulosilyticus_fragilis__ref_mOTU_v25_01597_	0.237068935855373	0.180606105266411	1.31262968937663	0.189307760274945	0.747594020329014	FALSE
Ruminococcus__torques__ref_mOTU_v25_03703_	0.260397395117079	0.198579661626883	1.31129942000983	0.189756624270347	0.747594020329014	FALSE
Clostridiales_species_incertae_sedis__meta_mOTU_v25_12952_	-0.195429926556012	0.148355482503375	-1.31730842202995	0.187735263314945	0.747594020329014	FALSE
Mogibacterium_sp__BX12__mags_db_all_26_	0.149915463274732	0.113410179423712	1.32188718893242	0.186205719030946	0.747594020329014	FALSE
Ruminococcaceae_species_incertae_sedis__meta_mOTU_v25_12789_	-0.292483681775432	0.220216258281581	-1.3281657042844	0.184123371474741	0.747594020329014	FALSE
Actinomyces_viscosus_oris__ref_mOTU_v25_02019_	-0.177255400541454	0.135275733325011	-1.31032666528285	0.190085350485172	0.747594020329014	FALSE
Collinsella_species_incertae_sedis__ext_mOTU_v26_17351_	-0.182488308128564	0.140296746687172	-1.30073086110449	0.193350594878174	0.747594020329014	FALSE
Clostridiales_species_incertae_sedis__ext_mOTU_v26_17908_	-0.154314279948091	0.116469359899794	-1.32493455858998	0.185192857444276	0.747594020329014	FALSE
Clostridia_species_incertae_sedis__ext_mOTU_v26_17493_	-0.147912841813217	0.113301203535641	-1.30548341233364	0.191728291830275	0.747594020329014	FALSE
Prevotella_bivia__ref_mOTU_v25_03862_	-0.102963744224185	0.0791816359156186	-1.30034878710904	0.193481453959576	0.747594020329014	FALSE
Clostridiales_species_incertae_sedis__ext_mOTU_v26_26619_	-0.111238542348841	0.0832631174972097	-1.33598819852702	0.181553130702576	0.747594020329014	FALSE
Ruminococcaceae_species_incertae_sedis__meta_mOTU_v25_12239_	0.578646832656835	0.478223447690587	1.20999259959169	0.226281732587634	0.755761634926042	FALSE
Coprococcus_eutactus__ref_mOTU_v25_02378_	0.600617572699818	0.470776496633107	1.27580195059717	0.202025537876113	0.755761634926042	FALSE
Ruminococcus__torques__ref_mOTU_v25_03660_	0.44839312963505	0.363292974849709	1.23424662924062	0.217111016777329	0.755761634926042	FALSE
Faecalibacterium_species_incertae_sedis__meta_mOTU_v25_12403_	0.534631509656885	0.439299663809957	1.21700869292759	0.223600908438218	0.755761634926042	FALSE
Eubacterium_sp__CAG_202__meta_mOTU_v25_12308_	0.499404256654076	0.388599708474763	1.28513801159094	0.198744060593245	0.755761634926042	FALSE
Coprococcus_comes__ref_mOTU_v25_03690_	0.325064460361331	0.262292567828334	1.23932013420251	0.215226965220346	0.755761634926042	FALSE
Streptococcus_sp___ref_mOTU_v25_01350_	0.301742124618301	0.244444394449553	1.23439985317631	0.217053943717453	0.755761634926042	FALSE
Blautia_obeum__ref_mOTU_v25_05140_	0.301319331965298	0.246210732843654	1.22382695703456	0.221017512802926	0.755761634926042	FALSE
Clostridiales_species_incertae_sedis__meta_mOTU_v25_13486_	0.383724015261019	0.312708113779465	1.22709964453189	0.219785141462373	0.755761634926042	FALSE
Clostridium_species_incertae_sedis__meta_mOTU_v25_12417_	0.383964878966611	0.305666512370069	1.25615618141953	0.209059350166747	0.755761634926042	FALSE
Clostridiales_species_incertae_sedis__meta_mOTU_v25_13662_	0.267562037669032	0.217429025334319	1.23057184871076	0.218483039490893	0.755761634926042	FALSE
Clostridiales_species_incertae_sedis__meta_mOTU_v25_12755_	0.260061200435145	0.209412818445064	1.24185903406562	0.214288577064667	0.755761634926042	FALSE
Clostridiales_species_incertae_sedis__meta_mOTU_v25_12445_	0.21486082497625	0.174362642081342	1.23226410434877	0.217850443984434	0.755761634926042	FALSE
Alistipes_species_incertae_sedis__ext_mOTU_v26_33183_	0.200838138188177	0.161322304913296	1.24494959513577	0.213150278830089	0.755761634926042	FALSE
Bacteroides_finegoldii__ref_mOTU_v25_03474_	0.206141340857323	0.164863599898423	1.25037510393036	0.211162554676375	0.755761634926042	FALSE
Clostridium__clostridioforme_bolteae__ref_mOTU_v25_03442_	-0.231076955603811	0.187788098324728	-1.23051970633531	0.218502552183539	0.755761634926042	FALSE
Clostridiales_species_incertae_sedis__meta_mOTU_v25_12434_	0.158190261399388	0.129365055833881	1.22282064796944	0.221397444932617	0.755761634926042	FALSE
Romboutsia_timonensis__ref_mOTU_v25_09389_	-0.185957848095428	0.146172513452704	-1.27218068365225	0.203308929139774	0.755761634926042	FALSE
Phocea_massiliensis__ref_mOTU_v25_05236_	0.150293256542878	0.11672919464297	1.28753785205636	0.197906885107908	0.755761634926042	FALSE
Streptococcus_sp___ref_mOTU_v25_00283_	-0.168034704031853	0.138872537486816	-1.20999232154022	0.226281839282606	0.755761634926042	FALSE
Clostridiales_species_incertae_sedis__ext_mOTU_v26_17847_	-0.198002663088827	0.158726174592959	-1.24744808848691	0.212233243330578	0.755761634926042	FALSE
Ruminococcaceae_species_incertae_sedis__ext_mOTU_v26_17317_	-0.136396189566269	0.110994040160115	-1.22886048088267	0.21912412062046	0.755761634926042	FALSE
Clostridiales_species_incertae_sedis__ext_mOTU_v26_26645_	-0.164060616504799	0.134756551494145	-1.21745929741996	0.223429513692666	0.755761634926042	FALSE
Lachnoclostridium_species_incertae_sedis__ext_mOTU_v26_16281_	-0.113750057454612	0.0934335386835816	-1.21744353320314	0.223435508282012	0.755761634926042	FALSE
Eisenbergiella_tayi__ref_mOTU_v25_03446_	-0.11260703648135	0.0917655842484748	-1.22711621577478	0.219778913927624	0.755761634926042	FALSE
Clostridiales_species_incertae_sedis__meta_mOTU_v25_12301_	0.426570239192004	0.359294715993237	1.18724328581563	0.235131671517099	0.765762116799864	FALSE
Clostridium_sp__CAG_349__ref_mOTU_v25_07622_	-0.547386998055292	0.461026025619442	-1.18732342131838	0.235100073108679	0.765762116799864	FALSE
Clostridiales_species_incertae_sedis__meta_mOTU_v25_12774_	-0.361058575112037	0.303356597522061	-1.19021171143568	0.233963191254032	0.765762116799864	FALSE
Roseburia_species_incertae_sedis__ext_mOTU_v26_17371_	-0.291777174366761	0.246680064623088	-1.18281619073101	0.236882002440387	0.765762116799864	FALSE
Ruminococcaceae_species_incertae_sedis__ext_mOTU_v26_17708_	-0.138018204515075	0.116243397489946	-1.18732080699045	0.235101103922702	0.765762116799864	FALSE
Ruminococcaceae_species_incertae_sedis__ext_mOTU_v26_16425_	-0.109977827900544	0.0928736289868809	-1.18416636778648	0.236347212578199	0.765762116799864	FALSE
Clostridiales_species_incertae_sedis__ext_mOTU_v26_16178_	-0.126860676993316	0.107619680184382	-1.1787869725683	0.238483013079533	0.767139938625297	FALSE
Clostridium_species_incertae_sedis__meta_mOTU_v25_12640_	0.338654281220485	0.290678205781895	1.16504875317205	0.243999258937463	0.778971139059069	FALSE
Faecalibacterium_species_incertae_sedis__meta_mOTU_v25_12325_	0.343818203339316	0.295588033133271	1.16316685656993	0.244761810849321	0.778971139059069	FALSE
Bacteroides_species_incertae_sedis__ext_mOTU_v26_17779_	-0.359920683875795	0.310871351918586	-1.15778016100388	0.246953761408291	0.778971139059069	FALSE
uncultured_Clostridium_sp___ref_mOTU_v25_11605_	-0.163278896032046	0.141377513597992	-1.15491418597395	0.24812556956246	0.778971139059069	FALSE
Ruminococcaceae_species_incertae_sedis__ext_mOTU_v26_26965_	-0.134635544545031	0.116925158955643	-1.15146770590328	0.249539873612324	0.77966285870262	FALSE
Ruminococcus_species_incertae_sedis__ext_mOTU_v26_16285_	-0.113750057454612	0.0996481923637022	-1.1415165168219	0.253655042658444	0.786333897723561	FALSE
Clostridium__glycyrrhizinilyticum__ref_mOTU_v25_03672_	-0.219942769068929	0.194075509157639	-1.13328451396863	0.25709479286888	0.786483411802943	FALSE
Clostridiales_species_incertae_sedis__ext_mOTU_v26_26595_	0.111306508573518	0.0983501389044421	1.13173717712452	0.25774494659392	0.786483411802943	FALSE
Bacteroidales_species_incertae_sedis__meta_mOTU_v25_13203_	-0.114280432886388	0.100843131902475	-1.13324954045366	0.25710947531487	0.786483411802943	FALSE
Firmicutes_bacterium_CAG_313__ref_mOTU_v25_07737_	-0.302520980893823	0.268790622947997	-1.12548934027491	0.260381731795763	0.790833817965737	FALSE
Senegalimassilia_anaerobia__mags_db_all_14_	0.224402840427982	0.201680979363457	1.11266238956316	0.265853454278724	0.803714377981513	FALSE
Holdemanella_biformis__meta_mOTU_v25_12329_	0.439488428940237	0.39738046998005	1.1059638360242	0.268742172554949	0.805476042415184	FALSE
Clostridiales_species_incertae_sedis__meta_mOTU_v25_12668_	-0.25999778056524	0.235166132953394	-1.10559193749538	0.268903181081945	0.805476042415184	FALSE
Eubacterium__rectale__ref_mOTU_v25_03657_	0.428554242619269	0.427250488473091	1.00305149831622	0.315836014487287	0.814682784676081	FALSE
Ruminococcaceae_species_incertae_sedis__meta_mOTU_v25_12259_	0.48088937104402	0.470202111440109	1.02272907616509	0.306435959809192	0.814682784676081	FALSE
Bacteroides_rodentium_uniformis__ref_mOTU_v25_00855_	0.418979784568107	0.40552506327862	1.03317851967202	0.301520363237497	0.814682784676081	FALSE
Oscillibacter_sp___ref_mOTU_v25_04664_	0.430071175026288	0.415984627814361	1.03386314365975	0.301200147240575	0.814682784676081	FALSE
Ruminococcus_bicirculans__ref_mOTU_v25_02792_	0.416467218261465	0.405651356949187	1.02666294867992	0.304579201664462	0.814682784676081	FALSE
Clostridiales_species_incertae_sedis__meta_mOTU_v25_12254_	-0.50776013903097	0.50540821147124	-1.0046535206717	0.315063716244682	0.814682784676081	FALSE
Akkermansia_muciniphila__ref_mOTU_v25_03591_	-0.554196703990803	0.536292124626883	-1.0333858703899	0.301423356129993	0.814682784676081	FALSE
Anaerostipes_hadrus__ref_mOTU_v25_00857_	0.295670360833514	0.31011895997092	0.953409494412207	0.340382632752466	0.814682784676081	FALSE
Prevotella_sp__CAG_279__meta_mOTU_v25_12279_	0.373282997790176	0.370531013821008	1.00742713529102	0.313729556796487	0.814682784676081	FALSE
Alistipes_finegoldii_onderdonkii__ref_mOTU_v25_03069_	-0.440032389317747	0.407647161037026	-1.07944426301985	0.280389728012001	0.814682784676081	FALSE
Clostridium_sp__CAG_138__meta_mOTU_v25_12233_	-0.438026329587157	0.445602435057095	-0.982998060885893	0.325608393026482	0.814682784676081	FALSE
Firmicutes_bacterium_CAG_102__ref_mOTU_v25_07726_	0.28843389833412	0.266199463322585	1.08352546896231	0.278575252364993	0.814682784676081	FALSE
Dialister_sp__CAG_486__ref_mOTU_v25_07666_	-0.381128078636382	0.400175648310366	-0.952401977095792	0.340893157163335	0.814682784676081	FALSE
Bacteroidales_species_incertae_sedis__meta_mOTU_v25_12895_	0.268406722026029	0.283051198270638	0.948262094157936	0.342996042982046	0.814682784676081	FALSE
Bacteroides_caccae__ref_mOTU_v25_03473_	-0.42101360046779	0.413297592785346	-1.01866937484548	0.308359956487739	0.814682784676081	FALSE
Bifidobacterium_pseudocatenulatum__ref_mOTU_v25_02700_	0.250716348093005	0.229217723106424	1.09379128583613	0.274046526857486	0.814682784676081	FALSE
Acetobacter_sp___ref_mOTU_v25_03587_	-0.28306994204034	0.29607164439575	-0.956085958917325	0.339028808023513	0.814682784676081	FALSE
Adlercreutzia_equolifaciens__mags_db_all_3_	0.203207018622845	0.202663748264003	1.00268064892461	0.316014969508158	0.814682784676081	FALSE
Alistipes_indistinctus__ref_mOTU_v25_11860_	-0.250895054134147	0.231707910511499	-1.08280746039396	0.278893893454654	0.814682784676081	FALSE
Firmicutes_species_incertae_sedis__ext_mOTU_v26_26597_	-0.232497776706619	0.239667014098844	-0.9700866745506	0.332003290553658	0.814682784676081	FALSE
Clostridiales_species_incertae_sedis__meta_mOTU_v25_13922_	-0.26975704928747	0.257509161977731	-1.04756291859937	0.29484002946475	0.814682784676081	FALSE
Clostridium_species_incertae_sedis__ext_mOTU_v26_17477_	0.187687821361971	0.184783683632609	1.01571641863757	0.309764447177003	0.814682784676081	FALSE
Rikenellaceae_sp___ref_mOTU_v25_03593_	0.145705795704192	0.135431939162821	1.07585992347801	0.281989907728162	0.814682784676081	FALSE
Blautia_sp___ref_mOTU_v25_03597_	0.172443817270017	0.177501567943953	0.971505881708415	0.331296425630839	0.814682784676081	FALSE
Ruminococcaceae_species_incertae_sedis__ext_mOTU_v26_17886_	0.182304200967114	0.185838849128266	0.98098003631785	0.326602586442057	0.814682784676081	FALSE
Collinsella_species_incertae_sedis__ext_mOTU_v26_26711_	-0.19739193126793	0.206946793341846	-0.95382937846187	0.340170015793338	0.814682784676081	FALSE
Eggerthella_lenta__ref_mOTU_v25_00719_	-0.246149682634056	0.233707367398882	-1.05323886608135	0.29223152964242	0.814682784676081	FALSE
Pseudoflavonifractor_species_incertae_sedis__meta_mOTU_v25_14283_	0.150363930904026	0.15244530891299	0.98634672313759	0.323962999285856	0.814682784676081	FALSE
Clostridium_sp__CAG_167__ref_mOTU_v25_07613_	0.162285581714942	0.159266172336597	1.01895825920877	0.308222783291761	0.814682784676081	FALSE
Clostridium_species_incertae_sedis__ext_mOTU_v26_18142_	0.13755069389489	0.145016876412116	0.948515078369166	0.342867300354982	0.814682784676081	FALSE
Faecalibacterium_species_incertae_sedis__ext_mOTU_v26_18129_	0.142318307008997	0.150205682793135	0.947489498150344	0.34338940512271	0.814682784676081	FALSE
Lachnospiraceae_species_incertae_sedis__ext_mOTU_v26_17428_	0.152053820076701	0.14673560887086	1.03624349431447	0.300088560168985	0.814682784676081	FALSE
Candidatus_Pseudobutyricicoccus_lothianensis__mags_db_all_58_	-0.132875822017184	0.140897876287952	-0.943064760931005	0.345647778988609	0.814682784676081	FALSE
Oscillibacter_species_incertae_sedis__ext_mOTU_v26_26398_	0.125289753694146	0.120132425546982	1.04293035892418	0.296980547822888	0.814682784676081	FALSE
Clostridiales_species_incertae_sedis__meta_mOTU_v25_12473_	-0.181985774100614	0.168463282583995	-1.08026966653625	0.280022113268391	0.814682784676081	FALSE
Clostridium_sp___ref_mOTU_v25_03675_	0.133210443865362	0.130745531358178	1.01885274763564	0.308272879487892	0.814682784676081	FALSE
Coriobacteriia_species_incertae_sedis__ext_mOTU_v26_26765_	0.109472672236674	0.112041309873113	0.977074191301868	0.32853242380103	0.814682784676081	FALSE
Clostridiales_species_incertae_sedis__ext_mOTU_v26_17522_	-0.136492148357194	0.145072074244836	-0.940857494922409	0.346777892285823	0.814682784676081	FALSE
3576_143_bin_2_clean__mags_db_all_128_	-0.1492299913995	0.137759993699846	-1.08326073043125	0.278692710386652	0.814682784676081	FALSE
Clostridiales_species_incertae_sedis__meta_mOTU_v25_13749_	-0.162007358094745	0.164557759791896	-0.984501480207461	0.324869004019159	0.814682784676081	FALSE
Ruminococcaceae_species_incertae_sedis__ext_mOTU_v26_16263_	-0.145457761845432	0.151461113441673	-0.96036374314287	0.336872179089995	0.814682784676081	FALSE
Clostridium_sp___ref_mOTU_v25_03604_	-0.10805308645453	0.113227686391092	-0.954299163910409	0.339932231144377	0.814682784676081	FALSE
Bifidobacterium_species_incertae_sedis__ext_mOTU_v26_26696_	-0.127895918282366	0.12910347706493	-0.990646582028486	0.321858183354574	0.814682784676081	FALSE
Blautia_species_incertae_sedis__ext_mOTU_v26_17669_	-0.125492182860807	0.130847770112765	-0.959070091547276	0.337523436228261	0.814682784676081	FALSE
Clostridiales_species_incertae_sedis__meta_mOTU_v25_13392_	-0.116327884579186	0.122864842620394	-0.946795536446462	0.343742976700688	0.814682784676081	FALSE
Oscillibacter_species_incertae_sedis__ext_mOTU_v26_17445_	-0.109196107427791	0.104639227772392	-1.04354848322573	0.296694338346871	0.814682784676081	FALSE
Ruminococcaceae_bacterium_D5__ref_mOTU_v25_08483_	-0.119621120157709	0.125110452452395	-0.956124111238636	0.3390095346057	0.814682784676081	FALSE
Clostridiales_species_incertae_sedis__meta_mOTU_v25_13660_	-0.118478099184447	0.110514121960107	-1.07206298238713	0.283691744130656	0.814682784676081	FALSE
Coprobacillus_cateniformis__ref_mOTU_v25_03929_	-0.101703029775888	0.108108411867511	-0.940750382130551	0.346832793476188	0.814682784676081	FALSE
Clostridiales_species_incertae_sedis__meta_mOTU_v25_12742_	-0.0958319670727901	0.101358591394994	-0.945474535052812	0.344416665475826	0.814682784676081	FALSE
Clostridiales_species_incertae_sedis__ext_mOTU_v26_26988_	-0.0925387314942665	0.0953641898711584	-0.970371914439695	0.33186114284091	0.814682784676081	FALSE
Lachnospiraceae_species_incertae_sedis__ext_mOTU_v26_17876_	-0.115848890603642	0.115557970374487	-1.00251752629621	0.316093706133122	0.814682784676081	FALSE
Clostridiales_bacterium__mags_db_all_109_	-0.097092681521087	0.0953272171394428	-1.01852004531992	0.308430879609665	0.814682784676081	FALSE
Eubacterium_species_incertae_sedis__ext_mOTU_v26_26692_	-0.0888178833964307	0.0868289694392988	-1.02290611036818	0.306352240161907	0.814682784676081	FALSE
Atopobium_parvulum__ref_mOTU_v25_02949_	-0.111238542348841	0.110811527152909	-1.00385352685684	0.315449219668243	0.814682784676081	FALSE
Firmicutes_sp___ref_mOTU_v25_02374_	0.299980081417233	0.320368961529664	0.936358129030102	0.349088828450753	0.815002662349498	FALSE
Bacteroides_faecis_thetaiotaomicron__ref_mOTU_v25_01657_	0.225776510813035	0.243680128661642	0.926528199295777	0.354171549288786	0.815002662349498	FALSE
Clostridium_species_incertae_sedis__meta_mOTU_v25_12399_	0.181310849808942	0.195228367460532	0.928711601532992	0.353038566717269	0.815002662349498	FALSE
Clostridiales_species_incertae_sedis__meta_mOTU_v25_13792_	0.126959412118798	0.137821795930861	0.92118529773395	0.356953692851388	0.815002662349498	FALSE
Bittarella_massiliensis__ref_mOTU_v25_04646_	-0.108469506391656	0.116654673592653	-0.929834211104321	0.352456930147862	0.815002662349498	FALSE
Clostridiales_species_incertae_sedis__ext_mOTU_v26_16181_	0.105339142182097	0.11409738144762	0.923238910881196	0.355882715342632	0.815002662349498	FALSE
Clostridiales_species_incertae_sedis__ext_mOTU_v26_16427_	-0.157003878975196	0.169557688180006	-0.925961427408215	0.354466026266649	0.815002662349498	FALSE
Erysipelotrichaceae_species_incertae_sedis__ext_mOTU_v26_16223_	-0.119369775116733	0.128824576859938	-0.926607158558846	0.354130536789634	0.815002662349498	FALSE
Bacteroides_salyersiae__ref_mOTU_v25_02140_	0.111634948395373	0.121729991033284	0.917070209631814	0.359105850438752	0.817059652740435	FALSE
Clostridiales_sp___ref_mOTU_v25_03658_	0.289314280374873	0.321684026864741	0.899374094494663	0.368453432951833	0.81836765890322	FALSE
Clostridiales_species_incertae_sedis__meta_mOTU_v25_12873_	0.256992458864551	0.281849285011517	0.911808092236423	0.361869749732825	0.81836765890322	FALSE
Clostridium_species_incertae_sedis__meta_mOTU_v25_12234_	-0.228863490362429	0.253652921887491	-0.902270270176277	0.366913314368539	0.81836765890322	FALSE
Clostridium_sp___ref_mOTU_v25_03622_	0.141019764629081	0.156797177508802	0.899376933115809	0.368451921472424	0.81836765890322	FALSE
Clostridiales_species_incertae_sedis__meta_mOTU_v25_14315_	0.111680980791236	0.123809418152737	0.902039460790141	0.367035906047276	0.81836765890322	FALSE
Eubacterium__eligens__ref_mOTU_v25_02375_	0.106815449700522	0.118489676418827	0.901474735427248	0.367335960882632	0.81836765890322	FALSE
Clostridium__asparagiforme_lavalense__ref_mOTU_v25_06317_	-0.0904912798014685	0.0994326169239283	-0.910076417587396	0.362782210376854	0.81836765890322	FALSE
Fusicatenibacter_saccharivorans__ref_mOTU_v25_02680_	0.308899994345245	0.345869722883967	0.893110827306716	0.371797825293426	0.818595013429647	FALSE
Lachnospiraceae_species_incertae_sedis__ext_mOTU_v26_16452_	-0.0976794551808431	0.109776147377238	-0.889805823164615	0.373570159268047	0.818595013429647	FALSE
Lachnospiraceae_species_incertae_sedis__ext_mOTU_v26_16224_	-0.0842639333696101	0.0942562255734046	-0.893987987074522	0.371328318616216	0.818595013429647	FALSE
Flavonifractor_species_incertae_sedis__ext_mOTU_v26_17315_	0.193372547794177	0.218302498892991	0.885800889933768	0.375724830205774	0.820562923492877	FALSE
Clostridiales_species_incertae_sedis__meta_mOTU_v25_13729_	-0.126917075221296	0.143828867555609	-0.88241726002762	0.377551205309729	0.82180312355751	FALSE
Faecalicatena_contorta__ref_mOTU_v25_03445_	-0.0897095593287156	0.102547977769091	-0.874805737571114	0.381679614817851	0.827755125878432	FALSE
Eubacterium_ramulus__ref_mOTU_v25_03570_	-0.299257003926996	0.348702876139018	-0.858200561006243	0.390781726310438	0.827819858736947	FALSE
Sutterella_wadsworthensis__ref_mOTU_v25_03066_	-0.283165255415675	0.327253969328971	-0.865276763476088	0.386886901349839	0.827819858736947	FALSE
Megamonas_funiformis_rupellensis__ref_mOTU_v25_02318_	-0.325144298574749	0.382888246021374	-0.849188508535721	0.39577640655565	0.827819858736947	FALSE
Ruminococcus_sp___ref_mOTU_v25_03681_	0.202358518272916	0.236933631704551	0.854072580650986	0.393064775271098	0.827819858736947	FALSE
Clostridiales_species_incertae_sedis__meta_mOTU_v25_12516_	-0.254962178354413	0.30133613809793	-0.846105548321439	0.397493865838173	0.827819858736947	FALSE
Clostridiales_species_incertae_sedis__meta_mOTU_v25_13659_	0.170228534325978	0.198148303620084	0.859096601969215	0.390287221897604	0.827819858736947	FALSE
Clostridiales_species_incertae_sedis__ext_mOTU_v26_17865_	0.113496209921713	0.130810085642007	0.867641125412323	0.385590825361441	0.827819858736947	FALSE
Acinetobacter_sp___ref_mOTU_v25_03673_	-0.18380372508352	0.213732909069168	-0.859969229277829	0.389806004673063	0.827819858736947	FALSE
Clostridiales_species_incertae_sedis__ext_mOTU_v26_17995_	-0.0953669729741553	0.11248151799995	-0.847845714299463	0.396523900313777	0.827819858736947	FALSE
Candidatus_Flemingibacterium_merdigallinarum__mags_db_all_110_	-0.0746720225686766	0.0882318622167614	-0.846315839795243	0.397376573795456	0.827819858736947	FALSE
Clostridia_bacterium_UC5_1_2E3__ref_mOTU_v25_09093_	-0.0805430852717742	0.0953076879858469	-0.845084871681441	0.398063454277797	0.827819858736947	FALSE
uncultured_Clostridium_sp___ref_mOTU_v25_06391_	0.109429028795945	0.130598894189394	0.837901648977604	0.402085942585368	0.833530541296018	FALSE
Oxalobacteraceae_species_incertae_sedis__ext_mOTU_v26_17454_	-0.114083347208076	0.136564511396595	-0.835380627378138	0.403503433839736	0.833821969295403	FALSE
Actinomyces_species_incertae_sedis__ext_mOTU_v26_19569_	-0.097679455180843	0.117280901683619	-0.83286753238261	0.404919442535694	0.834108504655547	FALSE
Clostridiales_species_incertae_sedis__meta_mOTU_v25_12635_	0.275987095939791	0.33320745130587	0.82827408228169	0.407515297268998	0.836816003511496	FALSE
Desulfovibrio_piger__ref_mOTU_v25_06282_	0.213350055980631	0.259751491589095	0.821362197673663	0.411439989226213	0.836904693444628	FALSE
Coriobacteriia_bacterium__mags_db_all_1_	0.100357961443368	0.122104473199271	0.821902415315997	0.411132438228541	0.836904693444628	FALSE
Faecalitalea_cylindroides__ref_mOTU_v25_03678_	-0.122204000964037	0.148789954752316	-0.821318893250988	0.411464648752102	0.836904693444628	FALSE
Massilioclostridium_coli__ref_mOTU_v25_10237_	-0.0725731894196469	0.0885927257611365	-0.819177746210434	0.412685009631195	0.836904693444628	FALSE
Ruminococcaceae_species_incertae_sedis__ext_mOTU_v26_17505_	-0.141254698755672	0.173414579687168	-0.814549151579346	0.415330426581056	0.839661822159225	FALSE
Ruminococcus_sp__CAG_177__meta_mOTU_v25_12400_	0.395025749213541	0.490090955344333	0.806025381423331	0.42022821436297	0.839714106982302	FALSE
Clostridiales_species_incertae_sedis__meta_mOTU_v25_12228_	-0.272973294510129	0.337895431046918	-0.807863230539585	0.419169320358841	0.839714106982302	FALSE
Clostridiales_species_incertae_sedis__meta_mOTU_v25_13115_	-0.135986629993035	0.169749196612202	-0.801103231750197	0.423071885447438	0.839714106982302	FALSE
Eubacterium_sp__CAG_156__ref_mOTU_v25_07673_	0.102191415972808	0.126933098510988	0.805080921931183	0.420772984256662	0.839714106982302	FALSE
Oscillibacter_species_incertae_sedis__ext_mOTU_v26_18067_	0.0891907518936364	0.111300196039826	0.801353052978647	0.422927285498842	0.839714106982302	FALSE
uncultured_Clostridium_sp___ref_mOTU_v25_11607_	0.103019852645569	0.128270335619087	0.803146356079535	0.421890146943	0.839714106982302	FALSE
Collinsella_species_incertae_sedis__ext_mOTU_v26_26704_	0.137435806304948	0.174023481705018	0.789754376584135	0.429671228175582	0.850228218177743	FALSE
Flavonifractor_species_incertae_sedis__ext_mOTU_v26_17316_	0.128384056188137	0.165045176155984	0.777872211586488	0.436644351785002	0.859412061452928	FALSE
Clostridiales_species_incertae_sedis__meta_mOTU_v25_12554_	0.131426158106827	0.169066625785728	0.777363110525399	0.436944570294597	0.859412061452928	FALSE
Bilophila_wadsworthia__ref_mOTU_v25_04300_	0.251150816210989	0.329237508279965	0.762825649857076	0.44556738185776	0.871124252554243	FALSE
Bacteroidales_sp___ref_mOTU_v25_03666_	-0.0777139131062235	0.101721070737485	-0.763990317274404	0.444873012804883	0.871124252554243	FALSE
Senegalimassilia_anaerobia__ref_mOTU_v25_06538_	0.189194963894048	0.249269027384628	0.758999085763333	0.447853103683276	0.872979333448296	FALSE
Clostridiales_species_incertae_sedis__meta_mOTU_v25_13176_	0.102352404782872	0.136261476927092	0.751147037967577	0.452564169837661	0.876927011584548	FALSE
Clostridium_species_incertae_sedis__meta_mOTU_v25_13125_	-0.129194838725977	0.171644657999842	-0.752687792509663	0.451637547349249	0.876927011584548	FALSE
Eubacterium_sp__CAG_180__ref_mOTU_v25_07675_	-0.386791605933419	0.520853617397784	-0.74261096210842	0.457717249792965	0.881679540161669	FALSE
Bacteroides_species_incertae_sedis__ext_mOTU_v26_18132_	-0.155476223702243	0.208860169081553	-0.744403417779169	0.456632451917742	0.881679540161669	FALSE
Parabacteroides_merdae__ref_mOTU_v25_05401_	0.235968894116213	0.323235348003034	0.730021934711171	0.46537677701121	0.885804736745007	FALSE
Ruminococcus_bromii__ref_mOTU_v25_00853_	0.252687993375307	0.350563032343251	0.720806160553431	0.471028784550426	0.885804736745007	FALSE
Clostridiales_species_incertae_sedis__meta_mOTU_v25_12437_	-0.299147633861299	0.455362448316693	-0.656944012329381	0.51121691700635	0.885804736745007	FALSE
Alistipes_obesi__ref_mOTU_v25_06695_	0.186920479105397	0.290252890793871	0.64399179141386	0.519580756923804	0.885804736745007	FALSE
Bifidobacterium_catenulatum_kashiwanohense__ref_mOTU_v25_02701_	0.210582124524531	0.307993737494636	0.683722098499482	0.494150666387294	0.885804736745007	FALSE
Phascolarctobacterium_succinatutens__ref_mOTU_v25_03700_	0.210037691359885	0.311589429891907	0.674084776986012	0.500257417145596	0.885804736745007	FALSE
uncultured_Eubacterium_sp___meta_mOTU_v25_13514_	0.176534004607906	0.242927605151046	0.726693882723381	0.46741350166004	0.885804736745007	FALSE
Clostridiales_species_incertae_sedis__meta_mOTU_v25_13390_	0.23034209621289	0.313412405250528	0.734948879986944	0.462370627826475	0.885804736745007	FALSE
Odoribacter_splanchnicus__ref_mOTU_v25_03697_	0.122189791091017	0.183015351485419	0.667647768885399	0.504358457847943	0.885804736745007	FALSE
Desulfovibrio_species_incertae_sedis__meta_mOTU_v25_12490_	0.173341608227376	0.25549233986269	0.678461077621881	0.497479394372267	0.885804736745007	FALSE
Azospirillum_sp__CAG_239__ref_mOTU_v25_07592_	0.169833084160018	0.263262298090496	0.645109783633501	0.518856044113557	0.885804736745007	FALSE
Clostridium_sp__CAG_226__meta_mOTU_v25_12471_	-0.22981622052458	0.347288512162975	-0.661744378163401	0.508135058422994	0.885804736745007	FALSE
Clostridium__leptum__ref_mOTU_v25_03688_	-0.155721269020777	0.22857331710736	-0.681274923037651	0.49569754776886	0.885804736745007	FALSE
Oscillibacter_species_incertae_sedis__ext_mOTU_v26_18125_	0.127478905898036	0.184992682778205	0.689102422774612	0.490758815488435	0.885804736745007	FALSE
Clostridiales_species_incertae_sedis__meta_mOTU_v25_13200_	0.13668512945836	0.212178242272683	0.64419955596907	0.519446038813934	0.885804736745007	FALSE
Collinsella_species_incertae_sedis__meta_mOTU_v25_12451_	-0.171295759583632	0.250342517664997	-0.684245573549979	0.49382010874037	0.885804736745007	FALSE
Roseburia_species_incertae_sedis__meta_mOTU_v25_12537_	0.150483531481525	0.205723108042563	0.7314857961916	0.464482477204995	0.885804736745007	FALSE
Sutterellaceae_species_incertae_sedis__meta_mOTU_v25_12389_	0.0965640485888473	0.141455685026841	0.682645229638697	0.494831046457277	0.885804736745007	FALSE
3576_012_bin_41_clean__mags_db_all_7_	-0.11514469609085	0.164485576635606	-0.700029135964524	0.483909108992649	0.885804736745007	FALSE
Alistipes_species_incertae_sedis__meta_mOTU_v25_12829_	0.0899791733385696	0.130749995489306	0.688177257688156	0.49134116360495	0.885804736745007	FALSE
Clostridiales_species_incertae_sedis__meta_mOTU_v25_14425_	0.103546490096959	0.158969495606793	0.651360751329791	0.514813640351847	0.885804736745007	FALSE
Clostridium_species_incertae_sedis__ext_mOTU_v26_17323_	-0.0958475997664745	0.149792811159577	-0.639867821589691	0.522258535446903	0.885804736745007	FALSE
Clostridium_sp___ref_mOTU_v25_03599_	0.0934513093455209	0.145449659024966	0.642499336003806	0.520549020300992	0.885804736745007	FALSE
Desulfovibrio_species_incertae_sedis__ext_mOTU_v26_16415_	-0.128972546316675	0.182134163714322	-0.708118365530638	0.478871755503216	0.885804736745007	FALSE
Oscillibacter_species_incertae_sedis__ext_mOTU_v26_28927_	0.119387636889088	0.162717709984503	0.733710159148983	0.46312540550481	0.885804736745007	FALSE
Firmicutes_bacterium_ADurb_Bin467__meta_mOTU_v25_12694_	0.0881517726242004	0.123322517520557	0.71480678789667	0.474728440244675	0.885804736745007	FALSE
Clostridium_sp__CAG_273__meta_mOTU_v25_12673_	-0.127630887768476	0.182350297022322	-0.699921469022077	0.48397634900761	0.885804736745007	FALSE
Clostridium_sp__CAG_594__meta_mOTU_v25_12571_	0.0812373488091461	0.117921582887479	0.688909924883414	0.490879953330958	0.885804736745007	FALSE
Clostridiales_species_incertae_sedis__ext_mOTU_v26_26520_	-0.129320810642855	0.18499474704336	-0.699051257993525	0.484519997991648	0.885804736745007	FALSE
Bacteroides_species_incertae_sedis__ext_mOTU_v26_26380_	-0.108891242065268	0.164637164658718	-0.661401344532336	0.508354963901588	0.885804736745007	FALSE
Collinsella_species_incertae_sedis__ext_mOTU_v26_17330_	-0.0979308371318256	0.152643547400762	-0.641565521762347	0.521155325410033	0.885804736745007	FALSE
Ruminococcaceae_species_incertae_sedis__meta_mOTU_v25_13151_	-0.109421580587038	0.167028221661544	-0.655108337372851	0.512398004517812	0.885804736745007	FALSE
Bacteroidales_species_incertae_sedis__meta_mOTU_v25_13286_	-0.0997772909255897	0.146412951696664	-0.681478583481511	0.495568713656948	0.885804736745007	FALSE
Eggerthella_sp__CAG_368__meta_mOTU_v25_13928_	-0.0815371071865648	0.12352204786834	-0.660101646577898	0.509188602115501	0.885804736745007	FALSE
Ruminococcaceae_species_incertae_sedis__ext_mOTU_v26_16264_	-0.0692301345899571	0.106153589598556	-0.652169510722778	0.514291826353896	0.885804736745007	FALSE
Collinsella_species_incertae_sedis__ext_mOTU_v26_17329_	-0.11396872649232	0.163013865747185	-0.699135168471322	0.484467561986483	0.885804736745007	FALSE
Clostridium__saccharolyticum__ref_mOTU_v25_03601_	0.0609669044619974	0.0932949534219738	0.653485555496701	0.513443298555459	0.885804736745007	FALSE
Clostridiales_species_incertae_sedis__ext_mOTU_v26_16417_	-0.0630376768466934	0.0929854005602403	-0.677930906001256	0.497815503034104	0.885804736745007	FALSE
Clostridium__citroniae__ref_mOTU_v25_04828_	-0.0763454189737146	0.113355653099692	-0.673503410602484	0.500627079696843	0.885804736745007	FALSE
Coprobacter_fastidiosus__ref_mOTU_v25_03667_	-0.080491740725548	0.125049718358233	-0.643677904935068	0.519784320501483	0.885804736745007	FALSE
Intestinimonas_butyriciproducens__ref_mOTU_v25_03928_	-0.0680706208490581	0.104748451117046	-0.649848471487143	0.515790105474448	0.885804736745007	FALSE
Holdemania_sp__Marseille_P2844__ref_mOTU_v25_05920_	-0.0760405167011856	0.110915228470508	-0.685573277445886	0.492982237461918	0.885804736745007	FALSE
Clostridium__symbiosum__ref_mOTU_v25_04652_	-0.0688009598655791	0.101770201989191	-0.676042284684534	0.499013798668512	0.885804736745007	FALSE
Ruminococcaceae_species_incertae_sedis__ext_mOTU_v26_17318_	-0.0663972244440203	0.10188184471947	-0.651708109789764	0.514589489928347	0.885804736745007	FALSE
Blautia_obeum_wexlerae__ref_mOTU_v25_02154_	0.177655167712116	0.280426208005701	0.633518418180456	0.526395157151155	0.886147449128352	FALSE
Clostridiales_species_incertae_sedis__meta_mOTU_v25_12256_	-0.101655386300042	0.16014256822835	-0.634780542267122	0.525571555327239	0.886147449128352	FALSE
Clostridiales_species_incertae_sedis__ext_mOTU_v26_17600_	-0.121516886670836	0.19192360155929	-0.633152388156366	0.526634134109964	0.886147449128352	FALSE
Collinsella_species_incertae_sedis__ext_mOTU_v26_17334_	-0.112039877972737	0.178079155629217	-0.629157733687924	0.529245796569766	0.886147449128352	FALSE
Veillonella_dispar__ref_mOTU_v25_01940_	-0.0508828694837574	0.0808232892893162	-0.629557024109924	0.528984448710266	0.886147449128352	FALSE
Eubacterium_sp__CAG_38__ref_mOTU_v25_07679_	-0.176981081516105	0.286450671655153	-0.617841391306513	0.536679895971459	0.892714552413272	FALSE
Clostridiales_species_incertae_sedis__meta_mOTU_v25_12447_	-0.129158711899734	0.210008141620857	-0.615017641234662	0.538543070150964	0.892714552413272	FALSE
Clostridiales_sp___ref_mOTU_v25_02968_	-0.0962480743269172	0.156532391564741	-0.614876405865873	0.538636345560229	0.892714552413272	FALSE
Eggerthellaceae_species_incertae_sedis__ext_mOTU_v26_17307_	0.0620021457510474	0.100803763955312	0.615077684783019	0.53850341832741	0.892714552413272	FALSE
Actinobacteria_sp___ref_mOTU_v25_02041_	-0.0688009598655791	0.11285187857948	-0.609657196066289	0.542088914696512	0.896162180498284	FALSE
Tyzzerella_nexilis__ref_mOTU_v25_03689_	-0.157248920479654	0.272342469365785	-0.577394046715686	0.563673294915384	0.903703913243314	FALSE
Ruminococcaceae_species_incertae_sedis__meta_mOTU_v25_12664_	-0.179911864325452	0.307015304446372	-0.586002918160317	0.557873553825438	0.903703913243314	FALSE
Clostridiales_sp___ref_mOTU_v25_05137_	-0.127766366026023	0.221170548959585	-0.577682546917084	0.563478464564013	0.903703913243314	FALSE
Clostridiales_species_incertae_sedis__meta_mOTU_v25_12340_	0.101133943046727	0.172071593330715	0.587743398483859	0.556704541020979	0.903703913243314	FALSE
Firmicutes_bacterium__ref_mOTU_v25_03677_	0.0983053160094523	0.169791184763629	0.578977737544537	0.562604194880792	0.903703913243314	FALSE
Collinsella_species_incertae_sedis__ext_mOTU_v26_17335_	-0.108169657800881	0.18412649925336	-0.587474688540287	0.556884945055653	0.903703913243314	FALSE
Parabacteroides_species_incertae_sedis__ext_mOTU_v26_26659_	0.0897683889938545	0.15418381276073	0.582216689200451	0.56042073327509	0.903703913243314	FALSE
Actinobacteria_sp___ref_mOTU_v25_01911_	-0.0658145368703503	0.113322765506453	-0.580770656065594	0.561395034441229	0.903703913243314	FALSE
Streptococcus_sanguinis_cristatus__ref_mOTU_v25_01591_	-0.0693877335253351	0.117980457565116	-0.588129042363128	0.556445680731136	0.903703913243314	FALSE
Clostridium_species_incertae_sedis__ext_mOTU_v26_23670_	-0.0671276003705469	0.115250617452648	-0.582448943478561	0.560264322504848	0.903703913243314	FALSE
Clostridium_species_incertae_sedis__ext_mOTU_v26_17741_	-0.0637680158632143	0.108259105472454	-0.589031431443332	0.555840188908731	0.903703913243314	FALSE
Clostridium_sp__CAG_433__meta_mOTU_v25_12886_	-0.103340223578414	0.181762550738349	-0.568545187986357	0.569664831224427	0.908003523449271	FALSE
Bifidobacterium_species_incertae_sedis__ext_mOTU_v26_26532_	-0.0851020889803486	0.15013102803966	-0.56685210307004	0.570814667944259	0.908003523449271	FALSE
Lachnospiraceae_species_incertae_sedis__ext_mOTU_v26_16311_	0.0446708290289817	0.0795990085602527	0.561198309337836	0.574662355370873	0.91081193703199	FALSE
Firmicutes_bacterium_CAG_114__ref_mOTU_v25_07728_	-0.163745309366075	0.299368558012209	-0.546968961781877	0.584400056095441	0.919186431936736	FALSE
Lachnospiraceae_species_incertae_sedis__ext_mOTU_v26_16248_	0.102394948509322	0.191694994493735	0.534155567179759	0.593233907582857	0.919186431936736	FALSE
Clostridiales_species_incertae_sedis__meta_mOTU_v25_12452_	-0.129743443300425	0.244171916751051	-0.531361038676311	0.595168614999471	0.919186431936736	FALSE
Clostridiales_species_incertae_sedis__ext_mOTU_v26_26672_	-0.112398441105446	0.20731698784057	-0.54215740965657	0.587710072536312	0.919186431936736	FALSE
Eggerthellaceae_species_incertae_sedis__meta_mOTU_v25_13204_	-0.0952040109487804	0.174767194864811	-0.544747605650042	0.585927118281344	0.919186431936736	FALSE
Bacteroidales_species_incertae_sedis__meta_mOTU_v25_13098_	0.0627957240270931	0.113929473916661	0.551180672290544	0.581509828026786	0.919186431936736	FALSE
Clostridiales_species_incertae_sedis__meta_mOTU_v25_13304_	0.0523193298409431	0.0987263586541232	0.529942869910132	0.596151541705565	0.919186431936736	FALSE
Clostridium__spiroforme__ref_mOTU_v25_11181_	0.0609155230057655	0.114563615412271	0.531717882562922	0.594921404564296	0.919186431936736	FALSE
Clostridium_species_incertae_sedis__meta_mOTU_v25_13210_	-0.0708998299246147	0.134553823492052	-0.526925419765589	0.598245380663266	0.919186431936736	FALSE
Clostridium_species_incertae_sedis__ext_mOTU_v26_16312_	-0.0637680158632144	0.118602649078618	-0.537660974342526	0.590811126410481	0.919186431936736	FALSE
Clostridium_species_incertae_sedis__ext_mOTU_v26_17790_	-0.042608071359101	0.0807137071782525	-0.527891393527534	0.59757471853342	0.919186431936736	FALSE
Ruminococcaceae_species_incertae_sedis__ext_mOTU_v26_17414_	-0.042608071359101	0.0786183482172893	-0.541960907666728	0.587845436494608	0.919186431936736	FALSE
Clostridiales_species_incertae_sedis__ext_mOTU_v26_26664_	-0.0828546367928001	0.157871468919946	-0.524823372833849	0.599705981923771	0.919267620178926	FALSE
Ruminococcaceae_species_incertae_sedis__ext_mOTU_v26_17393_	-0.0909908863324395	0.176012229912293	-0.516957749911924	0.605185652666103	0.921096636932417	FALSE
Oscillibacter_species_incertae_sedis__ext_mOTU_v26_17930_	0.0674091081311666	0.130528963510822	0.516430272010685	0.605553927414852	0.921096636932417	FALSE
Clostridium_sp__CAG_557__meta_mOTU_v25_13367_	0.0694556151086744	0.13361693934594	0.519811450918292	0.603194997422259	0.921096636932417	FALSE
Lactobacillus_sakei__ref_mOTU_v25_01607_	-0.0565985090267972	0.110093986793122	-0.51409264643265	0.60718721841592	0.921096636932417	FALSE
Butyricimonas_synergistica__ref_mOTU_v25_02161_	-0.0485869137464104	0.0947115099140315	-0.512999040882277	0.607951991604704	0.921096636932417	FALSE
Bacteroidales_species_incertae_sedis__meta_mOTU_v25_12636_	-0.135706904493501	0.269342083961249	-0.503845899228377	0.614369670601536	0.92502831203195	FALSE
Bifidobacterium_species_incertae_sedis__ext_mOTU_v26_26286_	-0.0670799199846953	0.132843683914324	-0.504953777312872	0.61359130149629	0.92502831203195	FALSE
Clostridiales_species_incertae_sedis__ext_mOTU_v26_26949_	-0.0751560702259746	0.149344903738192	-0.503238264880643	0.614796764811434	0.92502831203195	FALSE
Clostridiales_species_incertae_sedis__meta_mOTU_v25_12272_	-0.196714322429402	0.396392889116315	-0.496260977001731	0.619710294538788	0.927739596290023	FALSE
Collinsella_species_incertae_sedis__ext_mOTU_v26_17348_	0.117000738997498	0.236541690035418	0.49463051938108	0.620860954944472	0.927739596290023	FALSE
Ruminococcaceae_species_incertae_sedis__ext_mOTU_v26_17811_	-0.054457976449508	0.109272840712316	-0.498366987574525	0.618225400606274	0.927739596290023	FALSE
Oscillibacter_sp__57_20__meta_mOTU_v25_12282_	0.0942809153654098	0.195817743565859	0.481472790200448	0.630180513846747	0.935245171686195	FALSE
Clostridiales_species_incertae_sedis__meta_mOTU_v25_13686_	-0.0863665044990259	0.177973342252793	-0.485277757925965	0.627479330735381	0.935245171686195	FALSE
Clostridiales_species_incertae_sedis__meta_mOTU_v25_13140_	-0.0665050041282322	0.13808399707315	-0.481627165622974	0.630070824648035	0.935245171686195	FALSE
Lachnospira_sp___ref_mOTU_v25_05263_	-0.0606339414251349	0.128107638746153	-0.473304652389087	0.635995843405006	0.940254695243621	FALSE
Streptococcus_sp___ref_mOTU_v25_00310_	-0.0472184196139015	0.0998934195199536	-0.472687989267098	0.636435796780521	0.940254695243621	FALSE
Prevotella_species_incertae_sedis__meta_mOTU_v25_12332_	0.173957842012644	0.447224777670409	0.388971834071424	0.697296982060621	0.940739233508367	FALSE
Eubacterium__siraeum__ref_mOTU_v25_02370_	-0.216637135442356	0.529445975436444	-0.409177036927654	0.68240974486346	0.940739233508367	FALSE
Clostridiales_species_incertae_sedis__meta_mOTU_v25_12463_	-0.153912305191995	0.413869410880867	-0.371886158158954	0.709977611402219	0.940739233508367	FALSE
Bacteroides_plebeius__ref_mOTU_v25_05069_	-0.193031744660911	0.452040741008118	-0.427022892295994	0.66936265387583	0.940739233508367	FALSE
Phascolarctobacterium_sp__CAG_266__ref_mOTU_v25_07691_	-0.174347625298264	0.39537788909107	-0.440964530664753	0.659238675247261	0.940739233508367	FALSE
Prevotella_sp__CAG_485__meta_mOTU_v25_12826_	0.115830159531225	0.281328124150268	0.41172620007716	0.680540119098237	0.940739233508367	FALSE
Clostridiales_species_incertae_sedis__meta_mOTU_v25_13415_	0.124541504459455	0.298525442747177	0.417188911314772	0.67654023528106	0.940739233508367	FALSE
Lachnospiraceae_species_incertae_sedis__ext_mOTU_v26_18135_	-0.104791558931012	0.269328202439682	-0.38908498249262	0.697213282183076	0.940739233508367	FALSE
Streptococcus_parasanguinis__ref_mOTU_v25_00312_	0.0879850339209824	0.22795787504263	0.385970582961999	0.699518455301679	0.940739233508367	FALSE
Firmicutes_bacterium_CAG_341__ref_mOTU_v25_07738_	-0.112181350563928	0.270565759507512	-0.414617691344693	0.678421795101033	0.940739233508367	FALSE
Holdemanella_biformis__ref_mOTU_v25_11382_	0.0881571694159003	0.200383828364274	0.439941536877122	0.659979450938037	0.940739233508367	FALSE
Bifidobacterium_adolescentis__ref_mOTU_v25_02703_	0.107561808357243	0.245905131998203	0.437411807891952	0.66181272229387	0.940739233508367	FALSE
Clostridiales_species_incertae_sedis__meta_mOTU_v25_13701_	0.0840788530953954	0.223968560083889	0.37540471333969	0.707359500067979	0.940739233508367	FALSE
Lachnospiraceae_species_incertae_sedis__ext_mOTU_v26_16177_	0.0724692823715207	0.169663678939336	0.427134922598444	0.669281057908349	0.940739233508367	FALSE
Clostridium_species_incertae_sedis__ext_mOTU_v26_17404_	0.0841925002781486	0.201397457901764	0.41804152423421	0.675916757552472	0.940739233508367	FALSE
Collinsella_species_incertae_sedis__ext_mOTU_v26_17328_	0.0586636174833646	0.157332524392154	0.372863892637637	0.709249746707326	0.940739233508367	FALSE
Roseburia_sp__CAG_182__meta_mOTU_v25_12852_	-0.109328218402496	0.272976163757903	-0.40050463343553	0.688784871453111	0.940739233508367	FALSE
Clostridium_sp__CAG_58__ref_mOTU_v25_07640_	-0.0993706390674041	0.219867407930835	-0.451957113619422	0.651299878252799	0.940739233508367	FALSE
Alistipes_senegalensis__ref_mOTU_v25_01017_	0.0868923351798147	0.193707425125022	0.448575139149845	0.653738171185355	0.940739233508367	FALSE
Clostridiales_species_incertae_sedis__meta_mOTU_v25_12323_	0.0863227402131754	0.203965585450852	0.423222084364697	0.672133235433577	0.940739233508367	FALSE
Collinsella_species_incertae_sedis__ext_mOTU_v26_17353_	0.0583788195264669	0.151010096967311	0.386588848685422	0.699060614759368	0.940739233508367	FALSE
Clostridiales_species_incertae_sedis__ext_mOTU_v26_18011_	-0.072030542493693	0.15461021495432	-0.465884757452634	0.641297992157485	0.940739233508367	FALSE
Lachnospiraceae_species_incertae_sedis__ext_mOTU_v26_17986_	-0.0774099574418807	0.165193167693771	-0.468602657861615	0.639353677139191	0.940739233508367	FALSE
Ruminococcus_species_incertae_sedis__ext_mOTU_v26_26371_	0.0604315122584734	0.138077552282189	0.437663553992974	0.661630193108864	0.940739233508367	FALSE
Clostridiales_species_incertae_sedis__meta_mOTU_v25_12351_	0.0548289009342443	0.119282302039713	0.459656629664894	0.645762704520456	0.940739233508367	FALSE
Butyricicoccus_sp___ref_mOTU_v25_02967_	-0.0623073747401782	0.148350255643123	-0.42000180228922	0.674484137079043	0.940739233508367	FALSE
Oscillibacter_species_incertae_sedis__ext_mOTU_v26_17772_	0.0533146656696502	0.131986847432155	0.403939231119641	0.686257406538799	0.940739233508367	FALSE
uncultured_Clostridium_sp___ref_mOTU_v25_11606_	-0.0519337065564862	0.133799071114466	-0.388146988793789	0.697907260457674	0.940739233508367	FALSE
Roseburia_species_incertae_sedis__ext_mOTU_v26_17394_	-0.0730587623720048	0.165986894770976	-0.440147774755405	0.65983008201371	0.940739233508367	FALSE
Clostridiales_species_incertae_sedis__meta_mOTU_v25_12761_	0.0523193298409429	0.136715209933544	0.382688435810286	0.701950789827937	0.940739233508367	FALSE
Clostridiales_species_incertae_sedis__meta_mOTU_v25_12307_	-0.0549370073350578	0.130771926283362	-0.420097867305388	0.674413960618902	0.940739233508367	FALSE
Oscillibacter_species_incertae_sedis__ext_mOTU_v26_16336_	0.0453447698175227	0.111477066527589	0.406763213546711	0.684181907428493	0.940739233508367	FALSE
Clostridiales_species_incertae_sedis__meta_mOTU_v25_14120_	-0.0523077618442462	0.125159638178754	-0.417928356180925	0.675999499512763	0.940739233508367	FALSE
Clostridia_species_incertae_sedis__meta_mOTU_v25_14185_	-0.0550842737622031	0.134251372213017	-0.410306970082963	0.681580779723339	0.940739233508367	FALSE
Clostridiales_sp___ref_mOTU_v25_03661_	-0.0748501064900108	0.174982390879574	-0.427757936748756	0.668827364054102	0.940739233508367	FALSE
Clostridiales_species_incertae_sedis__meta_mOTU_v25_12851_	-0.0501575472389844	0.131783710670838	-0.380605061002305	0.703496325332627	0.940739233508367	FALSE
Acinetobacter_species_incertae_sedis__meta_mOTU_v25_12662_	0.0387997663258842	0.0949171194373174	0.408775219432436	0.682704627046954	0.940739233508367	FALSE
Clostridium_species_incertae_sedis__ext_mOTU_v26_17403_	0.0417317014038988	0.104700974671432	0.398579875066676	0.690202792785002	0.940739233508367	FALSE
Clostridium_species_incertae_sedis__meta_mOTU_v25_12597_	0.0446708290289815	0.0962850772127858	0.4639434305096	0.642688275677239	0.940739233508367	FALSE
Ruminococcaceae_species_incertae_sedis__ext_mOTU_v26_17892_	0.0446708290289817	0.10442693842207	0.427771125956336	0.668817760662885	0.940739233508367	FALSE
Roseburia_sp___ref_mOTU_v25_03649_	0.0387997663258845	0.102886077143398	0.377113866162933	0.706088986962352	0.940739233508367	FALSE
Ruminococcaceae_species_incertae_sedis__ext_mOTU_v26_16292_	-0.0453450596241187	0.118613965027792	-0.382291070140805	0.70224547759372	0.940739233508367	FALSE
Bacteroides_species_incertae_sedis__ext_mOTU_v26_17683_	-0.0394226154647892	0.103514848335127	-0.380840199245226	0.703321828359804	0.940739233508367	FALSE
Oscillibacter_species_incertae_sedis__ext_mOTU_v26_33179_	-0.0439765654916099	0.106198223918714	-0.414098879141994	0.678801693640993	0.940739233508367	FALSE
Clostridium_species_incertae_sedis__ext_mOTU_v26_18131_	-0.0439765654916099	0.108553098615665	-0.405115708832135	0.685392460063958	0.940739233508367	FALSE
Clostridiales_species_incertae_sedis__meta_mOTU_v25_13572_	-0.0359552881832507	0.0943779349803352	-0.380971338170753	0.70322451645766	0.940739233508367	FALSE
Clostridiales_bacterium__mags_db_all_66_	-0.0359552881832506	0.0967740665754862	-0.371538465371862	0.710236511668645	0.940739233508367	FALSE
Clostridiales_species_incertae_sedis__ext_mOTU_v26_24979_	-0.0389436214892451	0.0935438177881577	-0.416314219475605	0.677180088834808	0.940739233508367	FALSE
Merdimonas_faecis__ref_mOTU_v25_08871_	-0.0496221550354604	0.124673061738143	-0.398018259467184	0.690616726226679	0.940739233508367	FALSE
Holdemania_massiliensis__ref_mOTU_v25_07383_	-0.0367370086560034	0.0854215720061589	-0.430067110604739	0.667146823815985	0.940739233508367	FALSE
Anaerotruncus_rubiinfantis__ref_mOTU_v25_09169_	0.0347226344992874	0.0946765504771415	0.366750101522454	0.713805431022387	0.942100752419037	FALSE
Dysosmobacter_sp__NSJ_60__mags_db_all_73_	-0.0284622105313471	0.0777043722644419	-0.366288404396153	0.714149881236483	0.942100752419037	FALSE
Eubacterium_species_incertae_sedis__ext_mOTU_v26_26370_	0.0387997663258842	0.107830415428634	0.359822098168242	0.718980176586837	0.946560595385493	FALSE
Clostridiales_species_incertae_sedis__meta_mOTU_v25_12561_	0.0649839000802282	0.186049744327073	0.349282393884872	0.726877314775002	0.954107073210157	FALSE
Firmicutes_sp___ref_mOTU_v25_02743_	-0.058323286888067	0.168404365361845	-0.346328830388392	0.729095604183565	0.954107073210157	FALSE
Rothia_mucilaginosa__ref_mOTU_v25_05265_	-0.028462210531347	0.0820566841504382	-0.346860354229839	0.72869623239459	0.954107073210157	FALSE
Prevotella_copri__ref_mOTU_v25_03701_	0.201187343868615	0.634570736621691	0.317044786747795	0.75120961895018	0.954357745475618	FALSE
Parabacteroides_distasonis__ref_mOTU_v25_03640_	-0.0914370271258647	0.273871184955233	-0.333868738840893	0.738478610323658	0.954357745475618	FALSE
Ruminococcaceae_species_incertae_sedis__meta_mOTU_v25_12264_	0.10339025438882	0.316668836328125	0.326493303185949	0.744051155241822	0.954357745475618	FALSE
Alistipes_finegoldii__ref_mOTU_v25_03682_	-0.102756515727524	0.308481161476	-0.333104670754809	0.739055273783422	0.954357745475618	FALSE
Clostridiales_species_incertae_sedis__ext_mOTU_v26_17443_	0.0558974707334483	0.172610402046443	0.323836049686093	0.746062161899431	0.954357745475618	FALSE
Clostridiales_species_incertae_sedis__ext_mOTU_v26_26621_	0.0673544425345125	0.206133694596096	0.326751250767075	0.743856033441752	0.954357745475618	FALSE
Ruminococcaceae_species_incertae_sedis__ext_mOTU_v26_17626_	-0.0703871891418319	0.218692493626111	-0.321854618669124	0.747562834286056	0.954357745475618	FALSE
Desulfovibrionaceae_species_incertae_sedis__ext_mOTU_v26_17451_	-0.0597603184389274	0.186315334769873	-0.320748254633684	0.74840117581418	0.954357745475618	FALSE
Eggerthellaceae_species_incertae_sedis__ext_mOTU_v26_17907_	0.0458270217194529	0.14239258039298	0.32183574167262	0.747577135730639	0.954357745475618	FALSE
Clostridiales_species_incertae_sedis__meta_mOTU_v25_12587_	0.049213918656793	0.15516949472192	0.317162331068935	0.751120430925603	0.954357745475618	FALSE
Clostridiales_species_incertae_sedis__meta_mOTU_v25_13165_	0.0334055218230105	0.100500942208472	0.332390135743367	0.739594686080822	0.954357745475618	FALSE
3576_102_bin_21_clean__mags_db_all_94_	0.0387433680979042	0.117716725827718	0.32912373178478	0.742062167222837	0.954357745475618	FALSE
Paraprevotella_clara__ref_mOTU_v25_03698_	0.0363960309043253	0.108739981426423	0.334706981065212	0.737846134786194	0.954357745475618	FALSE
Coriobacteriales_species_incertae_sedis__ext_mOTU_v26_17915_	0.0313580701302125	0.0918839615519095	0.341279039351137	0.73289352590339	0.954357745475618	FALSE
Roseburia_species_incertae_sedis__ext_mOTU_v26_17476_	-0.0260584751097882	0.0818275050089084	-0.318456185447072	0.750138924898068	0.954357745475618	FALSE
Clostridiales_species_incertae_sedis__ext_mOTU_v26_17987_	-0.0512700490234416	0.174009223531807	-0.294639835652562	0.768269027862161	0.966140451281003	FALSE
Eggerthellaceae_species_incertae_sedis__ext_mOTU_v26_16295_	0.0267371428634811	0.0889079489829109	0.300728373214641	0.763621631029469	0.966140451281003	FALSE
Desulfovibrio_species_incertae_sedis__ext_mOTU_v26_26656_	-0.0425675503018786	0.143007024926146	-0.297660554255024	0.765962252545539	0.966140451281003	FALSE
Clostridiales_species_incertae_sedis__meta_mOTU_v25_13155_	0.0334005050512624	0.112827365680335	0.296031949783296	0.767205681928489	0.966140451281003	FALSE
Ruminococcaceae_species_incertae_sedis__ext_mOTU_v26_16294_	-0.0245977970767463	0.0822726432923319	-0.298979054183845	0.764956027347638	0.966140451281003	FALSE
Clostridium_species_incertae_sedis__meta_mOTU_v25_12348_	0.0410013254773719	0.141017057915674	0.290754367474395	0.771239187677715	0.966639519296637	FALSE
Clostridiales_species_incertae_sedis__meta_mOTU_v25_12494_	-0.0893641978540644	0.313395666206142	-0.285148160904316	0.775530633858447	0.967429683859223	FALSE
Clostridium_sp__CAG_302__meta_mOTU_v25_12499_	-0.0740335951070128	0.262351123473227	-0.282192788530475	0.777795687635669	0.967429683859223	FALSE
Clostridium_sp__Marseille_P3244__ref_mOTU_v25_10248_	-0.0218608088117285	0.0772194708153103	-0.283099697277311	0.777100413643175	0.967429683859223	FALSE
Streptococcus_oralis_pseudopneumoniae__ref_mOTU_v25_00296_	0.0281212327796689	0.0986194130145985	0.285149058588557	0.775529946145059	0.967429683859223	FALSE
Clostridiaceae_species_incertae_sedis__meta_mOTU_v25_12983_	-0.0716052600465775	0.256917604847931	-0.278709044049202	0.780468121291627	0.968714434849729	FALSE
Ruminococcaceae_species_incertae_sedis__ext_mOTU_v26_17927_	-0.0421992012027575	0.152354763402353	-0.276979861084579	0.781795569932323	0.968714434849729	FALSE
Clostridiales_species_incertae_sedis__meta_mOTU_v25_13187_	-0.0770963054366075	0.28608294336685	-0.269489346443648	0.78755313938305	0.970324905692701	FALSE
Ruminococcaceae_species_incertae_sedis__ext_mOTU_v26_17494_	0.0360726918516898	0.133656684627344	0.269890667662947	0.787244366980723	0.970324905692701	FALSE
3576_121_bin_27_clean__mags_db_all_113_	0.0295255125847308	0.108191836639149	0.27289963366836	0.784930368125758	0.970324905692701	FALSE
Clostridiales_Family_XIII__Incertae_Sedis_species_incertae_sedis__ext_mOTU_v26_17436_	0.0372649185058632	0.139876262610424	0.266413455795939	0.789920803360688	0.971409198859753	FALSE
Bacteroides_dorei_vulgatus__ref_mOTU_v25_02367_	-0.0877135383075965	0.359002817165367	-0.244325487471574	0.806978745364546	0.972342613877053	FALSE
Prevotella_species_incertae_sedis__meta_mOTU_v25_12765_	0.121488886427947	0.465272389811015	0.261113466194058	0.79400500730047	0.972342613877053	FALSE
Faecalibacterium_species_incertae_sedis__meta_mOTU_v25_12376_	-0.104489146457128	0.417214026961114	-0.250444950804271	0.802243271203938	0.972342613877053	FALSE
Clostridiales_species_incertae_sedis__ext_mOTU_v26_26655_	-0.0618124032303886	0.253123931591247	-0.244198179294265	0.807077337102557	0.972342613877053	FALSE
Ruminococcus_species_incertae_sedis__ext_mOTU_v26_26707_	-0.046958314474005	0.191537520151125	-0.245165095783606	0.806328601298278	0.972342613877053	FALSE
Firmicutes_sp___ref_mOTU_v25_03629_	-0.0531143188535962	0.208513187494715	-0.254728823110732	0.79893255279167	0.972342613877053	FALSE
Clostridiales_species_incertae_sedis__meta_mOTU_v25_12667_	-0.0602145219666031	0.233404325211821	-0.257983745211049	0.796419452151012	0.972342613877053	FALSE
Ruminococcus_species_incertae_sedis__ext_mOTU_v26_26708_	0.0371744303266505	0.150007311548119	0.247817455982642	0.804275648220663	0.972342613877053	FALSE
Intestinibacter_bartlettii__ref_mOTU_v25_03687_	0.0458266047894948	0.187637747406929	0.244229135250227	0.807053363486111	0.972342613877053	FALSE
Clostridiales_species_incertae_sedis__ext_mOTU_v26_18262_	0.0243490032256011	0.100491453349382	0.242299244503372	0.80854829913513	0.972342613877053	FALSE
Clostridiales_species_incertae_sedis__meta_mOTU_v25_13264_	-0.0261662547940001	0.107091087737764	-0.244336436829122	0.806970265956674	0.972342613877053	FALSE
Butyricimonas_virosa__ref_mOTU_v25_02160_	-0.0225911478282494	0.0908388539107228	-0.248694769426002	0.803596895146024	0.972342613877053	FALSE
Alistipes_putredinis__ref_mOTU_v25_03683_	0.105008840738642	0.438192509868245	0.239640884711187	0.810608666701389	0.973028417933837	FALSE
Clostridiales_species_incertae_sedis__meta_mOTU_v25_13006_	0.0477842909116348	0.203974001150326	0.234266576338905	0.814778032206	0.975016910468676	FALSE
Allisonella_histaminiformans__ref_mOTU_v25_10689_	0.0288465550244418	0.123456999122492	0.233656700142378	0.815251505537361	0.975016910468676	FALSE
Ruminococcaceae_species_incertae_sedis__meta_mOTU_v25_12286_	0.0803152362144492	0.355429696031943	0.225966589486184	0.821227405993436	0.975020902024934	FALSE
Clostridiales_sp___ref_mOTU_v25_03611_	-0.0540346565774234	0.238086483069063	-0.226953902972095	0.820459586945154	0.975020902024934	FALSE
Flavonifractor_plautii__ref_mOTU_v25_05238_	-0.0402664161583776	0.177923550293924	-0.22631302091184	0.820957971867407	0.975020902024934	FALSE
Propionibacterium_freudenreichii__ref_mOTU_v25_05391_	0.0230832720055561	0.102048965683302	0.226198000646009	0.821047425570379	0.975020902024934	FALSE
Bacteroides_sp___ref_mOTU_v25_03475_	-0.068298385106652	0.307055499770124	-0.222430098655726	0.82397908328059	0.976512416301679	FALSE
Ruminococcaceae_species_incertae_sedis__meta_mOTU_v25_12396_	0.0617609008893459	0.343284130406304	0.179911902179245	0.857221731082968	0.976903648162615	FALSE
Ruminococcaceae_species_incertae_sedis__ext_mOTU_v26_17469_	0.0646079267024595	0.355319235966636	0.181830647380223	0.855715632298466	0.976903648162615	FALSE
Azospirillum_sp__51_20__ref_mOTU_v25_10408_	-0.05771585062629	0.316393912912227	-0.182417702335194	0.85525493442252	0.976903648162615	FALSE
Clostridiales_species_incertae_sedis__meta_mOTU_v25_12631_	-0.0489066035766621	0.259055124796245	-0.188788404070866	0.850258660625752	0.976903648162615	FALSE
Clostridiales_species_incertae_sedis__meta_mOTU_v25_13147_	0.0534856182751715	0.279770406255021	0.191176825995018	0.848387058929508	0.976903648162615	FALSE
Clostridiales_species_incertae_sedis__meta_mOTU_v25_12691_	-0.0491567657436597	0.235272151090073	-0.208935760207506	0.834498387572814	0.976903648162615	FALSE
Roseburia_sp__CAG_471__ref_mOTU_v25_03598_	-0.0501736665198345	0.261662733086199	-0.191749378782595	0.847938524918705	0.976903648162615	FALSE
Collinsella_bouchesdurhonensis__ref_mOTU_v25_03627_	-0.0454641797613401	0.20933879505995	-0.217179905656379	0.828068143925666	0.976903648162615	FALSE
Clostridiales_species_incertae_sedis__meta_mOTU_v25_12229_	0.0350407421907295	0.162550375639661	0.21556850947184	0.829324104457615	0.976903648162615	FALSE
Cryptobacterium_sp__CAG_338__ref_mOTU_v25_07664_	-0.0360049739181622	0.183888514299333	-0.195797840095404	0.84476840070775	0.976903648162615	FALSE
Parabacteroides_species_incertae_sedis__ext_mOTU_v26_26689_	0.038860747168943	0.211610333882496	0.183642955691009	0.854293562395549	0.976903648162615	FALSE
Clostridiales_species_incertae_sedis__meta_mOTU_v25_12887_	0.0326768416178041	0.168531065187116	0.193892096875574	0.846260372051562	0.976903648162615	FALSE
Firmicutes_species_incertae_sedis__meta_mOTU_v25_12744_	-0.0408870683882229	0.199361263424934	-0.205090335433284	0.83750154715327	0.976903648162615	FALSE
Bacteroidales_species_incertae_sedis__meta_mOTU_v25_13655_	-0.0391565875466161	0.201495751766727	-0.194329593568543	0.845917814979901	0.976903648162615	FALSE
Ruminococcaceae_species_incertae_sedis__ext_mOTU_v26_16451_	-0.0277352294752595	0.146770000047455	-0.188970698823274	0.850115781957071	0.976903648162615	FALSE
Clostridium_sp___ref_mOTU_v25_03618_	0.0266963035091743	0.137948581535599	0.193523581119862	0.84654894004736	0.976903648162615	FALSE
Bacteroides_species_incertae_sedis__ext_mOTU_v26_17616_	0.0288230777560721	0.140667504307061	0.204902176220847	0.837648554915929	0.976903648162615	FALSE
Clostridium_sp___ref_mOTU_v25_03676_	0.0250366294870551	0.138353719834687	0.180961014398242	0.856398176750414	0.976903648162615	FALSE
Anaerotruncus_colihominis__ref_mOTU_v25_03438_	0.0266449589629482	0.141782026635069	0.187929031593894	0.850932284267114	0.976903648162615	FALSE
Prevotellaceae_species_incertae_sedis__ext_mOTU_v26_26669_	0.0289029532524217	0.135952387804013	0.212596142806169	0.831641980268584	0.976903648162615	FALSE
Clostridium_sp___ref_mOTU_v25_03608_	-0.0233316489267429	0.109411841190545	-0.213246104561114	0.831135008940086	0.976903648162615	FALSE
Clostridium_species_incertae_sedis__ext_mOTU_v26_26315_	-0.0218658255834765	0.116993445355537	-0.186897868654329	0.851740710322492	0.976903648162615	FALSE
Blautia_hydrogenotrophica__ref_mOTU_v25_03685_	-0.014316349703593	0.0812434786281842	-0.176215370702093	0.860124745665001	0.978504283831439	FALSE
Clostridiales_species_incertae_sedis__ext_mOTU_v26_16179_	-0.0314010779003694	0.182457648669563	-0.172100638856954	0.863358410522298	0.980474855775757	FALSE
Eggerthellaceae_species_incertae_sedis__meta_mOTU_v25_12569_	0.0488200723134626	0.289139666033739	0.168845987073132	0.865917785129747	0.981674155711327	FALSE
Roseburia_sp___ref_mOTU_v25_03650_	-0.0707092821548867	0.436481301606485	-0.161998422142343	0.871307096406207	0.984660156926924	FALSE
Parabacteroides_johnsonii__ref_mOTU_v25_05400_	0.0348169506470094	0.215361116903372	0.161667765972031	0.871567489592285	0.984660156926924	FALSE
Eggerthellaceae_species_incertae_sedis__ext_mOTU_v26_17850_	-0.0266334756075889	0.171099204156981	-0.155661013964466	0.876300228847548	0.986781455196141	FALSE
Eubacterium_sp___ref_mOTU_v25_02373_	0.0154874314411886	0.0996303804313776	0.155448883906008	0.87646744871939	0.986781455196141	FALSE
Anaeromassilibacillus_species_incertae_sedis__meta_mOTU_v25_13295_	0.0187242318817267	0.125861881875435	0.148768090884403	0.881736630185779	0.991005197093483	FALSE
Clostridiales_species_incertae_sedis__meta_mOTU_v25_12382_	-0.0243912466983894	0.170181284092029	-0.143325083181293	0.886033446821034	0.994123437756246	FALSE
Bacteroides_stercoris__ref_mOTU_v25_01579_	-0.0641045292936841	0.454641602922882	-0.141000139189985	0.887869832383811	0.994391094529397	FALSE
Clostridiales_sp___ref_mOTU_v25_03605_	0.0575512668298031	0.417307347158882	0.137910983886636	0.890310769475565	0.994391094529397	FALSE
Bifidobacterium_longum__ref_mOTU_v25_01099_	-0.0512491685660104	0.378741133245275	-0.135314503938026	0.892363218061603	0.994391094529397	FALSE
Clostridium_sp__CAG_288__ref_mOTU_v25_07618_	-0.0126828250571943	0.0930018928220449	-0.136371687417829	0.891527454723542	0.994391094529397	FALSE
Dialister_invisus__ref_mOTU_v25_03691_	0.062334724072357	0.47551247184742	0.13108956707314	0.89570445421105	0.996112742357807	FALSE
Clostridiales_species_incertae_sedis__meta_mOTU_v25_12334_	-0.0505270983596384	0.390159507276146	-0.129503696353288	0.896959100316065	0.996112742357807	FALSE
unassigned	-0.0761901905510679	0.62984953985549	-0.120965700107598	0.903718202994739	0.996258647334687	FALSE
Faecalibacterium_sp___ref_mOTU_v25_03636_	0.0427480763591049	0.442620276532298	0.0965795708547608	0.923060280736069	0.996258647334687	FALSE
Clostridium_sp__CAG_127__meta_mOTU_v25_12306_	0.039476799147921	0.445338955034079	0.0886443880592033	0.929364530345594	0.996258647334687	FALSE
Bacteroides_massiliensis__ref_mOTU_v25_02135_	-0.0384828921418006	0.417691500949759	-0.0921323322459209	0.926592900272468	0.996258647334687	FALSE
Roseburia_intestinalis__ref_mOTU_v25_03702_	-0.0295724610225169	0.403870608874769	-0.073222612323559	0.941628972652706	0.996258647334687	FALSE
Clostridiales_species_incertae_sedis__meta_mOTU_v25_12253_	-0.0184155597944024	0.378094776245385	-0.0487062000096256	0.961153434848893	0.996258647334687	FALSE
Dehalococcoidales_species_incertae_sedis__meta_mOTU_v25_12342_	-0.0260577833246942	0.34474773681517	-0.0755850743660273	0.939749211422219	0.996258647334687	FALSE
Firmicutes_sp___ref_mOTU_v25_03641_	-0.0389893917818755	0.42763134742422	-0.0911752424529279	0.927353346662204	0.996258647334687	FALSE
Oscillibacter_sp___ref_mOTU_v25_03341_	0.0132260816607516	0.282609792954457	0.0467997995486414	0.962672788797031	0.996258647334687	FALSE
Bifidobacterium_ruminantium__ref_mOTU_v25_02702_	0.0195734837843111	0.322012368192908	0.0607848819415074	0.951530530519313	0.996258647334687	FALSE
Clostridiales_species_incertae_sedis__meta_mOTU_v25_12327_	0.0250562735874703	0.339226079750419	0.073863052056331	0.941119355695538	0.996258647334687	FALSE
Firmicutes_species_incertae_sedis__meta_mOTU_v25_12227_	-0.03538271207312	0.336976613109625	-0.105000497650587	0.916375413835695	0.996258647334687	FALSE
Alistipes_ihumii__ref_mOTU_v25_07379_	-0.010135317329862	0.225937238206704	-0.0448589945168288	0.964219701555164	0.996258647334687	FALSE
Flavonifractor_plautii__ref_mOTU_v25_02971_	0.0129215861390517	0.247124386513558	0.0522877823647842	0.958299388261178	0.996258647334687	FALSE
Burkholderiales_species_incertae_sedis__meta_mOTU_v25_12785_	0.0117359525607071	0.260161317341136	0.0451102903408132	0.964019399267766	0.996258647334687	FALSE
Clostridiales_species_incertae_sedis__meta_mOTU_v25_12522_	0.0115965882817036	0.194768892048308	0.059540248751979	0.95252180845468	0.996258647334687	FALSE
Clostridiales_species_incertae_sedis__meta_mOTU_v25_12470_	0.0143867341374153	0.279458277546901	0.0514807944273569	0.95894240538263	0.996258647334687	FALSE
Firmicutes_species_incertae_sedis__meta_mOTU_v25_12231_	0.00990151406905203	0.216249713584489	0.0457874089400053	0.963479694496412	0.996258647334687	FALSE
Collinsella_species_incertae_sedis__ext_mOTU_v26_17337_	-0.0181248692136805	0.270458265958177	-0.0670154012467242	0.946569442341624	0.996258647334687	FALSE
Eggerthellales_species_incertae_sedis__meta_mOTU_v25_13811_	0.0163356672277335	0.24563250909104	0.066504500109466	0.946976175074333	0.996258647334687	FALSE
Clostridiales_species_incertae_sedis__meta_mOTU_v25_13332_	-0.00909219686861741	0.196095983006472	-0.0463660536499481	0.963018492663304	0.996258647334687	FALSE
Clostridiales_species_incertae_sedis__meta_mOTU_v25_12476_	-0.0180493087265449	0.232434353593016	-0.077653360820099	0.938103794693926	0.996258647334687	FALSE
Duodenibacillus_massiliensis__ref_mOTU_v25_03665_	-0.0200570392782598	0.210918680625293	-0.0950937072941971	0.92424039627852	0.996258647334687	FALSE
Oscillibacter_species_incertae_sedis__ext_mOTU_v26_17998_	-0.0165916986221075	0.18147762934591	-0.0914255860731046	0.927154432135824	0.996258647334687	FALSE
Oscillibacter_species_incertae_sedis__ext_mOTU_v26_17503_	-0.00962751894369672	0.174261079077928	-0.0552476720254404	0.955941150119808	0.996258647334687	FALSE
Bacteria_sp___ref_mOTU_v25_03594_	0.014588153781547	0.1268315193396	0.115019940291705	0.908429316869755	0.996258647334687	FALSE
Lachnospiraceae_species_incertae_sedis__ext_mOTU_v26_26654_	-0.00793230132031487	0.143679412478567	-0.0552083362778097	0.955972487677217	0.996258647334687	FALSE
Ruminococcaceae_species_incertae_sedis__ext_mOTU_v26_17614_	0.0173761389235012	0.141881093199285	0.122469728218789	0.902527018876375	0.996258647334687	FALSE
Collinsella_species_incertae_sedis__ext_mOTU_v26_28721_	-0.0181044564284183	0.158713712537453	-0.114069894396466	0.909182387208965	0.996258647334687	FALSE
Flavobacteriia_species_incertae_sedis__meta_mOTU_v25_14202_	-0.015633499289876	0.132424121605883	-0.11805628083684	0.906023063967741	0.996258647334687	FALSE
Pseudoflavonifractor_capillosus__ref_mOTU_v25_02969_	-0.0128606884422992	0.132916669971387	-0.0967575281946777	0.922918953206692	0.996258647334687	FALSE
Lactococcus_lactis__ref_mOTU_v25_01300_	0.00893741117780215	0.104558296997081	0.085477780668632	0.931881559269492	0.996258647334687	FALSE
Ruminococcaceae_species_incertae_sedis__ext_mOTU_v26_17468_	-0.00903206066025147	0.147205339798865	-0.0613568819758338	0.951074990824332	0.996258647334687	FALSE
Lachnospiraceae_species_incertae_sedis__ext_mOTU_v26_16268_	-0.0112900549497251	0.116329618959235	-0.0970522817037806	0.9226848755777	0.996258647334687	FALSE
Eggerthellaceae_species_incertae_sedis__ext_mOTU_v26_17308_	0.0147570924246678	0.117971424359415	0.125090397990859	0.900451984880996	0.996258647334687	FALSE
Ruminococcaceae_species_incertae_sedis__ext_mOTU_v26_17884_	-0.00531121256241567	0.095754230594488	-0.0554671321511449	0.955766314366493	0.996258647334687	FALSE
Clostridiales_species_incertae_sedis__meta_mOTU_v25_12809_	-0.0111704174622204	0.104557398010104	-0.106835266320811	0.914919669096253	0.996258647334687	FALSE
Acinetobacter_sp___ref_mOTU_v25_02372_	0.00810430924881735	0.0888478838621952	0.0912155573833057	0.927321313482609	0.996258647334687	FALSE
Eubacterium_sp___ref_mOTU_v25_03633_	0.00893741117780211	0.10237205113561	0.0873032344146635	0.930430483148265	0.996258647334687	FALSE
Actinomyces_sp__ICM39__ref_mOTU_v25_01912_	-0.00604155157893659	0.0876490201940782	-0.0689289117614662	0.945046204985735	0.996258647334687	FALSE
Bacteroides_species_incertae_sedis__ext_mOTU_v26_26436_	0.00438346115098154	0.0931950989036405	0.0470353184078257	0.96248507864885	0.996258647334687	FALSE
Clostridium_sp__CAG_306__meta_mOTU_v25_12613_	-0.00876668204066158	0.0983077811846459	-0.0891758712791577	0.928942140895376	0.996258647334687	FALSE
Bacteroides_nordii__ref_mOTU_v25_01682_	-0.00844528700049547	0.0949700165611944	-0.0889258242368917	0.929140860078341	0.996258647334687	FALSE
Provencibacterium_massiliense__ref_mOTU_v25_10126_	-0.00844528700049546	0.0825386399304725	-0.10231919265461	0.918503321722085	0.996258647334687	FALSE
Bifidobacterium_bifidum__ref_mOTU_v25_03116_	-0.00453339456998209	0.485307764537794	-0.00934127764120914	0.992546847185089	0.997127832633635	FALSE
Alistipes_species_incertae_sedis__meta_mOTU_v25_12985_	0.0141133507443847	0.371023210920309	0.0380389968308911	0.969656589540177	0.997127832633635	FALSE
Clostridiales_species_incertae_sedis__meta_mOTU_v25_12251_	-0.0122869405159037	0.401556211634177	-0.0305983076837502	0.975589891792003	0.997127832633635	FALSE
Clostridiales_sp___ref_mOTU_v25_03634_	-0.00552627605598326	0.403960146185335	-0.0136802506588059	0.989085079665695	0.997127832633635	FALSE
Ruminococcaceae_species_incertae_sedis__meta_mOTU_v25_13305_	0.00402864742489839	0.364548893050997	0.0110510483002202	0.991182718650329	0.997127832633635	FALSE
Clostridiales_species_incertae_sedis__meta_mOTU_v25_12521_	0.00678160362048072	0.342377826802185	0.0198073680291186	0.9841970402002	0.997127832633635	FALSE
Clostridium_phoceensis__ref_mOTU_v25_08865_	-0.00436628780760845	0.26913502262113	-0.0162234099638345	0.987056159469819	0.997127832633635	FALSE
Clostridiales_species_incertae_sedis__meta_mOTU_v25_12747_	0.00428755274508631	0.240893413546979	0.0177985470086344	0.985799563896323	0.997127832633635	FALSE
Bacteroidales_species_incertae_sedis__meta_mOTU_v25_12262_	-0.00210609645745748	0.172505796794119	-0.012208844552459	0.990258993419345	0.997127832633635	FALSE
Firmicutes_species_incertae_sedis__ext_mOTU_v26_26969_	-0.00412267571327309	0.194526570807183	-0.0211933809153482	0.983091394362416	0.997127832633635	FALSE
Ruminococcaceae_species_incertae_sedis__meta_mOTU_v25_13455_	-0.00513217983018192	0.219550690519286	-0.0233758309666127	0.981350483832151	0.997127832633635	FALSE
uncultured_Blautia_sp___ref_mOTU_v25_11916_	-0.00521416855281309	0.148257113290706	-0.0351697698483379	0.971944367478296	0.997127832633635	FALSE
Firmicutes_bacterium_CAG_227__ref_mOTU_v25_07734_	0.00430971609953956	0.201041185303008	0.0214369811491312	0.982897073645908	0.997127832633635	FALSE
Clostridiales_Family_XIII__Incertae_Sedis_species_incertae_sedis__ext_mOTU_v26_26457_	0.00516514471372871	0.141961257294411	0.0363841854613672	0.970976024004099	0.997127832633635	FALSE
Oscillibacter_species_incertae_sedis__meta_mOTU_v25_13092_	-0.00159538123632787	0.114430893479438	-0.0139418752036095	0.988876353389008	0.997127832633635	FALSE
Clostridiales_bacterium__mags_db_all_53_	0.00338618130980493	0.120037350257698	0.0282093973462046	0.977495142209639	0.997127832633635	FALSE
Actinomyces_sp___ref_mOTU_v25_01913_	-0.00153898300834797	0.100932619288274	-0.0152476277659304	0.987834624606852	0.997127832633635	FALSE
Peptostreptococcaceae_species_incertae_sedis__meta_mOTU_v25_13426_	-0.00289561933756405	0.0880986517105646	-0.0328679188766383	0.97377991599411	0.997127832633635	FALSE
Sutterella_species_incertae_sedis__ext_mOTU_v26_26657_	-0.000440850565473341	0.155762863909618	-0.00283026746175613	0.997741776304207	0.998526602669705	FALSE
Bacteroides_species_incertae_sedis__ext_mOTU_v26_17504_	0.000452070456470069	0.145222881268663	0.00311294234435232	0.997516235376222	0.998526602669705	FALSE
uncultured_Eubacterium_sp___meta_mOTU_v25_13063_	-0.000170488875839064	0.0923242914263984	-0.00184663075345647	0.998526602669705	0.998526602669705	FALSE
