"OTU"	"Discrete"	"Continuous"	"Level1"	"N_level1"	"Level2"	"N_level2"	"mean.level1"	"mean.level2"	"median.level1"	"median.level2"	"sd.level1"	"sd.level2"	"statistic"	"EffectSize_r"	"p.value"	"N"	"Dominant"	"q.value"
"s_Akkermansia_sp004167605"	"enterotype"	"Abundance"	"B1"	27	"B2"	25	0	36.8634196035987	0	37.2712104603605	0	23.6583581552835	0	0.746170394497886	2.83471678844937e-11	52	"B2"	6.69701841271164e-10
"s_Bacteroides_fragilis"	"enterotype"	"Abundance"	"B1"	27	"B2"	25	0	8.68523214004441	0	4.93834729570597	0	13.990322821888	0	0.41130862912567	2.83471678844937e-11	52	"B2"	6.69701841271164e-10
"s_Luxibacter_massiliensis"	"enterotype"	"Abundance"	"B1"	27	"B2"	25	0	6.86260700943129	0	5.87965212932654	0	5.53245452940959	0	0.667439541076787	2.83471678844937e-11	52	"B2"	6.69701841271164e-10
"s_Hungatella_effluvii"	"enterotype"	"Abundance"	"B1"	27	"B2"	25	0	19.9459008316748	0	7.65096059898108	0	37.4511508141011	0	0.361180097534973	2.83471678844937e-11	52	"B2"	6.69701841271164e-10
"s_Thomasclavelia_sp000508865"	"enterotype"	"Abundance"	"B1"	27	"B2"	25	0	2.50133558570381	0	2.28191084451187	0	1.57760419177613	0	0.751753187765242	2.83471678844937e-11	52	"B2"	6.69701841271164e-10
"s_Fournierella_sp900543285"	"enterotype"	"Abundance"	"B1"	27	"B2"	25	0	2.5129678775356	0	2.05502404520151	0	1.63520345629542	0	0.741695390431734	2.83471678844937e-11	52	"B2"	6.69701841271164e-10
"s_Enterocloster_lavalensis"	"enterotype"	"Abundance"	"B1"	27	"B2"	25	0	1.25649335685507	0	1.14289211316832	0	0.762311029796059	0	0.76393912427543	2.83471678844937e-11	52	"B2"	6.69701841271164e-10
"s_Avimicrobium_caecorum"	"enterotype"	"Abundance"	"B1"	27	"B2"	25	0	0.902228197764387	0	0.915855573894126	0	0.427512761047919	0	0.832504157406282	2.83471678844937e-11	52	"B2"	6.69701841271164e-10
"s_Bacteroides_cellulosilyticus"	"enterotype"	"Abundance"	"B1"	27	"B2"	25	0.00288795709265018	120.023559337095	0	120.636760217953	0.015006265243647	34.7598571819179	0	0.921462048965281	4.17598630120306e-11	52	"B2"	7.4457908047137e-10
"s_Bacteroides_finegoldii"	"enterotype"	"Abundance"	"B1"	27	"B2"	25	0.00500595886519133	4.37213603368396	0	2.83001856594059	0.0260117252853337	4.12754075310979	0	0.608169597440075	4.17598630120306e-11	52	"B2"	7.4457908047137e-10
"s_Bacteroides_caccae"	"enterotype"	"Abundance"	"B1"	27	"B2"	25	23.1104780704228	0	20.4546606900345	0	18.7494651043847	0	675	0.650419147656049	5.90935778151881e-11	52	"B1"	7.4457908047137e-10
"s_Phocaeicola_massiliensis"	"enterotype"	"Abundance"	"B1"	27	"B2"	25	16.7640440931729	0	14.6689997671427	0	12.80690219231	0	675	0.672444743919542	5.90935778151881e-11	52	"B1"	7.4457908047137e-10
"s_Blautia_pseudococcoides"	"enterotype"	"Abundance"	"B1"	27	"B2"	25	19.4135818551012	0	16.8936566774954	0	16.6350329214558	0	675	0.630054225550899	5.90935778151881e-11	52	"B1"	7.4457908047137e-10
"s_Duodenibacillus_intestinigallinarum"	"enterotype"	"Abundance"	"B1"	27	"B2"	25	5.38126516878106	0	5.6368614489943	0	3.18435850311632	0	675	0.759248344957054	5.90935778151881e-11	52	"B1"	7.4457908047137e-10
"s_Parasutterella_gallistercoris"	"enterotype"	"Abundance"	"B1"	27	"B2"	25	2.13698951262079	0	2.02183274362955	0	1.27920177238346	0	675	0.755629787613524	5.90935778151881e-11	52	"B1"	7.4457908047137e-10
"s_Hungatella_hathewayi"	"enterotype"	"Abundance"	"B1"	27	"B2"	25	67.9605510142718	0.0045667201004478	64.2450684128826	0	44.6905440111795	0.022833600502239	675	0.724931875141494	8.06580845015722e-11	52	"B1"	9.52773623174821e-10
"s_Sutterella_wadsworthensis"	"enterotype"	"Abundance"	"B1"	27	"B2"	25	0	4.09203252765189	0	4.20748991904806	0	2.4191073213949	13.5	0.771874747146721	1.12519126534921e-10	52	"B2"	1.01267213881429e-09
"s_CAG-267_sp001917135"	"enterotype"	"Abundance"	"B1"	27	"B2"	25	0	1.96840186615518	0	1.38370112431176	0	1.85398373806211	13.5	0.609488517215124	1.12519126534921e-10	52	"B2"	1.01267213881429e-09
"s_Enterocloster_asparagiformis"	"enterotype"	"Abundance"	"B1"	27	"B2"	25	0	0.644324863720022	0	0.422324932646925	0	0.572033417423797	13.5	0.631765415592409	1.12519126534921e-10	52	"B2"	1.01267213881429e-09
"s_Collinsella_intestinalis"	"enterotype"	"Abundance"	"B1"	27	"B2"	25	0	0.607212245960035	0	0.448901897793787	0	0.499946265880512	13.5	0.659732622862946	1.12519126534921e-10	52	"B2"	1.01267213881429e-09
"s_Butyricimonas_virosa"	"enterotype"	"Abundance"	"B1"	27	"B2"	25	0	0.562933271133622	0	0.532247055005795	0	0.355485304181325	13.5	0.75135787960721	1.12519126534921e-10	52	"B2"	1.01267213881429e-09
"s_Bacteroides_ovatus"	"enterotype"	"Abundance"	"B1"	27	"B2"	25	76.3177322179512	0.773736055639647	63.9066355841451	0	45.6996138798477	2.54348108862041	674	0.751835664080036	1.54926476176961e-10	52	"B1"	1.33095927261116e-09
"s_Parasutterella_excrementihominis"	"enterotype"	"Abundance"	"B1"	27	"B2"	25	2.12837113308411	0	1.49087127781703	0	2.4304045597878	0	662.5	0.521102580695503	2.1119199347142e-10	52	"B1"	1.59661147064394e-09
"s_Bilophila_wadsworthia"	"enterotype"	"Abundance"	"B1"	27	"B2"	25	2.16535966256802	0	2.10622463635956	0	0.884256853293655	0	662.5	0.857437735033827	2.1119199347142e-10	52	"B1"	1.59661147064394e-09
"s_Bacteroides_intestinalis"	"enterotype"	"Abundance"	"B1"	27	"B2"	25	2.394981271088	0	2.55652775798658	0	1.64480933716808	0	662.5	0.710159137703138	2.1119199347142e-10	52	"B1"	1.59661147064394e-09
"s_Tidjanibacter_inops"	"enterotype"	"Abundance"	"B1"	27	"B2"	25	0	2.17768616251987	0	1.98435374343727	0	1.30460998514339	27	0.767827914522415	4.25395320958751e-10	52	"B2"	2.97776724671126e-09
"s_Blautia_celeris"	"enterotype"	"Abundance"	"B1"	27	"B2"	25	0	7.74888948934018	0	8.04884417703925	0	5.48320116589953	27	0.713644456721738	4.25395320958751e-10	52	"B2"	2.97776724671126e-09
"s_Bacteroides_eggerthii"	"enterotype"	"Abundance"	"B1"	27	"B2"	25	153.45983462499	0	126.102249018458	0	120.977891764211	0	650	0.660991269111658	7.21851740592507e-10	52	"B1"	4.70448203351668e-09
"s_Bacteroides_nordii"	"enterotype"	"Abundance"	"B1"	27	"B2"	25	3.43037958226747	0	2.91064842259127	0	2.65902516966045	0	650	0.667160521898593	7.21851740592507e-10	52	"B1"	4.70448203351668e-09
"s_Phocaeicola_vulgatus"	"enterotype"	"Abundance"	"B1"	27	"B2"	25	34.9914091546082	5.65141598572063	28.0747915085683	4.25759060857017	25.0674740551697	6.15940367279082	634	0.620956691387929	1.07286092379268e-09	52	"B1"	6.75902381989391e-09
"s_Parabacteroides_sp003473295"	"enterotype"	"Abundance"	"B1"	27	"B2"	25	0	5.10045965258001	0	1.69555986239887	0	9.12739801588286	40.5	0.376446098100167	1.53440126156428e-09	52	"B2"	8.78793449804995e-09
"s_Prevotella_intestinigallinarum"	"enterotype"	"Abundance"	"B1"	27	"B2"	25	0	2.68054867206161	0	2.10947039029948	0	2.30128962788234	40.5	0.64428419160169	1.53440126156428e-09	52	"B2"	8.78793449804995e-09
"s_Pseudoscilispira_sp018369915"	"enterotype"	"Abundance"	"B1"	27	"B2"	25	0	0.395129714063866	0	0.325576735132179	0	0.365842989568316	40.5	0.61596453164345	1.53440126156428e-09	52	"B2"	8.78793449804995e-09
"s_Cryptobacteroides_sp000431015"	"enterotype"	"Abundance"	"B1"	27	"B2"	25	0.738657861129366	0	0.653549153506586	0	0.502235426793518	0	637.5	0.713604673500642	2.36314514754118e-09	52	"B1"	1.27609837967224e-08
"s_Alistipes_timonensis"	"enterotype"	"Abundance"	"B1"	27	"B2"	25	0.711921131956408	0	0.429983038482191	0	0.724280390482988	0	637.5	0.564929529474978	2.36314514754118e-09	52	"B1"	1.27609837967224e-08
"uc_g_Dialister"	"enterotype"	"Abundance"	"B1"	27	"B2"	25	1.52198894535625	10.8040836537384	1.74855543734278	10.0299009528817	1.02946566005171	4.79672103382408	16	0.803696242314199	3.95482815271543e-09	52	"B2"	2.0762847801756e-08
"s_Eisenbergiella_tayi"	"enterotype"	"Abundance"	"B1"	27	"B2"	25	16.6797895865695	3.13982658760306	16.4513020228718	2.71261330327511	11.0508657313773	2.53897166924306	625	0.63936145738865	5.2136066350977e-09	52	"B1"	2.66316663252288e-08
"s_Desulfovibrio_sp900556755"	"enterotype"	"Abundance"	"B1"	27	"B2"	25	0.347810031553317	0	0.342429226187208	0	0.251232018929403	0	625	0.692517954195604	7.42059910697718e-09	52	"B1"	3.69077166110181e-08
"s_Clostridium_AQ_innocuum"	"enterotype"	"Abundance"	"B1"	27	"B2"	25	13.481350569405	4.97586638067479	13.0641500357602	3.35694644137264	5.38826851641344	6.16164836857509	621	0.594591374493573	1.00267703269916e-08	52	"B1"	4.85912715846514e-08
"s_Enterocloster_aldenensis"	"enterotype"	"Abundance"	"B1"	27	"B2"	25	50.2517260129742	3.76370088902812	49.0978801571823	1.30230694052871	39.5074506911755	5.73419082480174	618	0.62953431180638	1.60951460783671e-08	52	"B1"	7.60495652202844e-08
"s_Phocaeicola_dorei"	"enterotype"	"Abundance"	"B1"	27	"B2"	25	0	9.6864312162214	0	6.33632413937132	0	11.2182117470065	67.5	0.530886092176276	1.74522910585704e-08	52	"B2"	7.67089072109256e-08
"s_Bacteroides_stercoris"	"enterotype"	"Abundance"	"B1"	27	"B2"	25	0	4.67674455282512	0	0.579763228812041	0	6.86688313887611	67.5	0.443511685961576	1.74522910585704e-08	52	"B2"	7.67089072109256e-08
"s_Extibacter_hylemonae"	"enterotype"	"Abundance"	"B1"	27	"B2"	25	0	1.12387659077951	0	0.305285191298042	0	1.40686215999518	67.5	0.501658002828255	1.74522910585704e-08	52	"B2"	7.67089072109256e-08
"s_Dielma_fastidiosa"	"enterotype"	"Abundance"	"B1"	27	"B2"	25	1.57114756832334	0	0.821463986959993	0	1.56017767761041	0	612.5	0.574160482243235	2.23832294700839e-08	52	"B1"	9.61461447692241e-08
"s_Barnesiella_intestinihominis"	"enterotype"	"Abundance"	"B1"	27	"B2"	25	1.46304422611704	8.37443236832127	0	7.89139792425743	2.66622055899668	4.03149283785942	41	0.713384053568325	3.76358597214851e-08	52	"B2"	1.58070610830238e-07
"s_UBA3282_sp003611805"	"enterotype"	"Abundance"	"B1"	27	"B2"	25	2.03478132345806	35.9445404042412	0	28.0846080210205	7.94165687438137	33.338485785091	62.5	0.581849582314685	4.44326105327227e-08	52	"B2"	1.82560073710535e-07
"s_Hominimerdicola_aceti"	"enterotype"	"Abundance"	"B1"	27	"B2"	25	0	3.55381229781557	0	1.57251429095052	0	5.87275272268735	81	0.402662945212033	5.5212693336402e-08	52	"B2"	2.17399980012083e-07
"s_Enterocloster_sp005845215"	"enterotype"	"Abundance"	"B1"	27	"B2"	25	0	0.366981381784785	0	0.361449580386643	0	0.297311276179346	81	0.665644092662366	5.5212693336402e-08	52	"B2"	2.17399980012083e-07
"s_Bacteroides_xylanisolvens"	"enterotype"	"Abundance"	"B1"	27	"B2"	25	3.92855698792983	31.0727940520721	2.18933677110462	28.5723028292079	5.48458436749765	20.38286644483	47	0.679478773608229	9.48142982776449e-08	52	"B2"	3.6571229335663e-07
"s_Anaerostipes_caccae"	"enterotype"	"Abundance"	"B1"	27	"B2"	25	14.3347681241052	3.32534734318214	13.6545576882582	0	6.40155533851333	4.3539237843743	625	0.706239248229121	1.17302364092935e-07	52	"B1"	4.43402936271294e-07
"s_Eubacterium_R_sp000436835"	"enterotype"	"Abundance"	"B1"	27	"B2"	25	0	0.616837184006938	0	0.406970918915223	0	0.667089091858571	94.5	0.556896576854067	1.67742668656749e-07	52	"B2"	6.21634595610306e-07
"s_Turicibacter_sp002311155"	"enterotype"	"Abundance"	"B1"	27	"B2"	25	0.136182756739457	4.230380270891	0	3.53429153200037	0.418778500281831	4.14093202611032	81.5	0.580317584881859	3.51531230359692e-07	52	"B2"	1.27768081803811e-06
"s_Alistipes_putredinis"	"enterotype"	"Abundance"	"B1"	27	"B2"	25	4.25515470416087	0.008295937665418	3.64199895316966	0	3.54905085574962	0.04147968832709	584	0.639394138858206	3.88389588167626e-07	52	"B1"	1.38501192761663e-06
"s_Enterocloster_pacaense"	"enterotype"	"Abundance"	"B1"	27	"B2"	25	0	0.286723747963324	0	0.138265627756967	0	0.427413473190786	108	0.438165401329907	4.90179097925398e-07	52	"B2"	1.68443362741637e-06
"s_Blautia_A_ammoniilytica"	"enterotype"	"Abundance"	"B1"	27	"B2"	25	0	0.383621475299634	0	0.256922411805867	0	0.424500486570762	108	0.548167849069196	4.90179097925398e-07	52	"B2"	1.68443362741637e-06
"uc_uc_k"	"enterotype"	"Abundance"	"B1"	27	"B2"	25	12.6524386488802	61.849847681191	9.00755700111613	55.6180541819947	8.89843728934198	38.2623012564192	83	0.670149587420354	5.89753303662987e-07	52	"B2"	1.99041739986258e-06
"s_Agathobaculum_hominis"	"enterotype"	"Abundance"	"B1"	27	"B2"	25	0.00472639587686335	3.5512473069709	0	2.54076911562102	0.0245590733862342	3.46375644040525	112	0.595714485893593	1.20767139896749e-06	52	"B2"	4.00438411236589e-06
"s_Bifidobacterium_globosum"	"enterotype"	"Abundance"	"B1"	27	"B2"	25	0	1.21181341116103	0	0.316234488442931	0	1.95514399933038	121.5	0.410762837349826	1.37992101272521e-06	52	"B2"	4.49663916215627e-06
"s_Alistipes_finegoldii"	"enterotype"	"Abundance"	"B1"	27	"B2"	25	0.505934422801043	0.918867381421897	0	0.655257204780876	1.59024660258205	0.737760923010053	80.5	0.163680630182001	1.60247814558279e-06	52	"B2"	5.13336219517197e-06
"s_Alistipes_shahii"	"enterotype"	"Abundance"	"B1"	27	"B2"	25	0.380268082482352	1.45562321367165	0	1.22114076519217	0.639985988907817	0.978653165224366	82	0.550124414480714	2.4018916112995e-06	52	"B2"	7.56595857559343e-06
"s_Odoribacter_splanchnicus"	"enterotype"	"Abundance"	"B1"	27	"B2"	25	0.110253688369398	0.483044974330184	0	0.422324932646925	0.168177135560183	0.305930736835974	85.5	0.608038652225323	2.54508887095547e-06	52	"B2"	7.88560322312432e-06
"s_Phocaeicola_plebeius_A"	"enterotype"	"Abundance"	"B1"	27	"B2"	25	0	7.05682825686682	0	1.7560708591029	0	11.4840054773917	135	0.407839494084228	3.74816190428569e-06	52	"B2"	1.12444857128571e-05
"s_Pseudoflavonifractor_sp902362925"	"enterotype"	"Abundance"	"B1"	27	"B2"	25	0	0.632888664073106	0	0.560998655873075	0	0.763446104214183	135	0.515523088180577	3.74816190428569e-06	52	"B2"	1.12444857128571e-05
"s_Lawsonibacter_sp000177015"	"enterotype"	"Abundance"	"B1"	27	"B2"	25	0.200253329737767	3.27813049386407	0	2.25612350168514	0.576817974599521	3.33836334084624	109	0.54972741527568	4.37621557518885e-06	52	"B2"	1.29235116204796e-05
"s_Holdemanella_porci"	"enterotype"	"Abundance"	"B1"	27	"B2"	25	0.760634335937331	0	0.562972312569758	0	0.982841870657241	0	537.5	0.475149200208284	7.84274707410763e-06	52	"B1"	2.28042953385591e-05
"s_Bacteroides_rodentium"	"enterotype"	"Abundance"	"B1"	27	"B2"	25	0	4.61571048015694	0	4.29216563610566	0	5.12786280733575	148.5	0.546660016104188	9.83832569183537e-06	52	"B2"	2.73447581728954e-05
"s_Alitiscatomonas_sp900541255"	"enterotype"	"Abundance"	"B1"	27	"B2"	25	0	3.21513399232681	0	3.30989206965114	0	3.40008797075442	148.5	0.565425174029444	9.83832569183537e-06	52	"B2"	2.73447581728954e-05
"s_Caecibacter_massiliensis"	"enterotype"	"Abundance"	"B1"	27	"B2"	25	0	0.304596640880099	0	0.133061763751449	0	0.738666996487925	148.5	0.287408260648025	9.83832569183537e-06	52	"B2"	2.73447581728954e-05
"s_Otoolea_symbiosa"	"enterotype"	"Abundance"	"B1"	27	"B2"	25	3.40614000087065	8.0270605499687	3.01165298050568	6.80029380945626	3.19894575160262	3.53934245203516	100	0.567570238387361	1.38774500296808e-05	52	"B2"	3.80121457334736e-05
"s_Christensenella_hongkongensis"	"enterotype"	"Abundance"	"B1"	27	"B2"	25	0.143567704599692	0	0.0672521322054916	0	0.180813043345672	0	525	0.484563314338484	1.85681217115341e-05	52	"B1"	4.94278169504217e-05
"s_Paramuribaculum_sp910588065"	"enterotype"	"Abundance"	"B1"	27	"B2"	25	0.221130127901918	0	0.0765899867767112	0	0.365019979365651	0	525	0.389712367925896	1.85681217115341e-05	52	"B1"	4.94278169504217e-05
"s_Prevotella_rara"	"enterotype"	"Abundance"	"B1"	27	"B2"	25	0	2.33165972267823	0	0.0936081721115538	0	3.46230167732477	162	0.439533571316136	2.49941450780986e-05	52	"B2"	6.47108687638444e-05
"s_Holdemanella_hominis"	"enterotype"	"Abundance"	"B1"	27	"B2"	25	0	0.465431256710403	0	0.0936081721115538	0	0.863808467791811	162	0.364833710635088	2.49941450780986e-05	52	"B2"	6.47108687638444e-05
"s_Anaerostipes_hadrus"	"enterotype"	"Abundance"	"B1"	27	"B2"	25	0.00708959381529503	7.51679265019556	0	8.22081256208751	0.0368386100793512	7.69639963168096	154	0.577379557423644	2.79119105650474e-05	52	"B2"	7.12885283350534e-05
"s_Allocoprobacillus_merdigallinarum"	"enterotype"	"Abundance"	"B1"	27	"B2"	25	2.68098377485592	9.36216306762275	0	10.3413061702726	4.18114609433837	5.18260459617163	117.5	0.581853773800966	3.48357575147944e-05	52	"B2"	8.77861089372819e-05
"s_UBA7173_sp001689485"	"enterotype"	"Abundance"	"B1"	27	"B2"	25	0.234406911892398	0.736619723067719	0	0.695952311016278	0.307883481140269	0.474383193770046	114	0.536893444576868	3.71641021820354e-05	52	"B2"	9.2421254110588e-05
"s_Alistipes_onderdonkii"	"enterotype"	"Abundance"	"B1"	27	"B2"	25	1.4675341235354	0.08225762002714	0.502399398479913	0	2.07549593588254	0.208074123095965	538	0.420834269989678	5.60972557428764e-05	52	"B1"	0.000137693264096151
"s_Bifidobacterium_bifidum"	"enterotype"	"Abundance"	"B1"	27	"B2"	25	0	1.47537694447892	0	0	0	3.26522354580985	175.5	0.312300997752002	6.15533946176811e-05	52	"B2"	0.000145419894784272
"s_Diplocloster_modestus"	"enterotype"	"Abundance"	"B1"	27	"B2"	25	0	0.106375648457575	0	0	0	0.136566199751705	175.5	0.492268014423478	6.15533946176811e-05	52	"B2"	0.000145419894784272
"s_Lachnospira_sp000436535"	"enterotype"	"Abundance"	"B1"	27	"B2"	25	0	0.108541815588778	0	0	0	0.146566537912695	175.5	0.473677097998762	6.15533946176811e-05	52	"B2"	0.000145419894784272
"s_Bacteroides_sp902362375"	"enterotype"	"Abundance"	"B1"	27	"B2"	25	0.00132451730780213	5.23991563334963	0	2.18384050034987	0.00688239381785292	9.27136233161081	168	0.380023011369433	7.38950550144678e-05	52	"B2"	0.000168267052984752
"s_Fusicatenibacter_saccharivorans"	"enterotype"	"Abundance"	"B1"	27	"B2"	25	0.00708959381529503	9.0177662483199	0	1.98797269212654	0.0368386100793512	12.6583545612501	168	0.459315649652259	7.38950550144678e-05	52	"B2"	0.000168267052984752
"s_Blautia_A_faecis"	"enterotype"	"Abundance"	"B1"	27	"B2"	25	0.00472639587686335	1.50256409325506	0	0.209871953645129	0.0245590733862342	3.62181749941028	168	0.288167216298951	7.38950550144678e-05	52	"B2"	0.000168267052984752
"s_Oxalobacter_aliiformigenes"	"enterotype"	"Abundance"	"B1"	27	"B2"	25	0.194624208125346	0	0	0	0.236729990699613	0	500	0.497451965080657	9.55000765546471e-05	52	"B2"	0.000212347229045039
"s_Alistipes_A_ihumii"	"enterotype"	"Abundance"	"B1"	27	"B2"	25	0.138917791597837	0	0	0	0.169428186726685	0	500	0.496449107777118	9.55000765546471e-05	52	"B2"	0.000212347229045039
"s_Muricomes_contortus_B"	"enterotype"	"Abundance"	"B1"	27	"B2"	25	5.99939759777282	2.48182621870053	5.4235392687007	2.12898822002318	3.58579309612277	1.59608582739797	539	0.532249807383736	0.000135975186736775	52	"B1"	0.000298829189456402
"s_Enterocloster_clostridioformis"	"enterotype"	"Abundance"	"B1"	27	"B2"	25	49.3634748238421	3.49978405626719	41.719979631692	2.03485459457612	40.81381345351	3.92637305226583	545.5	0.614214728990936	0.000142867167468195	52	"B1"	0.00030908558937442
"s_Prevotella_sp934191715"	"enterotype"	"Abundance"	"B1"	27	"B2"	25	0	1.46366694827242	0	0	0	3.72285450960693	189	0.27508006787174	0.000147183613987819	52	"B2"	0.00030908558937442
"s_Agathobaculum_butyriciproducens"	"enterotype"	"Abundance"	"B1"	27	"B2"	25	0	2.08393908332429	0	0	0	3.19610499785938	189	0.428203076587471	0.000147183613987819	52	"B2"	0.00030908558937442
"s_Merdimmobilis_hominis"	"enterotype"	"Abundance"	"B1"	27	"B2"	25	0	0.396001194817942	0	0	0	0.548727471353562	189	0.46427638800561	0.000147183613987819	52	"B2"	0.00030908558937442
"s_Adlercreutzia_equolifaciens"	"enterotype"	"Abundance"	"B1"	27	"B2"	25	0.0214567164847097	0.217223799891404	0	0.146339238258575	0.0646891074653035	0.253693165606082	162	0.476277410188323	0.000159607059718675	52	"B2"	0.000331491585569556
"s_Enterococcus_B_hirae"	"enterotype"	"Abundance"	"B1"	27	"B2"	25	2.75688114071543	0.314682923183832	0.699865180487152	0	6.06029356774946	0.95281357604706	529	0.268392448832615	0.000162090749051082	52	"B1"	0.000332990777941897
"s_Bacteroides_intestinigallinarum"	"enterotype"	"Abundance"	"B1"	27	"B2"	25	0	2.59685459492456	0	0	0	7.64867800208394	202.5	0.239914325166214	0.000342281806730812	52	"B2"	0.000688204909277909
"s_Cuneatibacter_caecimuris"	"enterotype"	"Abundance"	"B1"	27	"B2"	25	0	0.0992172631296809	0	0	0	0.165010247065785	202.5	0.400517754904757	0.000342281806730812	52	"B2"	0.000688204909277909
"s_Parabacteroides_merdae"	"enterotype"	"Abundance"	"B1"	27	"B2"	25	1.94154980310815	3.869142379927	1.75709156168216	3.76754408286944	1.27162721488191	1.94537967105225	145	0.511077377398551	0.000437267610198836	52	"B2"	0.000861188367288551
"s_Christensenella_massiliensis"	"enterotype"	"Abundance"	"B1"	27	"B2"	25	0.0927752425639298	0	0	0	0.136320435536999	0	475	0.429186578651736	0.000441985564163966	52	"B2"	0.000861188367288551
"s_Neobittarella_massiliensis"	"enterotype"	"Abundance"	"B1"	27	"B2"	25	0.0927649831599748	0	0	0	0.127686950457043	0	475	0.452266728413884	0.000441985564163966	52	"B2"	0.000861188367288551
"s_Bittarella_massiliensis"	"enterotype"	"Abundance"	"B1"	27	"B2"	25	0.321447282415604	0.670324168777716	0.311899366006219	0.5630999101959	0.264621132738952	0.362980248062146	150	0.48591974491954	0.000595485121567128	52	"B2"	0.00114843559159375
"s_Bacteroides_uniformis"	"enterotype"	"Abundance"	"B1"	27	"B2"	25	43.8586079206025	26.0037729698068	38.9591617137848	22.8018640477707	19.6897098671389	13.3200788512375	519	0.468687310461899	0.000666117094776377	52	"B1"	0.00127167809002763
"s_Allobaculum_stercoricanis"	"enterotype"	"Abundance"	"B1"	27	"B2"	25	0	0.937954467573523	0	0	0	1.89605908168925	216	0.338583738345696	0.000775516926457296	52	"B2"	0.00143698724608264
"s_UBA11524_sp000437595"	"enterotype"	"Abundance"	"B1"	27	"B2"	25	0	1.21117248111414	0	0	0	1.98764978729312	216	0.404999018712932	0.000775516926457296	52	"B2"	0.00143698724608264
"s_Intestinibacter_bartlettii"	"enterotype"	"Abundance"	"B1"	27	"B2"	25	0	0.335045852963606	0	0	0	0.602237610899645	216	0.375019692401388	0.000775516926457296	52	"B2"	0.00143698724608264
"s_Bacteroides_thetaiotaomicron"	"enterotype"	"Abundance"	"B1"	27	"B2"	25	45.0202089089198	26.6863181164766	44.2897099728832	23.2286254631704	21.5135481693688	10.6391393367144	507	0.473171185963583	0.00156826277903981	52	"B1"	0.00287768607027693
"s_Mediterraneibacter_faecis"	"enterotype"	"Abundance"	"B1"	27	"B2"	25	0	2.75645426238625	0	0	0	4.25390913699905	229.5	0.426040485573262	0.00171521026416192	52	"B2"	0.00305825226345852
"s_Ruminococcus_E_intestinalis"	"enterotype"	"Abundance"	"B1"	27	"B2"	25	0	0.510317609343191	0	0	0	1.11501063817998	229.5	0.315925256272989	0.00171521026416192	52	"B2"	0.00305825226345852
"s_Intestinimonas_timonensis"	"enterotype"	"Abundance"	"B1"	27	"B2"	25	0	0.118512877775267	0	0	0	0.284563050890424	229.5	0.290030382356694	0.00171521026416192	52	"B2"	0.00305825226345852
"s_Lawsonibacter_aceti"	"enterotype"	"Abundance"	"B1"	27	"B2"	25	0.13958940619531	0	0	0	0.258499127004822	0	450	0.35304238962148	0.00186222858900906	52	"B2"	0.00328935704039918
"s_Phascolarctobacterium_faecium"	"enterotype"	"Abundance"	"B1"	27	"B2"	25	17.3118187294883	23.2961476038586	16.8275307253407	22.3844587604498	5.03876931211728	7.9277622245548	174	0.41609523544252	0.00234640708742269	52	"B2"	0.0041062124029897
"s_Thomasclavelia_ramosa"	"enterotype"	"Abundance"	"B1"	27	"B2"	25	1.01105949350683	0.322948315225336	0.511305551597315	0	1.1570170124881	0.752319700975054	493	0.33246890786033	0.00240896222455233	52	"B1"	0.00417700789394854
"s_Dorea_D_sp000433535"	"enterotype"	"Abundance"	"B1"	27	"B2"	25	0.00302569052549345	3.65487826031597	0	0	0.0157219491544033	6.75225748028372	224	0.366014765473978	0.00262478259763273	52	"B2"	0.00450985373593259
"s_Anaerotruncus_colihominis"	"enterotype"	"Abundance"	"B1"	27	"B2"	25	0.0461248635083537	0.255175880401913	0	0.0833525854161068	0.114817799409446	0.366383240503099	199	0.366960968606188	0.00339969985946222	52	"B2"	0.00578867813908432
"s_Schaedlerella_glycyrrhizinilytica_A"	"enterotype"	"Abundance"	"B1"	27	"B2"	25	3.10908800718949	0	0	0	6.0647366648287	0	437.5	0.337284414988307	0.00370523015860903	52	"B2"	0.00604662622095804
"s_Akkermansia_muciniphila"	"enterotype"	"Abundance"	"B1"	27	"B2"	25	0.100066349105466	0	0	0	0.16954334967292	0	437.5	0.381184807842491	0.00370523015860903	52	"B2"	0.00604662622095804
"s_Coprobacillus_cateniformis"	"enterotype"	"Abundance"	"B1"	27	"B2"	25	0	0.254218509927923	0	0	0	0.744247045986263	243	0.241284717377948	0.00371115683402716	52	"B2"	0.00604662622095804
"s_Blautia_A_obeum"	"enterotype"	"Abundance"	"B1"	27	"B2"	25	0	0.778829143489271	0	0	0	1.84137473671876	243	0.294152480819818	0.00371115683402716	52	"B2"	0.00604662622095804
"s_Massiliimalia_timonensis"	"enterotype"	"Abundance"	"B1"	27	"B2"	25	0	0.0534420021109828	0	0	0	0.0946736343856078	243	0.379711824370635	0.00371115683402716	52	"B2"	0.00604662622095804
"s_Enterococcus_B_faecium"	"enterotype"	"Abundance"	"B1"	27	"B2"	25	0.0744490814100308	2.30850248904616	0	0	0.298439209166676	4.37817025400191	214	0.347186387213046	0.00391920682838738	52	"B2"	0.0063310264150873
"s_Enterocloster_citroniae"	"enterotype"	"Abundance"	"B1"	27	"B2"	25	0.546463177329833	0.102772106896931	0.250333771174603	0	0.681569977688717	0.20602308000275	479	0.400154937843413	0.00494048397028275	52	"B1"	0.00791314805409694
"s_Eubacterium_F_sp003491505"	"enterotype"	"Abundance"	"B1"	27	"B2"	25	0.00634128196642978	2.44391179599468	0	0	0.03295026765293	6.91384471623041	238	0.248560159922939	0.00595540179678856	52	"B2"	0.00945857932431124
"s_Faecalibacterium_prausnitzii_D"	"enterotype"	"Abundance"	"B1"	27	"B2"	25	0	8.80269754070377	0	0	0	22.8039446319692	256.5	0.270459728429921	0.00787587097182408	52	"B2"	0.011908316909398
"s_Enterococcus_faecalis"	"enterotype"	"Abundance"	"B1"	27	"B2"	25	0	0.372042416295262	0	0	0	0.981540270600387	256.5	0.265926779676673	0.00787587097182408	52	"B2"	0.011908316909398
"s_Lentihominibacter_faecis"	"enterotype"	"Abundance"	"B1"	27	"B2"	25	0	0.0383107270397092	0	0	0	0.0737147589354144	256.5	0.353577446619871	0.00787587097182408	52	"B2"	0.011908316909398
"s_Adlercreutzia_rubneri"	"enterotype"	"Abundance"	"B1"	27	"B2"	25	0	0.0616886747165404	0	0	0	0.130497144033385	256.5	0.325204033819679	0.00787587097182408	52	"B2"	0.011908316909398
"s_Prevotella_sp900313215"	"enterotype"	"Abundance"	"B1"	27	"B2"	25	0	0.0401490320462554	0	0	0	0.081787179401357	256.5	0.336289896347523	0.00787587097182408	52	"B2"	0.011908316909398
"s_Acutalibacter_stercoravium"	"enterotype"	"Abundance"	"B1"	27	"B2"	25	0	0.0503828070072652	0	0	0	0.0988233659365965	256.5	0.347685972174086	0.00787587097182408	52	"B2"	0.011908316909398
"s_Mediterraneibacter_torques"	"enterotype"	"Abundance"	"B1"	27	"B2"	25	0.607579896442909	0.0769641379241531	0	0	1.21927587516587	0.384820689620766	436	0.279569902290079	0.00907530224061468	52	"B2"	0.013612953360922
"s_Coprobacter_secundus"	"enterotype"	"Abundance"	"B1"	27	"B2"	25	0.223077289979158	0.0439609215625167	0.107285901931973	0	0.334750791111118	0.072467994537443	465.5	0.343780794278419	0.0110295483651868	52	"B1"	0.0164140522914984
"s_Escherichia_coli"	"enterotype"	"Abundance"	"B1"	27	"B2"	25	1.64672279372789	12.8180940208122	0.360587758045614	0	4.32683157453422	39.6225874021557	465.5	0.199837732710212	0.0125545727661473	52	"B1"	0.0185376113500144
"s_Megamonas_funiformis"	"enterotype"	"Abundance"	"B1"	27	"B2"	25	3.72473004723979	0	0	0	11.8713584635054	0	412.5	0.214349624730536	0.0139215074440771	52	"B2"	0.0202397300533121
"s_Victivallis_lenta"	"enterotype"	"Abundance"	"B1"	27	"B2"	25	0.0657653612008156	0	0	0	0.129824448756516	0	412.5	0.333741725640927	0.0139215074440771	52	"B2"	0.0202397300533121
"s_Faecalimonas_phoceensis"	"enterotype"	"Abundance"	"B1"	27	"B2"	25	0	0.19836254045996	0	0	0	0.428047669835517	270	0.319472875947638	0.0164487977915996	52	"B2"	0.0235516877470631
"s_Butyribacter_sp003529475"	"enterotype"	"Abundance"	"B1"	27	"B2"	25	0	0.149441985587147	0	0	0	0.335440110087424	270	0.308349377020389	0.0164487977915996	52	"B2"	0.0235516877470631
"s_Blautia_A_sp028767025"	"enterotype"	"Abundance"	"B1"	27	"B2"	25	1.91458186862684	0	0	0	5.04989017729296	0	400	0.256264963322547	0.0264332229028528	52	"B2"	0.0370065120639939
"s_Dysosmobacter_faecalis"	"enterotype"	"Abundance"	"B1"	27	"B2"	25	0.0822294223674478	0	0	0	0.192074413731703	0	400	0.286742397187788	0.0264332229028528	52	"B2"	0.0370065120639939
"s_Massilioclostridium_facile"	"enterotype"	"Abundance"	"B1"	27	"B2"	25	0.0434762619953585	0	0	0	0.100017051000331	0	400	0.29076994223759	0.0264332229028528	52	"B2"	0.0370065120639939
"s_Sellimonas_intestinalis"	"enterotype"	"Abundance"	"B1"	27	"B2"	25	1.41192913022396	0.402413367646352	0.874277718671391	0.266123527502897	1.60346602722406	0.453856297141784	458	0.390645472384581	0.0270144442395614	52	"B1"	0.037542132068214
"s_Dorea_A_longicatena"	"enterotype"	"Abundance"	"B1"	27	"B2"	25	0.00302569052549345	1.19834076859791	0	0	0.0157219491544033	3.89617257811948	266	0.217964834722925	0.0283991895717996	52	"B2"	0.0391784440078111
"s_Bacteroides_sp019412865"	"enterotype"	"Abundance"	"B1"	27	"B2"	25	0	0.630414378393236	0	0	0	1.76766278163282	283.5	0.251251090624746	0.0339665617278992	52	"B2"	0.0445811122678677
"s_Ruminococcus_C_callidus"	"enterotype"	"Abundance"	"B1"	27	"B2"	25	0	0.249618906821423	0	0	0	0.939017118009627	283.5	0.1900146839166	0.0339665617278992	52	"B2"	0.0445811122678677
"uc_g_Dorea_A"	"enterotype"	"Abundance"	"B1"	27	"B2"	25	0	0.369179382132404	0	0	0	1.22253816503469	283.5	0.214708218324995	0.0339665617278992	52	"B2"	0.0445811122678677
"s_Bifidobacterium_longum"	"enterotype"	"Abundance"	"B1"	27	"B2"	25	0	0.0389582348057955	0	0	0	0.105289241633235	283.5	0.260034646975709	0.0339665617278992	52	"B2"	0.0445811122678677
"s_Pseudoflavonifractor_A_gallinarum"	"enterotype"	"Abundance"	"B1"	27	"B2"	25	0	0.0593277886915309	0	0	0	0.156037086804066	283.5	0.266692460205147	0.0339665617278992	52	"B2"	0.0445811122678677
"s_Scatomonas_hejianensis"	"enterotype"	"Abundance"	"B1"	27	"B2"	25	0	0.0371001629055175	0	0	0	0.0926503281469151	283.5	0.279767287672674	0.0339665617278992	52	"B2"	0.0445811122678677
"s_Alistipes_communis"	"enterotype"	"Abundance"	"B1"	27	"B2"	25	0	0.033122695670416	0	0	0	0.093711371537872	283.5	0.24915129303954	0.0339665617278992	52	"B2"	0.0445811122678677
"s_Clostridium_AP_sp000509125"	"enterotype"	"Abundance"	"B1"	27	"B2"	25	3.57917210954872	2.78539943777871	3.2281023458636	1.34639677409538	1.7913925785247	3.57405529631862	452	0.14193374679962	0.0367925265774119	52	"B1"	0.0479571553319369
"s_Lactonifactor_longoviformis"	"enterotype"	"Abundance"	"B1"	27	"B2"	25	0.0152261187479466	0	0	0	0.0422222833904561	0	387.5	0.244531399476292	0.0497707826164134	52	"B2"	0.0644293007842611
"s_Eggerthella_lenta"	"enterotype"	"Abundance"	"B1"	27	"B2"	25	0.0895539645683583	0.197859253527208	0	0.152642595649021	0.134474661611386	0.247009907698949	237	0.26751383549381	0.0520842212441282	52	"B2"	0.0669654273138791
"s_Ruminococcus_C_sp000433635"	"enterotype"	"Abundance"	"B1"	27	"B2"	25	0.187493177254083	0.013061624150495	0	0	0.559303138910012	0.0653081207524753	400	0.211854232610884	0.0556325665790976	52	"B2"	0.0710442911043881
"s_Agathobaculum_ammoniilyticum"	"enterotype"	"Abundance"	"B1"	27	"B2"	25	0.0230842614660435	0.0749154634209991	0	0	0.0562299047734554	0.109058620057889	254	0.291491377851305	0.0573909040730114	52	"B2"	0.0727978581865715
"s_Anaerobutyricum_hallii"	"enterotype"	"Abundance"	"B1"	27	"B2"	25	0.00236319793843168	1.31693085344914	0	0	0.0122795366931171	2.82991135696599	280	0.320157648427479	0.0598905376929876	52	"B2"	0.0754620774931644
"s_Faecalibacterium_longum"	"enterotype"	"Abundance"	"B1"	27	"B2"	25	0.0141791876305901	4.72628461432783	0	0	0.0736772201587024	12.6426481714443	281	0.26179780313672	0.0645173138516852	52	"B2"	0.0807534590593941
"s_Clostridium_AP_scindens"	"enterotype"	"Abundance"	"B1"	27	"B2"	25	0	0.0442692506511898	0	0	0	0.133640895019961	297	0.234407355978162	0.0698707328440452	52	"B2"	0.0857504448540555
"uc_g_Lachnospira"	"enterotype"	"Abundance"	"B1"	27	"B2"	25	0	0.0141544280927767	0	0	0	0.0453311772282115	297	0.221648239579281	0.0698707328440452	52	"B2"	0.0857504448540555
"s_Anaerofustis_stercorihominis_A"	"enterotype"	"Abundance"	"B1"	27	"B2"	25	0	0.0106464552007517	0	0	0	0.0298591620048242	297	0.251197358361244	0.0698707328440452	52	"B2"	0.0857504448540555
"s_Ruthenibacterium_lactatiformans"	"enterotype"	"Abundance"	"B1"	27	"B2"	25	1.76533399360577	2.61228581503784	1.4387070210116	1.84726115984294	1.62143040486734	2.17010293464006	239	0.218840421348285	0.0726723410563236	52	"B2"	0.0886133707073881
"s_Coprobacter_fastidiosus"	"enterotype"	"Abundance"	"B1"	27	"B2"	25	2.53430278080276	3.80842505070652	2.50333771174603	3.18267785179283	2.19915277728103	3.0917322874237	257	0.234379472607626	0.142154936993254	52	"B2"	0.172226173664904
"s_Dorea_A_amylophila"	"enterotype"	"Abundance"	"B1"	27	"B2"	25	0	0.235622371821643	0	0	0	0.8411489443698	310.5	0.199823275641841	0.145240479210131	52	"B2"	0.173737028928574
"s_Staphylococcus_epidermidis"	"enterotype"	"Abundance"	"B1"	27	"B2"	25	0	0.0174159800645388	0	0	0	0.0701192121106807	310.5	0.177955619630311	0.145240479210131	52	"B2"	0.173737028928574
"s_Blautia_A_fusiformis"	"enterotype"	"Abundance"	"B1"	27	"B2"	25	0.0140863087296095	3.52050784489293	0	0	0.0538637145307603	7.65375532468143	290	0.316197400578161	0.146818330303568	52	"B2"	0.174519902058958
"s_Faecalibacterium_duncaniae"	"enterotype"	"Abundance"	"B1"	27	"B2"	25	0.00850792690375265	0	0	0	0.0372895956683548	0	362.5	0.157620085164859	0.178101930831539	52	"B2"	0.204007666225218
"s_Dysosmobacter_welbionis"	"enterotype"	"Abundance"	"B1"	27	"B2"	25	0.139280712963244	0	0	0	0.506311059214431	0	362.5	0.188959030842102	0.178101930831539	52	"B2"	0.204007666225218
"uc_g_Escherichia"	"enterotype"	"Abundance"	"B1"	27	"B2"	25	0.0395307198385532	0	0	0	0.144102421245094	0	362.5	0.188452310824001	0.178101930831539	52	"B2"	0.204007666225218
"s_Mediterraneibacter_hominis"	"enterotype"	"Abundance"	"B1"	27	"B2"	25	0.0179275268044594	0	0	0	0.0674357313401886	0	362.5	0.182829952330923	0.178101930831539	52	"B2"	0.204007666225218
"s_Enterococcus_B_mundtii"	"enterotype"	"Abundance"	"B1"	27	"B2"	25	0.0267827863126183	0	0	0	0.0983958811813137	0	362.5	0.187041726233827	0.178101930831539	52	"B2"	0.204007666225218
"s_Anaerotardibacter_sp000435675"	"enterotype"	"Abundance"	"B1"	27	"B2"	25	0.0076536508692756	0	0	0	0.0277379861734141	0	362.5	0.189513260420056	0.178101930831539	52	"B2"	0.204007666225218
"s_Flavonifractor_plautii"	"enterotype"	"Abundance"	"B1"	27	"B2"	25	2.38404180054484	2.22403010979955	2.48832889160319	1.81418775787117	1.15251621101454	1.23466740873704	405	0.0675418658616591	0.221839041619398	52	"B1"	0.252575776301604
"s_Wolbachia_sp000008385"	"enterotype"	"Abundance"	"B1"	27	"B2"	25	0.00434637030137562	0.0197780450200997	0	0	0.0225844025714731	0.0548630329918614	308	0.184991037920303	0.250385808523079	52	"B2"	0.283370765334502
"s_Alistipes_A_hominis"	"enterotype"	"Abundance"	"B1"	27	"B2"	25	0.192173558559178	0.114923865524799	0.0382949933883556	0	0.270223630892608	0.175255296632982	393	0.167337580415483	0.267913782211141	52	"B1"	0.301403004987534
"s_Parabacteroides_distasonis"	"enterotype"	"Abundance"	"B1"	27	"B2"	25	32.3096363998555	28.4269145283569	29.8956499563633	24.2100228377981	13.6822889375354	13.5280438746878	397	0.142473544882395	0.282499187191189	52	"B1"	0.31593104366352
"s_Gordonibacter_urolithinfaciens"	"enterotype"	"Abundance"	"B1"	27	"B2"	25	0.135645496897618	0.0563846715664578	0	0	0.225436544776174	0.0963342147086106	387	0.221809574887562	0.298323800929761	52	"B2"	0.331665872798381
"s_Gemmiger_formicilis"	"enterotype"	"Abundance"	"B1"	27	"B2"	25	0	0.00276531255513933	0	0	0	0.0138265627756967	324	0.144115338424578	0.3169522980561	52	"B2"	0.335970871278737
"uc_g_Collinsella"	"enterotype"	"Abundance"	"B1"	27	"B2"	25	0	0.0147576094606701	0	0	0	0.0737880473033507	324	0.144115338424579	0.3169522980561	52	"B2"	0.335970871278737
"s_Limivivens_faecihominis"	"enterotype"	"Abundance"	"B1"	27	"B2"	25	0	0.0148361487959902	0	0	0	0.0741807439799508	324	0.144115338424579	0.3169522980561	52	"B2"	0.335970871278737
"s_Streptococcus_equinus"	"enterotype"	"Abundance"	"B1"	27	"B2"	25	0	0.100467842209852	0	0	0	0.502339211049258	324	0.144115338424578	0.3169522980561	52	"B2"	0.335970871278737
"s_Lactobacillus_gasseri"	"enterotype"	"Abundance"	"B1"	27	"B2"	25	0	0.0462460341250561	0	0	0	0.23123017062528	324	0.144115338424579	0.3169522980561	52	"B2"	0.335970871278737
"s_Mediterraneibacter_faecipullorum"	"enterotype"	"Abundance"	"B1"	27	"B2"	25	0	0.0152127389634125	0	0	0	0.0760636948170623	324	0.144115338424578	0.3169522980561	52	"B2"	0.335970871278737
"s_Hominibacterium_faecale"	"enterotype"	"Abundance"	"B1"	27	"B2"	25	0	0.0108434874115993	0	0	0	0.0542174370579965	324	0.144115338424579	0.3169522980561	52	"B2"	0.335970871278737
"s_Clostridium_A_leptum"	"enterotype"	"Abundance"	"B1"	27	"B2"	25	0	0.0100023102499328	0	0	0	0.0500115512496641	324	0.144115338424579	0.3169522980561	52	"B2"	0.335970871278737
"s_Enterocloster_bolteae"	"enterotype"	"Abundance"	"B1"	27	"B2"	25	4.51289308621758	4.84748518430253	1.28994911544657	2.39460347006151	7.67045922670693	7.76742099953969	282.5	0.0218726424672693	0.318194634703142	52	"B2"	0.335970871278737
"s_Blautia_A_wexlerae"	"enterotype"	"Abundance"	"B1"	27	"B2"	25	2.61714099359086	5.19888285010898	0.293379995342855	0	4.28198062962459	8.371644017361	387	0.194407230474006	0.347782719311314	52	"B1"	0.365171855276879
"s_Ruminococcus_E_bromii_B"	"enterotype"	"Abundance"	"B1"	27	"B2"	25	0.00708959381529503	0	0	0	0.0368386100793512	0	350	0.133440128170906	0.355611061095239	52	"B2"	0.369288409598902
"s_Enterococcus_B_mundtii_B"	"enterotype"	"Abundance"	"B1"	27	"B2"	25	0.00443288088368836	0	0	0	0.0230339247433472	0	350	0.133440128170906	0.355611061095239	52	"B2"	0.369288409598902
"s_Holdemania_filiformis"	"enterotype"	"Abundance"	"B1"	27	"B2"	25	0.559417462343367	0.317390757145392	0.502399398479913	0.312790992736409	0.649705469842475	0.199527708426735	377	0.242410174659417	0.469699233647825	52	"B1"	0.485099208521524
"s_Butyricicoccus_sp900604335"	"enterotype"	"Abundance"	"B1"	27	"B2"	25	0.348165883281257	0.406915006038686	0.270321778720332	0.278216749053857	0.38169414668037	0.37422364273601	300.5	0.078154867386863	0.497513773104001	52	"B2"	0.511033169112261
"s_Lawsonibacter_asaccharolyticus"	"enterotype"	"Abundance"	"B1"	27	"B2"	25	0.501780710588495	0.0468683708090866	0	0	1.14952326919978	0.0764778545541956	359.5	0.266187766853841	0.630041709064097	52	"B2"	0.643664232503321
"s_Blautia_A_caecimuris"	"enterotype"	"Abundance"	"B1"	27	"B2"	25	34.8089710284217	21.9662758647518	0.59634851112681	2.83398790414763	59.9756091551174	37.1145046060631	317	0.127720049228343	0.709263001981633	52	"B2"	0.720702727820047
"s_Butyricimonas_paravirosa"	"enterotype"	"Abundance"	"B1"	27	"B2"	25	1.9478635011879	1.84123282708035	1.53979439989163	1.80128833439507	1.72829419067432	1.24373645584153	322	0.0354887025304837	0.783525992418544	52	"B2"	0.791905949556711
"s_Lactonifactor_sp009677585"	"enterotype"	"Abundance"	"B1"	27	"B2"	25	0.0667861685677827	0.0928747034394078	0	0	0.110816140347201	0.1681167653743	332	0.0927875517028573	0.912545867741257	52	"B2"	0.91739983512286
"s_Blautia_A_acetigignens"	"enterotype"	"Abundance"	"B1"	27	"B2"	25	0.00250297943259567	0.00273433063601533	0	0	0.0130058626426668	0.0136716531800766	336	0.00875762856182708	0.956167006701853	52	"B2"	0.956167006701853
"s_Streptococcus_salivarius_D"	"enterotype"	"Abundance"	"B1"	27	"B2"	25	0	0	0	0	0	0	337.5	NA	NA	52	"B2"	NA
"s_CAG-266_sp019117495"	"enterotype"	"Abundance"	"B1"	27	"B2"	25	0	0	0	0	0	0	337.5	NA	NA	52	"B2"	NA
"s_Eubacterium_G_ventriosum"	"enterotype"	"Abundance"	"B1"	27	"B2"	25	0	0	0	0	0	0	337.5	NA	NA	52	"B2"	NA
"s_Agathobacter_faecis"	"enterotype"	"Abundance"	"B1"	27	"B2"	25	0	0	0	0	0	0	337.5	NA	NA	52	"B2"	NA
"s_Faecalibacillus_faecis"	"enterotype"	"Abundance"	"B1"	27	"B2"	25	0	0	0	0	0	0	337.5	NA	NA	52	"B2"	NA
"s_Lachnoclostridium_A_edouardi"	"enterotype"	"Abundance"	"B1"	27	"B2"	25	0	0	0	0	0	0	337.5	NA	NA	52	"B2"	NA
"s_Alitiscatomonas_sp900066535"	"enterotype"	"Abundance"	"B1"	27	"B2"	25	0	0	0	0	0	0	337.5	NA	NA	52	"B2"	NA
"s_Enterococcus_B_lactis"	"enterotype"	"Abundance"	"B1"	27	"B2"	25	0	0	0	0	0	0	337.5	NA	NA	52	"B2"	NA
"s_Roseburia_hominis"	"enterotype"	"Abundance"	"B1"	27	"B2"	25	0	0	0	0	0	0	337.5	NA	NA	52	"B2"	NA
"s_Bifidobacterium_adolescentis"	"enterotype"	"Abundance"	"B1"	27	"B2"	25	0	0	0	0	0	0	337.5	NA	NA	52	"B2"	NA
"s_Hominilimicola_fabiformis"	"enterotype"	"Abundance"	"B1"	27	"B2"	25	0	0	0	0	0	0	337.5	NA	NA	52	"B2"	NA
"s_Gemmiger_qucibialis"	"enterotype"	"Abundance"	"B1"	27	"B2"	25	0	0	0	0	0	0	337.5	NA	NA	52	"B2"	NA
"s_Enterobacter_hoffmannii"	"enterotype"	"Abundance"	"B1"	27	"B2"	25	0	0	0	0	0	0	337.5	NA	NA	52	"B2"	NA
"uc_g_Streptococcus"	"enterotype"	"Abundance"	"B1"	27	"B2"	25	0	0	0	0	0	0	337.5	NA	NA	52	"B2"	NA
"s_Roseburia_inulinivorans"	"enterotype"	"Abundance"	"B1"	27	"B2"	25	0	0	0	0	0	0	337.5	NA	NA	52	"B2"	NA
"s_Hominiventricola_filiformis"	"enterotype"	"Abundance"	"B1"	27	"B2"	25	0	0	0	0	0	0	337.5	NA	NA	52	"B2"	NA
"s_Dysosmobacter_sp900115635"	"enterotype"	"Abundance"	"B1"	27	"B2"	25	0	0	0	0	0	0	337.5	NA	NA	52	"B2"	NA
"s_Agathobacter_rectalis"	"enterotype"	"Abundance"	"B1"	27	"B2"	25	0	0	0	0	0	0	337.5	NA	NA	52	"B2"	NA
"s_Anaerotignum_faecicola"	"enterotype"	"Abundance"	"B1"	27	"B2"	25	0	0	0	0	0	0	337.5	NA	NA	52	"B2"	NA
"s_Alitiscatomonas_sp900066055"	"enterotype"	"Abundance"	"B1"	27	"B2"	25	0	0	0	0	0	0	337.5	NA	NA	52	"B2"	NA
"s_Choladousia_sp902363665"	"enterotype"	"Abundance"	"B1"	27	"B2"	25	0	0	0	0	0	0	337.5	NA	NA	52	"B2"	NA
"s_Lachnoclostridium_B_faecipullorum"	"enterotype"	"Abundance"	"B1"	27	"B2"	25	0	0	0	0	0	0	337.5	NA	NA	52	"B2"	NA
"s_Hominiventricola_sp018223365"	"enterotype"	"Abundance"	"B1"	27	"B2"	25	0	0	0	0	0	0	337.5	NA	NA	52	"B2"	NA
"s_Dorea_formicigenerans"	"enterotype"	"Abundance"	"B1"	27	"B2"	25	0	0	0	0	0	0	337.5	NA	NA	52	"B2"	NA
"s_Gallintestinimicrobium_propionicum"	"enterotype"	"Abundance"	"B1"	27	"B2"	25	0	0	0	0	0	0	337.5	NA	NA	52	"B2"	NA
"s_Acetatifactor_acetigignens"	"enterotype"	"Abundance"	"B1"	27	"B2"	25	0	0	0	0	0	0	337.5	NA	NA	52	"B2"	NA
"s_Anthropogastromicrobium_aceti"	"enterotype"	"Abundance"	"B1"	27	"B2"	25	0	0	0	0	0	0	337.5	NA	NA	52	"B2"	NA
"s_Eubacterium_I_ramulus"	"enterotype"	"Abundance"	"B1"	27	"B2"	25	0	0	0	0	0	0	337.5	NA	NA	52	"B2"	NA
"s_Collinsella_aerofaciens_AO"	"enterotype"	"Abundance"	"B1"	27	"B2"	25	0	0	0	0	0	0	337.5	NA	NA	52	"B2"	NA
"s_Enterocloster_sp001517625"	"enterotype"	"Abundance"	"B1"	27	"B2"	25	0	0	0	0	0	0	337.5	NA	NA	52	"B2"	NA
"s_Gemmiger_sp900540595"	"enterotype"	"Abundance"	"B1"	27	"B2"	25	0	0	0	0	0	0	337.5	NA	NA	52	"B2"	NA
"s_Dialister_invisus"	"enterotype"	"Abundance"	"B1"	27	"B2"	25	0	0	0	0	0	0	337.5	NA	NA	52	"B2"	NA
"s_Romboutsia_timonensis"	"enterotype"	"Abundance"	"B1"	27	"B2"	25	0	0	0	0	0	0	337.5	NA	NA	52	"B2"	NA
"s_CAG-302_sp001916775"	"enterotype"	"Abundance"	"B1"	27	"B2"	25	0	0	0	0	0	0	337.5	NA	NA	52	"B2"	NA
"s_Blautia_A_sp900066335"	"enterotype"	"Abundance"	"B1"	27	"B2"	25	0	0	0	0	0	0	337.5	NA	NA	52	"B2"	NA
"s_Dorea_D_hominis"	"enterotype"	"Abundance"	"B1"	27	"B2"	25	0	0	0	0	0	0	337.5	NA	NA	52	"B2"	NA
"s_Acetatifactor_intestinalis"	"enterotype"	"Abundance"	"B1"	27	"B2"	25	0	0	0	0	0	0	337.5	NA	NA	52	"B2"	NA
"s_Sarcina_perfringens"	"enterotype"	"Abundance"	"B1"	27	"B2"	25	0	0	0	0	0	0	337.5	NA	NA	52	"B2"	NA
"s_Mediterraneibacter_lactaris"	"enterotype"	"Abundance"	"B1"	27	"B2"	25	0	0	0	0	0	0	337.5	NA	NA	52	"B2"	NA
"s_Streptococcus_mutans"	"enterotype"	"Abundance"	"B1"	27	"B2"	25	0	0	0	0	0	0	337.5	NA	NA	52	"B2"	NA
"s_Streptococcus_parasanguinis"	"enterotype"	"Abundance"	"B1"	27	"B2"	25	0	0	0	0	0	0	337.5	NA	NA	52	"B2"	NA
"s_Enterococcus_D_casseliflavus"	"enterotype"	"Abundance"	"B1"	27	"B2"	25	0	0	0	0	0	0	337.5	NA	NA	52	"B2"	NA
"s_Streptococcus_parasanguinis_R"	"enterotype"	"Abundance"	"B1"	27	"B2"	25	0	0	0	0	0	0	337.5	NA	NA	52	"B2"	NA
"s_Bariatricus_comes"	"enterotype"	"Abundance"	"B1"	27	"B2"	25	0	0	0	0	0	0	337.5	NA	NA	52	"B2"	NA
"s_Negativibacillus_massiliensis"	"enterotype"	"Abundance"	"B1"	27	"B2"	25	0	0	0	0	0	0	337.5	NA	NA	52	"B2"	NA
"s_Faecalibacterium_sp900539945"	"enterotype"	"Abundance"	"B1"	27	"B2"	25	0	0	0	0	0	0	337.5	NA	NA	52	"B2"	NA
"s_Oliverpabstia_faecicola"	"enterotype"	"Abundance"	"B1"	27	"B2"	25	0	0	0	0	0	0	337.5	NA	NA	52	"B2"	NA
"s_Faecalibacterium_prausnitzii_J"	"enterotype"	"Abundance"	"B1"	27	"B2"	25	0	0	0	0	0	0	337.5	NA	NA	52	"B2"	NA
"s_Streptococcus_sp902363395"	"enterotype"	"Abundance"	"B1"	27	"B2"	25	0	0	0	0	0	0	337.5	NA	NA	52	"B2"	NA
"s_Blautia_A_sp900066205"	"enterotype"	"Abundance"	"B1"	27	"B2"	25	0	0	0	0	0	0	337.5	NA	NA	52	"B2"	NA
"s_Blautia_A_difficilis"	"enterotype"	"Abundance"	"B1"	27	"B2"	25	0	0	0	0	0	0	337.5	NA	NA	52	"B2"	NA
"s_Lachnoclostridium_B_ammoniilytica"	"enterotype"	"Abundance"	"B1"	27	"B2"	25	0	0	0	0	0	0	337.5	NA	NA	52	"B2"	NA
"s_Clostridium_lentum"	"enterotype"	"Abundance"	"B1"	27	"B2"	25	0	0	0	0	0	0	337.5	NA	NA	52	"B2"	NA
"s_Coprococcus_aceti"	"enterotype"	"Abundance"	"B1"	27	"B2"	25	0	0	0	0	0	0	337.5	NA	NA	52	"B2"	NA
"s_Hominiventricola_sp003480725"	"enterotype"	"Abundance"	"B1"	27	"B2"	25	0	0	0	0	0	0	337.5	NA	NA	52	"B2"	NA
"s_Thomasclavelia_spiroformis"	"enterotype"	"Abundance"	"B1"	27	"B2"	25	0	0	0	0	0	0	337.5	NA	NA	52	"B2"	NA
"s_Clostridium_saudiense"	"enterotype"	"Abundance"	"B1"	27	"B2"	25	0	0	0	0	0	0	337.5	NA	NA	52	"B2"	NA
"s_Ruminococcus_B_gnavus"	"enterotype"	"Abundance"	"B1"	27	"B2"	25	0	0	0	0	0	0	337.5	NA	NA	52	"B2"	NA
"s_Roseburia_B_zhanii"	"enterotype"	"Abundance"	"B1"	27	"B2"	25	0	0	0	0	0	0	337.5	NA	NA	52	"B2"	NA
"s_Blautia_A_intestinalis"	"enterotype"	"Abundance"	"B1"	27	"B2"	25	0	0	0	0	0	0	337.5	NA	NA	52	"B2"	NA
"s_Lactiplantibacillus_plantarum"	"enterotype"	"Abundance"	"B1"	27	"B2"	25	0	0	0	0	0	0	337.5	NA	NA	52	"B2"	NA
"s_CAG-302_sp934162325"	"enterotype"	"Abundance"	"B1"	27	"B2"	25	0	0	0	0	0	0	337.5	NA	NA	52	"B2"	NA
"s_Agathobaculum_sp900544475"	"enterotype"	"Abundance"	"B1"	27	"B2"	25	0	0	0	0	0	0	337.5	NA	NA	52	"B2"	NA
"s_Blautia_A_sp900120195"	"enterotype"	"Abundance"	"B1"	27	"B2"	25	0	0	0	0	0	0	337.5	NA	NA	52	"B2"	NA
"s_Turicibacter_bilis"	"enterotype"	"Abundance"	"B1"	27	"B2"	25	0	0	0	0	0	0	337.5	NA	NA	52	"B2"	NA
"s_Wujia_chipingensis"	"enterotype"	"Abundance"	"B1"	27	"B2"	25	0	0	0	0	0	0	337.5	NA	NA	52	"B2"	NA
"s_Faecalibacterium_prausnitzii"	"enterotype"	"Abundance"	"B1"	27	"B2"	25	0	0	0	0	0	0	337.5	NA	NA	52	"B2"	NA
"s_Cryptobacteroides_sp004554455"	"enterotype"	"Abundance"	"B1"	27	"B2"	25	0	0	0	0	0	0	337.5	NA	NA	52	"B2"	NA
"s_Roseburia_intestinalis"	"enterotype"	"Abundance"	"B1"	27	"B2"	25	0	0	0	0	0	0	337.5	NA	NA	52	"B2"	NA
"s_Brotaphodocola_sp003478505"	"enterotype"	"Abundance"	"B1"	27	"B2"	25	0	0	0	0	0	0	337.5	NA	NA	52	"B2"	NA
"s_Anaerotardibacter_sp000436075"	"enterotype"	"Abundance"	"B1"	27	"B2"	25	0	0	0	0	0	0	337.5	NA	NA	52	"B2"	NA
"s_Dysosmobacter_sp018228705"	"enterotype"	"Abundance"	"B1"	27	"B2"	25	0	0	0	0	0	0	337.5	NA	NA	52	"B2"	NA
"s_Enterocloster_sp900541315"	"enterotype"	"Abundance"	"B1"	27	"B2"	25	0	0	0	0	0	0	337.5	NA	NA	52	"B2"	NA
"s_Streptococcus_thermophilus"	"enterotype"	"Abundance"	"B1"	27	"B2"	25	0	0	0	0	0	0	337.5	NA	NA	52	"B2"	NA
"s_Anaerobutyricum_soehngenii"	"enterotype"	"Abundance"	"B1"	27	"B2"	25	0	0	0	0	0	0	337.5	NA	NA	52	"B2"	NA
"s_Alloscardovia_omnicolens"	"enterotype"	"Abundance"	"B1"	27	"B2"	25	0	0	0	0	0	0	337.5	NA	NA	52	"B2"	NA
"s_Intestinibacter_sp900540355"	"enterotype"	"Abundance"	"B1"	27	"B2"	25	0	0	0	0	0	0	337.5	NA	NA	52	"B2"	NA
"s_Turicibacter_sanguinis"	"enterotype"	"Abundance"	"B1"	27	"B2"	25	0	0	0	0	0	0	337.5	NA	NA	52	"B2"	NA
"s_Coprococcus_A_catus_A"	"enterotype"	"Abundance"	"B1"	27	"B2"	25	0	0	0	0	0	0	337.5	NA	NA	52	"B2"	NA
"s_Terrisporobacter_sp022782605"	"enterotype"	"Abundance"	"B1"	27	"B2"	25	0	0	0	0	0	0	337.5	NA	NA	52	"B2"	NA
"s_Streptococcus_sp905221415"	"enterotype"	"Abundance"	"B1"	27	"B2"	25	0	0	0	0	0	0	337.5	NA	NA	52	"B2"	NA
"uc_g_Oliverpabstia"	"enterotype"	"Abundance"	"B1"	27	"B2"	25	0	0	0	0	0	0	337.5	NA	NA	52	"B2"	NA
"s_CAG-103_sp934589185"	"enterotype"	"Abundance"	"B1"	27	"B2"	25	0	0	0	0	0	0	337.5	NA	NA	52	"B2"	NA
"s_Streptococcus_oralis"	"enterotype"	"Abundance"	"B1"	27	"B2"	25	0	0	0	0	0	0	337.5	NA	NA	52	"B2"	NA
"s_Blautia_A_sp900548245"	"enterotype"	"Abundance"	"B1"	27	"B2"	25	0	0	0	0	0	0	337.5	NA	NA	52	"B2"	NA
"s_Streptococcus_sanguinis_K"	"enterotype"	"Abundance"	"B1"	27	"B2"	25	0	0	0	0	0	0	337.5	NA	NA	52	"B2"	NA
"s_Slackia_piriformis"	"enterotype"	"Abundance"	"B1"	27	"B2"	25	0	0	0	0	0	0	337.5	NA	NA	52	"B2"	NA
"s_Pauljensenia_variabilis"	"enterotype"	"Abundance"	"B1"	27	"B2"	25	0	0	0	0	0	0	337.5	NA	NA	52	"B2"	NA
"s_Megasphaera_massiliensis"	"enterotype"	"Abundance"	"B1"	27	"B2"	25	0	0	0	0	0	0	337.5	NA	NA	52	"B2"	NA
"s_Mycobacterium_tuberculosis"	"enterotype"	"Abundance"	"B1"	27	"B2"	25	0	0	0	0	0	0	337.5	NA	NA	52	"B2"	NA
"s_Streptococcus_massiliensis"	"enterotype"	"Abundance"	"B1"	27	"B2"	25	0	0	0	0	0	0	337.5	NA	NA	52	"B2"	NA
"s_Dialister_hominis"	"enterotype"	"Abundance"	"B1"	27	"B2"	25	0	0	0	0	0	0	337.5	NA	NA	52	"B2"	NA
"s_Roseburia_rectibacter"	"enterotype"	"Abundance"	"B1"	27	"B2"	25	0	0	0	0	0	0	337.5	NA	NA	52	"B2"	NA
"s_Clostridium_cuniculi"	"enterotype"	"Abundance"	"B1"	27	"B2"	25	0	0	0	0	0	0	337.5	NA	NA	52	"B2"	NA
"s_Streptococcus_sp900550895"	"enterotype"	"Abundance"	"B1"	27	"B2"	25	0	0	0	0	0	0	337.5	NA	NA	52	"B2"	NA
"s_Collinsella_sp008014645"	"enterotype"	"Abundance"	"B1"	27	"B2"	25	0	0	0	0	0	0	337.5	NA	NA	52	"B2"	NA
"s_Gemella_haemolysans_D"	"enterotype"	"Abundance"	"B1"	27	"B2"	25	0	0	0	0	0	0	337.5	NA	NA	52	"B2"	NA
"s_Harryflintia_acetispora"	"enterotype"	"Abundance"	"B1"	27	"B2"	25	0	0	0	0	0	0	337.5	NA	NA	52	"B2"	NA
"s_Blautia_A_luti"	"enterotype"	"Abundance"	"B1"	27	"B2"	25	0	0	0	0	0	0	337.5	NA	NA	52	"B2"	NA
"s_Streptococcus_parasanguinis_F"	"enterotype"	"Abundance"	"B1"	27	"B2"	25	0	0	0	0	0	0	337.5	NA	NA	52	"B2"	NA
"s_Streptococcus_sp000187445"	"enterotype"	"Abundance"	"B1"	27	"B2"	25	0	0	0	0	0	0	337.5	NA	NA	52	"B2"	NA
"s_CAG-177_sp003514385"	"enterotype"	"Abundance"	"B1"	27	"B2"	25	0	0	0	0	0	0	337.5	NA	NA	52	"B2"	NA
"s_Absicoccus_porci"	"enterotype"	"Abundance"	"B1"	27	"B2"	25	0	0	0	0	0	0	337.5	NA	NA	52	"B2"	NA
"s_Streptococcus_agalactiae"	"enterotype"	"Abundance"	"B1"	27	"B2"	25	0	0	0	0	0	0	337.5	NA	NA	52	"B2"	NA
"s_Hominisplanchenecus_faecis"	"enterotype"	"Abundance"	"B1"	27	"B2"	25	0	0	0	0	0	0	337.5	NA	NA	52	"B2"	NA
"s_Pauljensenia_sp001064145"	"enterotype"	"Abundance"	"B1"	27	"B2"	25	0	0	0	0	0	0	337.5	NA	NA	52	"B2"	NA
"s_Merdimorpha_sp002314265"	"enterotype"	"Abundance"	"B1"	27	"B2"	25	0	0	0	0	0	0	337.5	NA	NA	52	"B2"	NA
"s_Anaerosalibacter_bizertensis"	"enterotype"	"Abundance"	"B1"	27	"B2"	25	0	0	0	0	0	0	337.5	NA	NA	52	"B2"	NA
"s_Streptococcus_hominis"	"enterotype"	"Abundance"	"B1"	27	"B2"	25	0	0	0	0	0	0	337.5	NA	NA	52	"B2"	NA
"s_Gemella_sanguinis"	"enterotype"	"Abundance"	"B1"	27	"B2"	25	0	0	0	0	0	0	337.5	NA	NA	52	"B2"	NA
"s_Solibaculum_mannosilyticum"	"enterotype"	"Abundance"	"B1"	27	"B2"	25	0	0	0	0	0	0	337.5	NA	NA	52	"B2"	NA
"s_Bacillus_spizizenii"	"enterotype"	"Abundance"	"B1"	27	"B2"	25	0	0	0	0	0	0	337.5	NA	NA	52	"B2"	NA
"s_Bacteroides_faecis"	"enterotype"	"Abundance"	"B1"	27	"B2"	25	0	0	0	0	0	0	337.5	NA	NA	52	"B2"	NA
"s_Otoolea_fessa"	"enterotype"	"Abundance"	"B1"	27	"B2"	25	0	0	0	0	0	0	337.5	NA	NA	52	"B2"	NA
"s_Blautia_A_hydrogenotrophica"	"enterotype"	"Abundance"	"B1"	27	"B2"	25	0	0	0	0	0	0	337.5	NA	NA	52	"B2"	NA
"s_Pseudomonas_E_cremoris"	"enterotype"	"Abundance"	"B1"	27	"B2"	25	0	0	0	0	0	0	337.5	NA	NA	52	"B2"	NA
"s_Limosilactobacillus_fermentum"	"enterotype"	"Abundance"	"B1"	27	"B2"	25	0	0	0	0	0	0	337.5	NA	NA	52	"B2"	NA
"s_Peptostreptococcus_stomatis"	"enterotype"	"Abundance"	"B1"	27	"B2"	25	0	0	0	0	0	0	337.5	NA	NA	52	"B2"	NA
"s_Lentihominibacter_butyrica"	"enterotype"	"Abundance"	"B1"	27	"B2"	25	0	0	0	0	0	0	337.5	NA	NA	52	"B2"	NA
"s_Methylobacterium_sp022829465"	"enterotype"	"Abundance"	"B1"	27	"B2"	25	0	0	0	0	0	0	337.5	NA	NA	52	"B2"	NA
"s_Bradyrhizobium_sp003020075"	"enterotype"	"Abundance"	"B1"	27	"B2"	25	0	0	0	0	0	0	337.5	NA	NA	52	"B2"	NA
"s_Enterocloster_sp000431375"	"enterotype"	"Abundance"	"B1"	27	"B2"	25	0	0	0	0	0	0	337.5	NA	NA	52	"B2"	NA
"s_Veillonella_hominis"	"enterotype"	"Abundance"	"B1"	27	"B2"	25	0	0	0	0	0	0	337.5	NA	NA	52	"B2"	NA
"s_Salmonella_enterica"	"enterotype"	"Abundance"	"B1"	27	"B2"	25	0	0	0	0	0	0	337.5	NA	NA	52	"B2"	NA
"s_CAG-349_sp003539515"	"enterotype"	"Abundance"	"B1"	27	"B2"	25	0	0	0	0	0	0	337.5	NA	NA	52	"B2"	NA
"s_Veillonella_parvula_A"	"enterotype"	"Abundance"	"B1"	27	"B2"	25	0	0	0	0	0	0	337.5	NA	NA	52	"B2"	NA
"s_Klebsiella_ornithinolytica"	"enterotype"	"Abundance"	"B1"	27	"B2"	25	0	0	0	0	0	0	337.5	NA	NA	52	"B2"	NA
"s_Alitiscatomonas_sp900066785"	"enterotype"	"Abundance"	"B1"	27	"B2"	25	0	0	0	0	0	0	337.5	NA	NA	52	"B2"	NA
"s_Eubacterium_callanderi"	"enterotype"	"Abundance"	"B1"	27	"B2"	25	0	0	0	0	0	0	337.5	NA	NA	52	"B2"	NA
"s_UBA11452_sp003526375"	"enterotype"	"Abundance"	"B1"	27	"B2"	25	0	0	0	0	0	0	337.5	NA	NA	52	"B2"	NA
"s_Staphylococcus_equorum_A"	"enterotype"	"Abundance"	"B1"	27	"B2"	25	0	0	0	0	0	0	337.5	NA	NA	52	"B2"	NA
"s_Staphylococcus_equorum"	"enterotype"	"Abundance"	"B1"	27	"B2"	25	0	0	0	0	0	0	337.5	NA	NA	52	"B2"	NA
"s_Staphylococcus_aureus"	"enterotype"	"Abundance"	"B1"	27	"B2"	25	0	0	0	0	0	0	337.5	NA	NA	52	"B2"	NA
"s_Blautia_A_sp905206915"	"enterotype"	"Abundance"	"B1"	27	"B2"	25	0	0	0	0	0	0	337.5	NA	NA	52	"B2"	NA
"s_Listeria_monocytogenes_B"	"enterotype"	"Abundance"	"B1"	27	"B2"	25	0	0	0	0	0	0	337.5	NA	NA	52	"B2"	NA
"s_Sphingomonas_sp000797515"	"enterotype"	"Abundance"	"B1"	27	"B2"	25	0	0	0	0	0	0	337.5	NA	NA	52	"B2"	NA
"s_Eisenbergiella_porci"	"enterotype"	"Abundance"	"B1"	27	"B2"	25	0	0	0	0	0	0	337.5	NA	NA	52	"B2"	NA
"s_CAG-307_sp900547045"	"enterotype"	"Abundance"	"B1"	27	"B2"	25	0	0	0	0	0	0	337.5	NA	NA	52	"B2"	NA
"s_CAG-345_sp000433315"	"enterotype"	"Abundance"	"B1"	27	"B2"	25	0	0	0	0	0	0	337.5	NA	NA	52	"B2"	NA
"s_Clostridium_paraputrificum"	"enterotype"	"Abundance"	"B1"	27	"B2"	25	0	0	0	0	0	0	337.5	NA	NA	52	"B2"	NA
"s_Friedmanniella_luteola"	"enterotype"	"Abundance"	"B1"	27	"B2"	25	0	0	0	0	0	0	337.5	NA	NA	52	"B2"	NA
"s_Pseudomonas_aeruginosa"	"enterotype"	"Abundance"	"B1"	27	"B2"	25	0	0	0	0	0	0	337.5	NA	NA	52	"B2"	NA
"s_Desulfovibrio_piger_A"	"enterotype"	"Abundance"	"B1"	27	"B2"	25	0	0	0	0	0	0	337.5	NA	NA	52	"B2"	NA
"s_Sutterella_wadsworthensis_A"	"enterotype"	"Abundance"	"B1"	27	"B2"	25	0	0	0	0	0	0	337.5	NA	NA	52	"B2"	NA
"s_Collinsella_stercoripullorum"	"enterotype"	"Abundance"	"B1"	27	"B2"	25	0	0	0	0	0	0	337.5	NA	NA	52	"B2"	NA
"s_Pelomonas_aquatica"	"enterotype"	"Abundance"	"B1"	27	"B2"	25	0	0	0	0	0	0	337.5	NA	NA	52	"B2"	NA
"s_Protoclostridium_sp910587025"	"enterotype"	"Abundance"	"B1"	27	"B2"	25	0	0	0	0	0	0	337.5	NA	NA	52	"B2"	NA
"s_Ureibacillus_sp005491425"	"enterotype"	"Abundance"	"B1"	27	"B2"	25	0	0	0	0	0	0	337.5	NA	NA	52	"B2"	NA
"s_Bifidobacterium_pseudocatenulatum"	"enterotype"	"Abundance"	"B1"	27	"B2"	25	0	0	0	0	0	0	337.5	NA	NA	52	"B2"	NA
"s_Listeria_monocytogenes"	"enterotype"	"Abundance"	"B1"	27	"B2"	25	0	0	0	0	0	0	337.5	NA	NA	52	"B2"	NA
"s_Marmoricola_sp001424755"	"enterotype"	"Abundance"	"B1"	27	"B2"	25	0	0	0	0	0	0	337.5	NA	NA	52	"B2"	NA
"s_Parabacteroides_goldsteinii"	"enterotype"	"Abundance"	"B1"	27	"B2"	25	0	0	0	0	0	0	337.5	NA	NA	52	"B2"	NA
"s_Lautropia_mirabilis"	"enterotype"	"Abundance"	"B1"	27	"B2"	25	0	0	0	0	0	0	337.5	NA	NA	52	"B2"	NA
"s_Absicoccus_sp000434355"	"enterotype"	"Abundance"	"B1"	27	"B2"	25	0	0	0	0	0	0	337.5	NA	NA	52	"B2"	NA
"s_JABXKX01_sp022496765"	"enterotype"	"Abundance"	"B1"	27	"B2"	25	0	0	0	0	0	0	337.5	NA	NA	52	"B2"	NA
"s_Macrococcus_B_bohemicus"	"enterotype"	"Abundance"	"B1"	27	"B2"	25	0	0	0	0	0	0	337.5	NA	NA	52	"B2"	NA
"s_Instestinimonas_A_celer"	"enterotype"	"Abundance"	"B1"	27	"B2"	25	0	0	0	0	0	0	337.5	NA	NA	52	"B2"	NA
"s_Intestinimonas_butyriciproducens"	"enterotype"	"Abundance"	"B1"	27	"B2"	25	0	0	0	0	0	0	337.5	NA	NA	52	"B2"	NA
